{
  "dependencies": {
    "appInsights1": {
      "resourceId": "/subscriptions/[parameters('subscriptionId')]/resourceGroups/[parameters('resourceGroup')]/providers/microsoft.insights/components/ai-cng-qa-uks",
      "type": "appInsights.azure",
      "connectionId": "APPINSIGHTS_INSTRUMENTATIONKEY",
      "secretStore": "AzureAppSettings"
    },
    "signalr1": {
      "resourceId": "/subscriptions/[parameters('subscriptionId')]/resourceGroups/[parameters('resourceGroup1')]/providers/Microsoft.SignalRService/SignalR/sigr-dti-qa-uks",
      "type": "signalr.azure",
      "connectionId": "Azure__SignalR__ConnectionString",
      "secretStore": "AzureAppSettings"
    }
  }
}