{
    "ReportName":  "vmaudit4301498f-fd7d-4294-9b53-595cab07fcf1",
    "Content":  [
                    {
                        "Subscription Name":  "New Signature - GMS - Service Delivery - DriveTrain",
                        "Subscription ID":  "28fe843b-a2d0-4f2a-97b4-cbd2a52a968e",
                        "VM Name":  "dtdevopsagent1",
                        "RG":  "RG-DEVOPS-BUILDAGENTS-DRIVETRAIN",
                        "Location":  "uksouth",
                        "Size":  "Standard_DS1_v2",
                        "OS version":  0,
                        "OS type":  "2016-Datacenter-Server-Core-smalldisk",
                        "Power State":  "VM running",
                        "NIC-0-Vnet":  "RG-DevOps-BuildAgents-DriveTrain-vnet",
                        "NIC-0-Subnet":  "default}",
                        "NIC-0-PrivateIpAddress":  "10.0.1.7",
                        "NIC-0-PublicIpAddress":  "51.104.216.104",
                        "AvailabilitySet":  "AS-DEVOPS-BUILDAGENTS-DRIVETRAIN",
                        "osDisk":  "Managed Disk"
                    },
                    {
                        "Subscription Name":  "New Signature - GMS - Service Delivery - DriveTrain",
                        "Subscription ID":  "28fe843b-a2d0-4f2a-97b4-cbd2a52a968e",
                        "VM Name":  "dtdevopsagent2",
                        "RG":  "RG-DEVOPS-BUILDAGENTS-DRIVETRAIN",
                        "Location":  "uksouth",
                        "Size":  "Standard_DS1_v2",
                        "OS version":  0,
                        "OS type":  "2016-Datacenter-Server-Core-smalldisk",
                        "Power State":  "VM running",
                        "NIC-0-Vnet":  "RG-DevOps-BuildAgents-DriveTrain-vnet",
                        "NIC-0-Subnet":  "default}",
                        "NIC-0-PrivateIpAddress":  "10.0.1.8",
                        "NIC-0-PublicIpAddress":  "51.104.216.107",
                        "AvailabilitySet":  "AS-DEVOPS-BUILDAGENTS-DRIVETRAIN",
                        "osDisk":  "Managed Disk"
                    },
                    {
                        "Subscription Name":  "New Signature - GMS - Service Delivery - DriveTrain",
                        "Subscription ID":  "28fe843b-a2d0-4f2a-97b4-cbd2a52a968e",
                        "VM Name":  "dtdevopsagent3",
                        "RG":  "RG-DEVOPS-BUILDAGENTS-DRIVETRAIN",
                        "Location":  "uksouth",
                        "Size":  "Standard_DS1_v2",
                        "OS version":  0,
                        "OS type":  "2016-Datacenter-Server-Core-smalldisk",
                        "Power State":  "VM running",
                        "NIC-0-Vnet":  "RG-DevOps-BuildAgents-DriveTrain-vnet",
                        "NIC-0-Subnet":  "default}",
                        "NIC-0-PrivateIpAddress":  "10.0.1.9",
                        "NIC-0-PublicIpAddress":  "51.105.37.26",
                        "AvailabilitySet":  "AS-DEVOPS-BUILDAGENTS-DRIVETRAIN",
                        "osDisk":  "Managed Disk"
                    },
                    {
                        "Subscription Name":  "MSDN - Test Subscription - Kudzai Nyatsine",
                        "Subscription ID":  "73cabe98-7c21-4f5f-9960-7f353ba76d04",
                        "VM Name":  "SimpleWinVM",
                        "RG":  "POLICYRG",
                        "Location":  "westeurope",
                        "Size":  "Standard_A2_v2",
                        "OS version":  0,
                        "OS type":  "2016-Datacenter",
                        "Power State":  "VM running",
                        "NIC-0-Vnet":  "MyVNET",
                        "NIC-0-Subnet":  "Subnet}",
                        "NIC-0-PrivateIpAddress":  "10.0.0.4",
                        "NIC-0-PublicIpAddress":  "104.45.52.167",
                        "AvailabilitySet":  "",
                        "osDisk":  "Managed Disk",
                        "dataDisk-0":  "Managed Disk"
                    },
                    {
                        "Subscription Name":  "New Signature - GMS - CMP QA",
                        "Subscription ID":  "a796a3fe-dffd-4ae7-9aee-f76574986de6",
                        "VM Name":  "cmpqapi01",
                        "RG":  "CMPQRG01",
                        "Location":  "eastus2",
                        "Size":  "Standard_A2m_v2",
                        "OS version":  0,
                        "OS type":  null,
                        "Power State":  "VM running",
                        "NIC-0-Vnet":  "cmpqvnet01",
                        "NIC-0-Subnet":  "core}",
                        "NIC-0-PrivateIpAddress":  "172.16.100.21",
                        "NIC-0-PublicIpAddress":  "40.84.5.55",
                        "AvailabilitySet":  "",
                        "osDisk":  "cmpqstor01.blob.core.windows.net"
                    },
                    {
                        "Subscription Name":  "New Signature - GMS - CMP QA",
                        "Subscription ID":  "a796a3fe-dffd-4ae7-9aee-f76574986de6",
                        "VM Name":  "cmpqweb01",
                        "RG":  "CMPQRG01",
                        "Location":  "eastus2",
                        "Size":  "Standard_F2",
                        "OS version":  0,
                        "OS type":  null,
                        "Power State":  "VM deallocated",
                        "NIC-0-Vnet":  "cmpqvnet01",
                        "NIC-0-Subnet":  "core}",
                        "NIC-0-PrivateIpAddress":  "172.16.100.11",
                        "NIC-0-PublicIpAddress":  null,
                        "AvailabilitySet":  "",
                        "osDisk":  "cmpqstor01.blob.core.windows.net"
                    },
                    {
                        "Subscription Name":  "New Signature - GMS - CMP QA",
                        "Subscription ID":  "a796a3fe-dffd-4ae7-9aee-f76574986de6",
                        "VM Name":  "cmpqmonapi01",
                        "RG":  "MONITORAPI",
                        "Location":  "canadaeast",
                        "Size":  "Standard_DS1_v2",
                        "OS version":  0,
                        "OS type":  "2016-Datacenter",
                        "Power State":  "VM deallocated",
                        "NIC-0-Vnet":  "MonitorAPI-vnet",
                        "NIC-0-Subnet":  "default}",
                        "NIC-0-PrivateIpAddress":  "10.9.0.4",
                        "NIC-0-PublicIpAddress":  null,
                        "AvailabilitySet":  "",
                        "osDisk":  "Managed Disk"
                    },
                    {
                        "Subscription Name":  "New Signature - DriveTrain - Infrastructure Deployment - CAN UAT",
                        "Subscription ID":  "49dbf3b7-c3a3-4b6d-a1c6-0526edcc3c1e",
                        "VM Name":  "Win10",
                        "RG":  "JUMPHOST",
                        "Location":  "uksouth",
                        "Size":  "Standard_A2m_v2",
                        "OS version":  0,
                        "OS type":  "19h2-pro",
                        "Power State":  "VM deallocated",
                        "NIC-0-Vnet":  "JumpHost-vnet",
                        "NIC-0-Subnet":  "default}",
                        "NIC-0-PrivateIpAddress":  "172.16.0.5",
                        "NIC-0-PublicIpAddress":  null,
                        "AvailabilitySet":  "",
                        "osDisk":  "Managed Disk"
                    },
                    {
                        "Subscription Name":  "New Signature - DriveTrain - Infrastructure Deployment - Test2",
                        "Subscription ID":  "cfb1005d-fb2a-4d59-b00b-de53b2121311",
                        "VM Name":  "vmsharedeusbdc",
                        "RG":  "RG-SHARED-EUS",
                        "Location":  "eastus",
                        "Size":  "Standard_DS2_v2",
                        "OS version":  0,
                        "OS type":  "2019-Datacenter",
                        "Power State":  "VM running",
                        "NIC-0-Vnet":  "vnet-shared-eus-essentials",
                        "NIC-0-Subnet":  "snet-shared-eus-dc}",
                        "NIC-0-PrivateIpAddress":  "10.0.2.5",
                        "NIC-0-PublicIpAddress":  null,
                        "AvailabilitySet":  "AVS-SHARED-EUS-DC",
                        "osDisk":  "Managed Disk",
                        "dataDisk-0":  "Managed Disk"
                    },
                    {
                        "Subscription Name":  "New Signature - DriveTrain - Infrastructure Deployment - Test2",
                        "Subscription ID":  "cfb1005d-fb2a-4d59-b00b-de53b2121311",
                        "VM Name":  "vmsharedeusbst",
                        "RG":  "RG-SHARED-EUS",
                        "Location":  "eastus",
                        "Size":  "Standard_DS2_v2",
                        "OS version":  0,
                        "OS type":  "2019-Datacenter",
                        "Power State":  "VM running",
                        "NIC-0-Vnet":  "vnet-shared-eus-essentials",
                        "NIC-0-Subnet":  "snet-shared-eus-dc}",
                        "NIC-0-PrivateIpAddress":  "10.0.2.6",
                        "NIC-0-PublicIpAddress":  "13.92.228.187",
                        "AvailabilitySet":  "",
                        "osDisk":  "Managed Disk"
                    },
                    {
                        "Subscription Name":  "New Signature - DriveTrain - Infrastructure Deployment - Test2",
                        "Subscription ID":  "cfb1005d-fb2a-4d59-b00b-de53b2121311",
                        "VM Name":  "vmsharedeuspdc",
                        "RG":  "RG-SHARED-EUS",
                        "Location":  "eastus",
                        "Size":  "Standard_DS2_v2",
                        "OS version":  0,
                        "OS type":  "2019-Datacenter",
                        "Power State":  "VM running",
                        "NIC-0-Vnet":  "vnet-shared-eus-essentials",
                        "NIC-0-Subnet":  "snet-shared-eus-dc}",
                        "NIC-0-PrivateIpAddress":  "10.0.2.4",
                        "NIC-0-PublicIpAddress":  null,
                        "AvailabilitySet":  "AVS-SHARED-EUS-DC",
                        "osDisk":  "Managed Disk",
                        "dataDisk-0":  "Managed Disk"
                    },
                    {
                        "Subscription Name":  "New Signature - DriveTrain - Testing - Rahul Saraf",
                        "Subscription ID":  "33f176cb-1ec2-4f65-a019-86e71e89eda0",
                        "VM Name":  "vmfromimage",
                        "RG":  "AIBRESOURCEGROUP",
                        "Location":  "westus",
                        "Size":  "Standard_B1ls",
                        "OS version":  0,
                        "OS type":  null,
                        "Power State":  "VM running",
                        "NIC-0-Vnet":  "aibResourceGroup-vnet",
                        "NIC-0-Subnet":  "default}",
                        "NIC-0-PrivateIpAddress":  "10.0.0.5",
                        "NIC-0-PublicIpAddress":  "104.40.76.151",
                        "AvailabilitySet":  "",
                        "osDisk":  "Managed Disk"
                    },
                    {
                        "Subscription Name":  "New Signature - DriveTrain - Testing - Rahul Saraf",
                        "Subscription ID":  "33f176cb-1ec2-4f65-a019-86e71e89eda0",
                        "VM Name":  "vm11",
                        "RG":  "RG-MONITORING-INTEGRATIONTEST",
                        "Location":  "westeurope",
                        "Size":  "Standard_B2s",
                        "OS version":  0,
                        "OS type":  "2016-Datacenter",
                        "Power State":  "VM deallocated",
                        "NIC-0-Vnet":  "vnet-core-weu-launchpadmedium",
                        "NIC-0-Subnet":  "snet-core-weu-addns}",
                        "NIC-0-PrivateIpAddress":  "10.0.0.7",
                        "NIC-0-PublicIpAddress":  null,
                        "AvailabilitySet":  "ASET1",
                        "osDisk":  "Managed Disk",
                        "dataDisk-0":  "Managed Disk"
                    },
                    {
                        "Subscription Name":  "New Signature - DriveTrain - Testing - Rahul Saraf",
                        "Subscription ID":  "33f176cb-1ec2-4f65-a019-86e71e89eda0",
                        "VM Name":  "vm2",
                        "RG":  "RG-MONITORING-INTEGRATIONTEST",
                        "Location":  "westeurope",
                        "Size":  "Standard_B1s",
                        "OS version":  0,
                        "OS type":  "2016-Datacenter",
                        "Power State":  "VM deallocated",
                        "NIC-0-Vnet":  "vnet-core-weu-launchpadmedium",
                        "NIC-0-Subnet":  "snet-core-weu-addns}",
                        "NIC-0-PrivateIpAddress":  "10.0.0.6",
                        "NIC-0-PublicIpAddress":  null,
                        "AvailabilitySet":  "ASET1",
                        "osDisk":  "Managed Disk",
                        "dataDisk-0":  "Managed Disk"
                    },
                    {
                        "Subscription Name":  "New Signature - DriveTrain - Testing - Rahul Saraf",
                        "Subscription ID":  "33f176cb-1ec2-4f65-a019-86e71e89eda0",
                        "VM Name":  "vm22",
                        "RG":  "RG-MONITORING-INTEGRATIONTEST",
                        "Location":  "westeurope",
                        "Size":  "Standard_B2s",
                        "OS version":  0,
                        "OS type":  "2016-Datacenter",
                        "Power State":  "VM deallocated",
                        "NIC-0-Vnet":  "vnet-core-weu-launchpadmedium",
                        "NIC-0-Subnet":  "snet-core-weu-addns}",
                        "NIC-0-PrivateIpAddress":  "10.0.0.8",
                        "NIC-0-PublicIpAddress":  null,
                        "AvailabilitySet":  "ASET1",
                        "osDisk":  "Managed Disk",
                        "dataDisk-0":  "Managed Disk"
                    },
                    {
                        "Subscription Name":  "New Signature - DriveTrain - Testing - Rahul Saraf",
                        "Subscription ID":  "33f176cb-1ec2-4f65-a019-86e71e89eda0",
                        "VM Name":  "vmcoreweudns0",
                        "RG":  "RG-MONITORING-INTEGRATIONTEST",
                        "Location":  "westeurope",
                        "Size":  "Standard_DS2_v2",
                        "OS version":  0,
                        "OS type":  "2016-Datacenter",
                        "Power State":  "VM deallocated",
                        "NIC-0-Vnet":  "vnet-core-weu-launchpadmedium",
                        "NIC-0-Subnet":  "snet-core-weu-addns}",
                        "NIC-0-PrivateIpAddress":  "10.0.0.25",
                        "NIC-0-PublicIpAddress":  null,
                        "AvailabilitySet":  "AS-CORE-WEU-ADDNS",
                        "osDisk":  "Managed Disk",
                        "dataDisk-0":  "Managed Disk"
                    },
                    {
                        "Subscription Name":  "New Signature - DriveTrain - Testing - Rahul Saraf",
                        "Subscription ID":  "33f176cb-1ec2-4f65-a019-86e71e89eda0",
                        "VM Name":  "vmcoreweudns1",
                        "RG":  "RG-MONITORING-INTEGRATIONTEST",
                        "Location":  "westeurope",
                        "Size":  "Standard_DS2_v2",
                        "OS version":  0,
                        "OS type":  "2016-Datacenter",
                        "Power State":  "VM deallocated",
                        "NIC-0-Vnet":  "vnet-core-weu-launchpadmedium",
                        "NIC-0-Subnet":  "snet-core-weu-addns}",
                        "NIC-0-PrivateIpAddress":  "10.0.0.26",
                        "NIC-0-PublicIpAddress":  null,
                        "AvailabilitySet":  "AS-CORE-WEU-ADDNS",
                        "osDisk":  "Managed Disk",
                        "dataDisk-0":  "Managed Disk"
                    },
                    {
                        "Subscription Name":  "New Signature - Lab Subscription - 0",
                        "Subscription ID":  "8e0c3018-45b1-4070-91fd-0485bb8c5701",
                        "VM Name":  "vmhubuksbst",
                        "RG":  "RG-HUB-UKS-5C2AFBC9-7593-41AF-880F-4790068A4973",
                        "Location":  "uksouth",
                        "Size":  "Standard_B2s",
                        "OS version":  0,
                        "OS type":  "2019-Datacenter",
                        "Power State":  "VM running",
                        "NIC-0-Vnet":  "vnet-hub-uks-launchpad",
                        "NIC-0-Subnet":  "snet-hub-uks-rdp}",
                        "NIC-0-PrivateIpAddress":  "10.0.0.164",
                        "NIC-0-PublicIpAddress":  null,
                        "AvailabilitySet":  "",
                        "osDisk":  "Managed Disk"
                    },
                    {
                        "Subscription Name":  "New Signature - Lab Subscription - 0",
                        "Subscription ID":  "8e0c3018-45b1-4070-91fd-0485bb8c5701",
                        "VM Name":  "vmhubuksdns0",
                        "RG":  "RG-HUB-UKS-5C2AFBC9-7593-41AF-880F-4790068A4973",
                        "Location":  "uksouth",
                        "Size":  "Standard_DS2_v2",
                        "OS version":  0,
                        "OS type":  "2016-Datacenter",
                        "Power State":  "VM running",
                        "NIC-0-Vnet":  "vnet-hub-uks-launchpad",
                        "NIC-0-Subnet":  "snet-hub-uks-addns}",
                        "NIC-0-PrivateIpAddress":  "10.0.0.133",
                        "NIC-0-PublicIpAddress":  null,
                        "AvailabilitySet":  "AS-HUB-UKS-ADDNS",
                        "osDisk":  "Managed Disk",
                        "dataDisk-0":  "Managed Disk"
                    },
                    {
                        "Subscription Name":  "New Signature - Lab Subscription - 0",
                        "Subscription ID":  "8e0c3018-45b1-4070-91fd-0485bb8c5701",
                        "VM Name":  "vmhubuksdns1",
                        "RG":  "RG-HUB-UKS-5C2AFBC9-7593-41AF-880F-4790068A4973",
                        "Location":  "uksouth",
                        "Size":  "Standard_DS2_v2",
                        "OS version":  0,
                        "OS type":  "2016-Datacenter",
                        "Power State":  "VM running",
                        "NIC-0-Vnet":  "vnet-hub-uks-launchpad",
                        "NIC-0-Subnet":  "snet-hub-uks-addns}",
                        "NIC-0-PrivateIpAddress":  "10.0.0.134",
                        "NIC-0-PublicIpAddress":  null,
                        "AvailabilitySet":  "AS-HUB-UKS-ADDNS",
                        "osDisk":  "Managed Disk",
                        "dataDisk-0":  "Managed Disk"
                    },
                    {
                        "Subscription Name":  "New Signature - Lab Subscription - 3",
                        "Subscription ID":  "19f93587-7629-4ac4-9c93-8647cb6df3cb",
                        "VM Name":  "PRDAZUDT01",
                        "RG":  "RG-TEST-RESOURCES",
                        "Location":  "uksouth",
                        "Size":  "Standard_B1ls",
                        "OS version":  0,
                        "OS type":  "cis-ws2016-l1",
                        "Power State":  "VM running",
                        "NIC-0-Vnet":  "VN_UKS_PROD",
                        "NIC-0-Subnet":  "SN_Green}",
                        "NIC-0-PrivateIpAddress":  "10.235.0.4",
                        "NIC-0-PublicIpAddress":  null,
                        "AvailabilitySet":  "",
                        "osDisk":  "Managed Disk"
                    },
                    {
                        "Subscription Name":  "Weather Observations Website",
                        "Subscription ID":  "8568f770-196f-4033-9761-076650ad0f51",
                        "VM Name":  "mo-wow-dev-ftp",
                        "RG":  "MO-WOW-DEV",
                        "Location":  "northeurope",
                        "Size":  "Standard_DS1",
                        "OS version":  0,
                        "OS type":  null,
                        "Power State":  "VM running",
                        "NIC-0-Vnet":  "Group-mo-wow-dev-mo-wow-migrate",
                        "NIC-0-Subnet":  "Subnet-1}",
                        "NIC-0-PrivateIpAddress":  "10.2.0.4",
                        "NIC-0-PublicIpAddress":  null,
                        "AvailabilitySet":  "",
                        "osDisk":  "Managed Disk"
                    },
                    {
                        "Subscription Name":  "Weather Observations Website",
                        "Subscription ID":  "8568f770-196f-4033-9761-076650ad0f51",
                        "VM Name":  "mo-wow-prod-ftp",
                        "RG":  "MO-WOW-PROD",
                        "Location":  "northeurope",
                        "Size":  "Basic_A0",
                        "OS version":  0,
                        "OS type":  null,
                        "Power State":  "VM deallocated",
                        "NIC-0-Vnet":  "Group-mo-wow-prod-mo-wow-prod",
                        "NIC-0-Subnet":  "default}",
                        "NIC-0-PrivateIpAddress":  "10.1.0.4",
                        "NIC-0-PublicIpAddress":  null,
                        "AvailabilitySet":  "",
                        "osDisk":  "Managed Disk"
                    },
                    {
                        "Subscription Name":  "Weather Observations Website",
                        "Subscription ID":  "8568f770-196f-4033-9761-076650ad0f51",
                        "VM Name":  "mo-wow-uat-ftp",
                        "RG":  "MO-WOW-UAT-NE",
                        "Location":  "northeurope",
                        "Size":  "Basic_A0",
                        "OS version":  0,
                        "OS type":  null,
                        "Power State":  "VM deallocated",
                        "NIC-0-Vnet":  "Group-mo-wow-uat-ne-mo-wow-uat-ne",
                        "NIC-0-Subnet":  "default}",
                        "NIC-0-PrivateIpAddress":  "10.0.0.4",
                        "NIC-0-PublicIpAddress":  null,
                        "AvailabilitySet":  "",
                        "osDisk":  "Managed Disk"
                    },
                    {
                        "Subscription Name":  "Weather Observations Website",
                        "Subscription ID":  "8568f770-196f-4033-9761-076650ad0f51",
                        "VM Name":  "wowdvdata-0",
                        "RG":  "MO-WOW-DEV-ELASTIC",
                        "Location":  "uksouth",
                        "Size":  "Standard_DS1_v2",
                        "OS version":  1,
                        "OS type":  "16.04.0-LTS",
                        "Power State":  "VM running",
                        "NIC-0-Vnet":  "mo-wow-dev-elastic",
                        "NIC-0-Subnet":  "es-subnet}",
                        "NIC-0-PrivateIpAddress":  "10.4.1.5",
                        "NIC-0-PublicIpAddress":  null,
                        "AvailabilitySet":  "WOWDVDATA-0-AV-SET",
                        "osDisk":  "Managed Disk",
                        "dataDisk-0":  "Managed Disk"
                    },
                    {
                        "Subscription Name":  "Weather Observations Website",
                        "Subscription ID":  "8568f770-196f-4033-9761-076650ad0f51",
                        "VM Name":  "wowdvkibana",
                        "RG":  "MO-WOW-DEV-ELASTIC",
                        "Location":  "uksouth",
                        "Size":  "Standard_A2",
                        "OS version":  1,
                        "OS type":  "16.04.0-LTS",
                        "Power State":  "VM running",
                        "NIC-0-Vnet":  "mo-wow-dev-elastic",
                        "NIC-0-Subnet":  "es-subnet}",
                        "NIC-0-PrivateIpAddress":  "10.4.1.6",
                        "NIC-0-PublicIpAddress":  "52.151.82.115",
                        "AvailabilitySet":  "",
                        "osDisk":  "Managed Disk"
                    },
                    {
                        "Subscription Name":  "TOG Azure",
                        "Subscription ID":  "145e61a4-e0b3-4f4f-93a1-5b097bf3f106",
                        "VM Name":  "Opem-SecurityVM",
                        "RG":  "TOG-PANORAMA",
                        "Location":  "uksouth",
                        "Size":  "Standard_D4_v2",
                        "OS version":  0,
                        "OS type":  "2016-Datacenter",
                        "Power State":  "VM running",
                        "NIC-0-Vnet":  "TOG-Panorama-vnet",
                        "NIC-0-Subnet":  "Opem-Security}",
                        "NIC-0-PrivateIpAddress":  "10.90.4.4",
                        "NIC-0-PublicIpAddress":  null,
                        "AvailabilitySet":  "",
                        "osDisk":  "Managed Disk"
                    },
                    {
                        "Subscription Name":  "TOG Azure",
                        "Subscription ID":  "145e61a4-e0b3-4f4f-93a1-5b097bf3f106",
                        "VM Name":  "TOG-PanoramaVM",
                        "RG":  "TOG-PANORAMA",
                        "Location":  "uksouth",
                        "Size":  "Standard_A4_v2",
                        "OS version":  1,
                        "OS type":  "byol",
                        "Power State":  "VM running",
                        "NIC-0-Vnet":  "TOG-Panorama-vnet",
                        "NIC-0-Subnet":  "Azure-Palo-Vlan}",
                        "NIC-0-PrivateIpAddress":  "10.90.0.4",
                        "NIC-0-PublicIpAddress":  "51.132.53.12",
                        "AvailabilitySet":  "",
                        "osDisk":  "Managed Disk"
                    },
                    {
                        "Subscription Name":  "App Dev",
                        "Subscription ID":  "405230ff-a564-4ccd-ae8a-edfd4496afed",
                        "VM Name":  "TechnicalTest",
                        "RG":  "APPDEV",
                        "Location":  "northeurope",
                        "Size":  "Standard_D2_v2_Promo",
                        "OS version":  0,
                        "OS type":  "RS3-Pro",
                        "Power State":  "VM deallocated",
                        "NIC-0-Vnet":  "AppDev-vnet",
                        "NIC-0-Subnet":  "default}",
                        "NIC-0-PrivateIpAddress":  "10.1.1.4",
                        "NIC-0-PublicIpAddress":  "13.74.146.120",
                        "AvailabilitySet":  "",
                        "osDisk":  "Managed Disk"
                    },
                    {
                        "Subscription Name":  "App Dev",
                        "Subscription ID":  "405230ff-a564-4ccd-ae8a-edfd4496afed",
                        "VM Name":  "bidevtest",
                        "RG":  "DATA-DEV-TECHNICAL-TEST",
                        "Location":  "westeurope",
                        "Size":  "Standard_D2",
                        "OS version":  0,
                        "OS type":  "rs5-pro",
                        "Power State":  "VM deallocated",
                        "NIC-0-Vnet":  "data-dev-technical-test-vnet",
                        "NIC-0-Subnet":  "default}",
                        "NIC-0-PrivateIpAddress":  "172.16.1.4",
                        "NIC-0-PublicIpAddress":  null,
                        "AvailabilitySet":  "",
                        "osDisk":  "Managed Disk"
                    },
                    {
                        "Subscription Name":  "App Dev",
                        "Subscription ID":  "405230ff-a564-4ccd-ae8a-edfd4496afed",
                        "VM Name":  "indigwloosrt-mn0",
                        "RG":  "INDIGINA-BLOCKCHAIN-POC",
                        "Location":  "westeurope",
                        "Size":  "Standard_D1_v2",
                        "OS version":  1,
                        "OS type":  "16.04.0-LTS",
                        "Power State":  "VM deallocated",
                        "NIC-0-Vnet":  "indigwloosrtvnet",
                        "NIC-0-Subnet":  "vc2txhu4lkotssnet-mn0}",
                        "NIC-0-PrivateIpAddress":  "10.0.1.4",
                        "NIC-0-PublicIpAddress":  null,
                        "AvailabilitySet":  "",
                        "osDisk":  "vc2txhu4lkotsmn0.blob.core.windows.net"
                    },
                    {
                        "Subscription Name":  "App Dev",
                        "Subscription ID":  "405230ff-a564-4ccd-ae8a-edfd4496afed",
                        "VM Name":  "indigwloosrt-mn1",
                        "RG":  "INDIGINA-BLOCKCHAIN-POC",
                        "Location":  "westeurope",
                        "Size":  "Standard_D1_v2",
                        "OS version":  1,
                        "OS type":  "16.04.0-LTS",
                        "Power State":  "VM deallocated",
                        "NIC-0-Vnet":  "indigwloosrtvnet",
                        "NIC-0-Subnet":  "vc2txhu4lkotssnet-mn1}",
                        "NIC-0-PrivateIpAddress":  "10.0.2.4",
                        "NIC-0-PublicIpAddress":  null,
                        "AvailabilitySet":  "",
                        "osDisk":  "vc2txhu4lkotsmn0.blob.core.windows.net"
                    },
                    {
                        "Subscription Name":  "App Dev",
                        "Subscription ID":  "405230ff-a564-4ccd-ae8a-edfd4496afed",
                        "VM Name":  "indigwloosrt-tx0",
                        "RG":  "INDIGINA-BLOCKCHAIN-POC",
                        "Location":  "westeurope",
                        "Size":  "Standard_D1_v2",
                        "OS version":  1,
                        "OS type":  "16.04.0-LTS",
                        "Power State":  "VM deallocated",
                        "NIC-0-Vnet":  "indigwloosrtvnet",
                        "NIC-0-Subnet":  "qnbwgsuyfkxsg}",
                        "NIC-0-PrivateIpAddress":  "10.0.0.4",
                        "NIC-0-PublicIpAddress":  null,
                        "AvailabilitySet":  "INDIGWLOOSRTAVSET",
                        "osDisk":  "vc2txhu4lkotstx.blob.core.windows.net"
                    },
                    {
                        "Subscription Name":  "App Dev",
                        "Subscription ID":  "405230ff-a564-4ccd-ae8a-edfd4496afed",
                        "VM Name":  "aks-agentpool-74003965-0",
                        "RG":  "MC_ELX-CGI-EUW_ELX-CGI-EUW_WESTEUROPE",
                        "Location":  "westeurope",
                        "Size":  "Standard_DS2_v2",
                        "OS version":  1,
                        "OS type":  "aks-ubuntu-1604-201902",
                        "Power State":  "VM running",
                        "NIC-0-Vnet":  "aks-vnet-74003965",
                        "NIC-0-Subnet":  "aks-subnet}",
                        "NIC-0-PrivateIpAddress":  "10.240.0.4",
                        "NIC-0-PublicIpAddress":  null,
                        "AvailabilitySet":  "AGENTPOOL-AVAILABILITYSET-74003965",
                        "osDisk":  "Managed Disk"
                    },
                    {
                        "Subscription Name":  "App Dev",
                        "Subscription ID":  "405230ff-a564-4ccd-ae8a-edfd4496afed",
                        "VM Name":  "aks-agentpool-74003965-1",
                        "RG":  "MC_ELX-CGI-EUW_ELX-CGI-EUW_WESTEUROPE",
                        "Location":  "westeurope",
                        "Size":  "Standard_DS2_v2",
                        "OS version":  1,
                        "OS type":  "aks-ubuntu-1604-201910",
                        "Power State":  "VM running",
                        "NIC-0-Vnet":  "aks-vnet-74003965",
                        "NIC-0-Subnet":  "aks-subnet}",
                        "NIC-0-PrivateIpAddress":  "10.240.0.5",
                        "NIC-0-PublicIpAddress":  null,
                        "AvailabilitySet":  "AGENTPOOL-AVAILABILITYSET-74003965",
                        "osDisk":  "Managed Disk"
                    },
                    {
                        "Subscription Name":  "App Dev",
                        "Subscription ID":  "405230ff-a564-4ccd-ae8a-edfd4496afed",
                        "VM Name":  "sonarqube-vm",
                        "RG":  "ADAM-SONARQUBE",
                        "Location":  "uksouth",
                        "Size":  "Standard_DS1_v2",
                        "OS version":  0,
                        "OS type":  "2012-R2-Datacenter",
                        "Power State":  "VM running",
                        "NIC-0-Vnet":  "SQvnet",
                        "NIC-0-Subnet":  "Subnet-External}",
                        "NIC-0-PrivateIpAddress":  "10.0.0.4",
                        "NIC-0-PublicIpAddress":  "51.143.159.212",
                        "AvailabilitySet":  "",
                        "osDisk":  "Managed Disk"
                    },
                    {
                        "Subscription Name":  "App Dev",
                        "Subscription ID":  "405230ff-a564-4ccd-ae8a-edfd4496afed",
                        "VM Name":  "bidevtestVM1",
                        "RG":  "DATA-DEV-TECHNICAL-TEST",
                        "Location":  "uksouth",
                        "Size":  "Standard_D2_v2",
                        "OS version":  0,
                        "OS type":  "rs4-pro",
                        "Power State":  "VM deallocated",
                        "NIC-0-Vnet":  "datadevtechnicaltestvnet402",
                        "NIC-0-Subnet":  "default}",
                        "NIC-0-PrivateIpAddress":  "172.16.3.5",
                        "NIC-0-PublicIpAddress":  null,
                        "AvailabilitySet":  "",
                        "osDisk":  "Managed Disk"
                    },
                    {
                        "Subscription Name":  "App Dev",
                        "Subscription ID":  "405230ff-a564-4ccd-ae8a-edfd4496afed",
                        "VM Name":  "bidevtestVM2",
                        "RG":  "DATA-DEV-TECHNICAL-TEST",
                        "Location":  "uksouth",
                        "Size":  "Standard_D2_v2",
                        "OS version":  0,
                        "OS type":  "rs4-pro",
                        "Power State":  "VM deallocated",
                        "NIC-0-Vnet":  "datadevtechnicaltestvnet402",
                        "NIC-0-Subnet":  "default}",
                        "NIC-0-PrivateIpAddress":  "172.16.3.4",
                        "NIC-0-PublicIpAddress":  null,
                        "AvailabilitySet":  "",
                        "osDisk":  "Managed Disk"
                    },
                    {
                        "Subscription Name":  "App Dev",
                        "Subscription ID":  "405230ff-a564-4ccd-ae8a-edfd4496afed",
                        "VM Name":  "myVM1",
                        "RG":  "NATIONW-CMA-DEV-UKS",
                        "Location":  "uksouth",
                        "Size":  "Standard_A1",
                        "OS version":  0,
                        "OS type":  "2016-Datacenter",
                        "Power State":  "VM deallocated",
                        "NIC-0-Vnet":  "myVNET",
                        "NIC-0-Subnet":  "Subnet-1}",
                        "NIC-0-PrivateIpAddress":  "10.0.0.5",
                        "NIC-0-PublicIpAddress":  null,
                        "AvailabilitySet":  "MYAVSET",
                        "osDisk":  "Managed Disk"
                    },
                    {
                        "Subscription Name":  "App Dev",
                        "Subscription ID":  "405230ff-a564-4ccd-ae8a-edfd4496afed",
                        "VM Name":  "nationwcmadev03",
                        "RG":  "NATIONW-CMA-DEV-UKS",
                        "Location":  "uksouth",
                        "Size":  "Standard_A1",
                        "OS version":  0,
                        "OS type":  "2016-Datacenter",
                        "Power State":  "VM running",
                        "NIC-0-Vnet":  "myVNET",
                        "NIC-0-Subnet":  "Subnet-1}",
                        "NIC-0-PrivateIpAddress":  "10.0.0.15",
                        "NIC-0-PublicIpAddress":  null,
                        "AvailabilitySet":  "MYAVSET",
                        "osDisk":  "Managed Disk"
                    },
                    {
                        "Subscription Name":  "App Dev",
                        "Subscription ID":  "405230ff-a564-4ccd-ae8a-edfd4496afed",
                        "VM Name":  "nationwcmadev04",
                        "RG":  "NATIONW-CMA-DEV-UKS",
                        "Location":  "uksouth",
                        "Size":  "Standard_A1",
                        "OS version":  0,
                        "OS type":  "2016-Datacenter",
                        "Power State":  "VM deallocated",
                        "NIC-0-Vnet":  "myVNET",
                        "NIC-0-Subnet":  "Subnet-1}",
                        "NIC-0-PrivateIpAddress":  "10.0.0.12",
                        "NIC-0-PublicIpAddress":  null,
                        "AvailabilitySet":  "MYAVSET",
                        "osDisk":  "Managed Disk"
                    },
                    {
                        "Subscription Name":  "App Dev",
                        "Subscription ID":  "405230ff-a564-4ccd-ae8a-edfd4496afed",
                        "VM Name":  "lbftpvm1",
                        "RG":  "NATIONW-CMA-UAT-UKS",
                        "Location":  "uksouth",
                        "Size":  "Standard_A2",
                        "OS version":  0,
                        "OS type":  "2016-Datacenter",
                        "Power State":  "VM deallocated",
                        "NIC-0-Vnet":  "myVNET",
                        "NIC-0-Subnet":  "Subnet-1}",
                        "NIC-0-PrivateIpAddress":  "10.0.0.4",
                        "NIC-0-PublicIpAddress":  null,
                        "AvailabilitySet":  "MYAVSET",
                        "osDisk":  "Managed Disk"
                    },
                    {
                        "Subscription Name":  "App Dev",
                        "Subscription ID":  "405230ff-a564-4ccd-ae8a-edfd4496afed",
                        "VM Name":  "nationwcmauat01",
                        "RG":  "NATIONW-CMA-UAT-UKS",
                        "Location":  "uksouth",
                        "Size":  "Standard_A2",
                        "OS version":  0,
                        "OS type":  "2016-Datacenter",
                        "Power State":  "VM deallocated",
                        "NIC-0-Vnet":  "myVNET",
                        "NIC-0-Subnet":  "Subnet-1}",
                        "NIC-0-PrivateIpAddress":  "10.0.0.7",
                        "NIC-0-PublicIpAddress":  null,
                        "AvailabilitySet":  "MYAVSET",
                        "osDisk":  "Managed Disk"
                    },
                    {
                        "Subscription Name":  "App Dev",
                        "Subscription ID":  "405230ff-a564-4ccd-ae8a-edfd4496afed",
                        "VM Name":  "webrtctest2vm",
                        "RG":  "WEBRTCTEST2",
                        "Location":  "uksouth",
                        "Size":  "Standard_B2ms",
                        "OS version":  0,
                        "OS type":  "2016-Datacenter",
                        "Power State":  "VM deallocated",
                        "NIC-0-Vnet":  "webrtctest2-vnet",
                        "NIC-0-Subnet":  "default}",
                        "NIC-0-PrivateIpAddress":  "172.16.0.4",
                        "NIC-0-PublicIpAddress":  "51.140.0.226",
                        "AvailabilitySet":  "",
                        "osDisk":  "Managed Disk"
                    }
                ]
}
