{
    "properties": {
        "Content": {
            "items": {
                "properties": {
                    "AvailabilitySet": {
                        "type": "string"
                    },
                    "Location": {
                        "type": "string"
                    },
                    "NIC-0-PrivateIpAddress": {
                        "type": "string"
                    },
                    "NIC-0-PublicIpAddress": {
                        "type": "string"
                    },
                    "NIC-0-Subnet": {
                        "type": "string"
                    },
                    "NIC-0-Vnet": {
                        "type": "string"
                    },
                    "OS type": {
                        "type": "string"
                    },
                    "OS version": {
                        "type": "integer"
                    },
                    "Power State": {
                        "type": "string"
                    },
                    "RG": {
                        "type": "string"
                    },
                    "Size": {
                        "type": "string"
                    },
                    "Subscription ID": {
                        "type": "string"
                    },
                    "Subscription Name": {
                        "type": "string"
                    },
                    "VM Name": {
                        "type": "string"
                    },
                    "dataDisk-0": {
                        "type": "string"
                    },
                    "osDisk": {
                        "type": "string"
                    }
                },
                "required": [
                    "Subscription Name",
                    "Subscription ID",
                    "VM Name",
                    "RG",
                    "Location",
                    "Size",
                    "OS version",
                    "OS type",
                    "Power State",
                    "NIC-0-Vnet",
                    "NIC-0-Subnet",
                    "NIC-0-PrivateIpAddress",
                    "NIC-0-PublicIpAddress",
                    "AvailabilitySet",
                    "osDisk"
                ],
                "type": "object"
            },
            "type": "array"
        },
        "ReportName": {
            "type": "string"
        }
    },
    "type": "object"
}