{
    "$schema": "https://schema.management.azure.com/schemas/2019-04-01/deploymentTemplate.json#",
    "contentVersion": "1.0.0.0",
    "parameters": {
        "organizationPrefix": {
            "type": "string",
            "metadata": {
                "description": "Organizational Prefix for globally unique naming requirements"
            }
        },
        "environment": {
            "type": "string",
            "metadata": {
                "description": "Environment name for resources being deployed Ex: dev,qa,prod"
            }
        },
        "containerName": {
            "type": "string",
            "metadata": {
                "description": "Container name for subsystem terraform state file folder struture"
            }
        },
        "instanceNumber": {
            "type": "string",
            "metadata": {
                "description": "Instance number for the terraform state store. Ex: 01,02,03,04"
            }
        }
    },
    "variables": {
        "saName": "[tolower(concat('st','tfstate',parameters('organizationPrefix'),parameters('environment'),parameters('instanceNumber')))]"
    },
    "resources": [
        {
            "name": "[variables('saName')]",
            "type": "Microsoft.Storage/storageAccounts",
            "apiVersion": "2021-01-01",
            "tags": {
                "displayName": "terraform",
                "environment": "[tolower(parameters('environment'))]",
                "purpose": "Terraform"
            },
            "location": "[resourceGroup().location]",
            "kind": "StorageV2",
            "sku": {
                "name": "Standard_RAGRS",
                "tier": "Standard"
            },
            "properties": {
                "networkAcls": {
                    "bypass": "AzureServices",
                    "virtualNetworkRules": [],
                    "ipRules": [],
                    "defaultAction": "Allow"
                },
                "supportsHttpsTrafficOnly": true,
                "encryption": {
                    "services": {
                        "blob": {
                            "enabled": true,
                            "keyType": "Account"
                        },
                        "file": {
                            "enabled": true,
                            "keyType": "Account"
                        }
                    },
                    "keySource": "Microsoft.Storage"
                },
                "allowBlobPublicAccess": false,
                "accessTier": "Hot"
            },
            "resources": [
                {
                    "type": "providers/advancedThreatProtectionSettings",
                    "name": "Microsoft.Security/current",
                    "apiVersion": "2019-01-01",
                    "dependsOn": [
                        "[resourceId('Microsoft.Storage/storageAccounts/', variables('saName'))]"
                    ],
                    "properties": {
                        "isEnabled": true
                    }
                }
            ]
        },
        {
            "name": "[concat(variables('saName'),'/','default')]",
            "type": "Microsoft.Storage/storageAccounts/blobServices",
            "apiVersion": "2021-01-01",
            "dependsOn": [
                "[resourceId('Microsoft.Storage/storageAccounts', variables('saName'))]"
            ],
            "properties": {
                "changeFeed": {
                    "enabled": true
                },
                "restorePolicy": {
                    "enabled": true,
                    "days": 179
                },
                "cors": {
                    "corsRules": []
                },
                "deleteRetentionPolicy": {
                    "days": 180,
                    "enabled": true
                },
                "isVersioningEnabled": true
            }
        },
        {
            "name": "[concat(variables('saName'),'/default/',parameters('containerName'))]",
            "type": "Microsoft.Storage/storageAccounts/blobServices/containers",
            "apiVersion": "2019-06-01",
            "dependsOn": [
                "[resourceId('Microsoft.Storage/storageAccounts/blobServices', variables('saName'), 'default')]",
                "[resourceId('Microsoft.Storage/storageAccounts', variables('saName'))]"
            ],
            "properties": {
                "publicAccess": "None"
            }
        }
        
    ],
    "outputs": {
        "tfStateSAName": {
            "type": "string",
            "value": "[variables('saName')]"
        },
        "tfStateContainerName": {
            "type": "string",
            "value": "[parameters('containerName')]"
        }
    }
}