{
  "$schema": "https://schema.management.azure.com/schemas/2015-01-01/deploymentTemplate.json#",
  "contentVersion": "1.0.0.0",
  "parameters": {
    "LogAlertName": {
      "type": "string"
    },
    "actionGroupResourceId": {
      "type": "string"
    },
    "ServiceHealthRegions": {
      "type": "array"
    }
  },
  "resources": [
    {
      "type": "Microsoft.Insights/activityLogAlerts",
      "apiVersion": "2017-04-01",
      "name": "[parameters('LogAlertName')]",
      "location": "Global",
      "kind": null,
      "tags": {
 
      },
      "properties": {
        "mode": "Incremental",
        "enabled": true,
        "description": "",
        "scopes": [
          "[subscription().id]"
        ],
        "condition": {
          "allOf": [
            {
              "field": "category",
              "equals": "ServiceHealth"
            }, 
            {
              "field": "properties.impactedServices[*].ImpactedRegions[*].RegionName",
              "containsAny": "[parameters('ServiceHealthRegions')]"
            }
 
          ]
        },
        "actions": {
          "actionGroups": [
            {
              "actionGroupId": "[parameters('actionGroupResourceId')]",
              "webhookProperties": {
 
              }
            }
          ]
        }
      }
    }
  ]
}