{
	"$schema": "http://schema.management.azure.com/schemas/2015-01-01/deploymentTemplate.json#",
	"contentVersion": "1.0.0.0",
	"parameters": {
		"subscriptionId": {
			"type": "string"
		},
		"environment":{
			"allowedValues": [
				"dev",
				"prod"
			],
			"type":"string"
		},
		"WEBCountNumber": {
			"type": "array"
		},
		"APPCountNumber": {
			"type": "array"
		},
		"DBCountNumber": {
			"type": "array"
		},
		"WEBStorageAccountName": {
			"type": "string"
		},
		"APPStorageAccountName": {
			"type": "string"
		},
		"DBStorageAccountName": {
			"type": "string"
		},
		"APPvmName": {
			"type": "string"
		},
		"APPvmSize": {
			"type": "string"
		},

		"WEBvmName": {
			"type": "string"
		},
		"WEBvmSize": {
			"type": "string"
		},
		"DBvmName": {
			"type": "string"
		},
		"DBvmSize": {
			"type": "string"
		},
		"vmAdminUsername": {
			"type": "string",
			"metadata": {
				"description": "Provide Username of local account which will be created as part of provisioning on virtual machine and it should not contain 'admin' keyword."
			}
		},
		"vmAdminPassword": {
			"type": "securestring",
			"metadata": {
				"description": "The following Centrica policy describes the available password settings that can be applied to user accounts that are created and managed in Azure AD.  Password restrictions: 8 characters minimum and 16 characters maximum and Strong passwords only: Requires 3 of the following: Lowercase characters, Uppercase characters,Special Characters"
			}
		},
		"vnetName": {
			"type": "string"
		},
		"vnetRG": {
			"type": "string"
		},
		"WEBsubnetName": {
			"type": "string"
		},
		"APPsubnetName": {
			"type": "string"
		},
		"DBsubnetName": {
			"type": "string"
		},
		"APPASName": {
			"type": "string"
		},
		"WEBASName": {
			"type": "string"
		},
		"DBASName": {
			"type": "string"
		},
		"faultDomain": {
			"type": "int"
		},
		"updateDomain": {
			"type": "int"
		},
		"dataDisks": {
			"type": "array"
		},
        "APPdataDisks": {
			"type": "array"
		},
        "DBdataDisks": {
			"type": "array"
		},
		"WEBwindowsOSVersion": {
			"type": "string"
		},
		"WEBstorageAccType": {
			"defaultValue": "Standard_LRS",
			"type": "string"
		},
		"APPwindowsOSVersion": {
			"allowedValues": [
				"2016-Datacenter",
				"2019-Datacenter"
			],
			"type": "string"
		},
		"APPstorageAccType": {
			"type": "string"
		},
		"DBwindowsOSVersion": {
			"allowedValues": [
				"2016-Datacenter",
				"2019-Datacenter"
			],
			"type": "string"
		},
		"DBstorageAccType": {
			"defaultValue": "Standard_LRS",
			"type": "string"
		},
		"WEBloadBalancer": {
			"type": "string",
			"metadata": {
				"description": "loadBalancer name which will be deployed as part of this request"
			}
		},
		"WEBhealthProbeProtcol": {
			"type": "string",
			"defaultValue": "TCP",
			"metadata": {
				"description": "Enter the name of Health Probe Protocol"
			}
		},
		"WEBHTTPrequestPath": {
			"type": "string",
			"defaultValue": "/",
			"metadata": {
				"description": "Enter the path of http or https Health Probe Protocol"
			}
		},
		"WEBfrontEndPort": {
			"type": "int",
			"defaultValue": 80,
			"metadata": {
				"description": "A specific port bound to a specific front-end IP address to listen the traffic"
			}
		},
		"WEBBackEndPort": {
			"type": "int",
			"defaultValue": 80,
			"metadata": {
				"description": "You can choose to route traffic to the virtual machines in the backend pool using a different port than the one clients use to communicate with the load balancer."
			}
		},
		"APPloadBalancer": {
			"type": "string",
			"metadata": {
				"description": "loadBalancer name which will be deployed as part of this request"
			}
		},
		"APPhealthProbeProtcol": {
			"type": "string",
			"defaultValue": "TCP",
			"metadata": {
				"description": "Enter the name of Health Probe Protocol"
			}
		},
		"APPHTTPrequestPath": {
			"type": "string",
			"defaultValue": "/",
			"metadata": {
				"description": "Enter the path of http or https Health Probe Protocol"
			}
		},
		"APPfrontEndPort": {
			"type": "int",
			"defaultValue": 80,
			"metadata": {
				"description": "A specific port bound to a specific front-end IP address to listen the traffic"
			}
		},
		"APPBackEndPort": {
			"type": "int",
			"defaultValue": 80,
			"metadata": {
				"description": "You can choose to route traffic to the virtual machines in the backend pool using a different port than the one clients use to communicate with the load balancer."
			}
		},
		"DBloadBalancer": {
			"type": "string",
			"metadata": {
				"description": "loadBalancer name which will be deployed as part of this request"
			}
		},
		"DBhealthProbeProtcol": {
			"type": "string",
			"defaultValue": "TCP",
			"metadata": {
				"description": "Enter the name of Health Probe Protocol"
			}
		},
		"DBHTTPrequestPath": {
			"type": "string",
			"defaultValue": "/",
			"metadata": {
				"description": "Enter the path of http or https Health Probe Protocol"
			}
		},
		"DBfrontEndPort": {
			"type": "int",
			"defaultValue": 80,
			"metadata": {
				"description": "A specific port bound to a specific front-end IP address to listen the traffic"
			}
		},
		"DBBackEndPort": {
			"type": "int",
			"defaultValue": 80,
			"metadata": {
				"description": "You can choose to route traffic to the virtual machines in the backend pool using a different port than the one clients use to communicate with the load balancer."
			}
		},
		"remoteAllowedCIDR": {
			"type": "string",
			"minLength": 7,
			"defaultValue": "0.0.0.0/0",
			"metadata": {
				"description": "Enter Public IP CIDR to allow for accessing the deployment.Enter in 0.0.0.0/0 format, you can always modify these later in NSG Settings"
			}
		},
		"vmNic1Name": {
			"type": "string"
		}
	},
	"variables": {
		"location": "[resourceGroup().location]",
		"rgName": "[resourceGroup().name]",
		"lbSkuName": "Standard",
		"WEBStorageAccountName": "[concat(parameters('WEBStorageAccountName'), parameters('environment'))]",
		"APPStorageAccountName": "[concat(parameters('APPStorageAccountName'), parameters('environment'))]",
		"DBStorageAccountName": "[concat(parameters('DBStorageAccountName'), parameters('environment'))]",
		"webNSGName": "[concat(parameters('WEBvmName'),'webnsg')]",
		"appNSGName": "[concat(parameters('APPvmName'),'appnsg')]",
		"databaseNSGName": "[concat(parameters('DBvmName'),'webnsg')]",
		"vnetName": "[toLower(parameters('vnetName'))]",
		"vnetResourceId": "[concat('/subscriptions/', parameters('subscriptionId'), '/resourcegroups/', parameters('vnetRG'), '/providers/Microsoft.Network/virtualNetworks/', parameters('vnetName'))]",
		"osDiskName": "osdisk",
		"faultDomain": "[parameters('faultDomain')]",
		"updateDomain": "[parameters('updateDomain')]",
		"WEBloadBalancerName": "[parameters('WEBloadBalancer')]",
		"WEBlbID": "[resourceId('Microsoft.Network/loadBalancers',variables('WEBloadBalancerName'))]",
		"WEBloadBalancerFrontEndName": "[concat(variables('WEBloadBalancerName'),'-frontendipconfig')]",
		"WEBloadBalancerBackEndName": "webloadBalancerBackEnd",
		"WEBloadBalancerProbeName": "webloadBalancerHttpProbe",
		"WEBhealthProbeName": "WEBloadBalancerHealthPorbe",
		"WEBLBBEAddressPoolID": "[concat(variables('WEBlbID'),'/backendAddressPools/',variables('WEBbePoolName'))]",
		"WEBLBProbeID1": "[concat(variables('WEBlbID'),'/probes/',variables('WEBhealthProbeName'))]",
		"WEBloadBalancerNatPoolName": "webloadBalancerNatPool",
		"WEBfrontEndIPConfigID": "[concat(variables('WEBlbID'),'/frontendIPConfigurations/',variables('WEBloadBalancerFrontEndName'))]",
		"WEBbePoolName": "webbepool",
		"APPloadBalancerName": "[parameters('APPloadBalancer')]",
		"APPlbID": "[resourceId('Microsoft.Network/loadBalancers',variables('APPloadBalancerName'))]",
		"APPloadBalancerFrontEndName": "[concat(variables('APPloadBalancerName'),'-frontendipconfig')]",
		"APPloadBalancerBackEndName": "apploadBalancerBackEnd",
		"APPloadBalancerProbeName": "apploadBalancerHttpProbe",
		"APPhealthProbeName": "APPloadBalancerHealthPorbe",
		"APPLBBEAddressPoolID": "[concat(variables('APPlbID'),'/backendAddressPools/',variables('APPbePoolName'))]",
		"APPLBProbeID1": "[concat(variables('APPlbID'),'/probes/',variables('APPhealthProbeName'))]",
		"APPloadBalancerNatPoolName": "apploadBalancerNatPool",
		"APPfrontEndIPConfigID": "[concat(variables('APPlbID'),'/frontendIPConfigurations/',variables('APPloadBalancerFrontEndName'))]",
		"APPbePoolName": "APPbepool",
		"DBloadBalancerName": "[parameters('DBloadBalancer')]",
		"DBlbID": "[resourceId('Microsoft.Network/loadBalancers',variables('DBloadBalancerName'))]",
		"DBloadBalancerFrontEndName": "[concat(variables('DBloadBalancerName'),'-frontendipconfig')]",
		"DBloadBalancerBackEndName": "loadBalancerBackEnd",
		"DBloadBalancerProbeName": "loadBalancerHttpProbe",
		"DBhealthProbeName": "DBloadBalancerHealthPorbe",
		"DBLBBEAddressPoolID": "[concat(variables('DBlbID'),'/backendAddressPools/',variables('DBbePoolName'))]",
		"DBLBProbeID1": "[concat(variables('DBlbID'),'/probes/',variables('DBhealthProbeName'))]",
		"DBloadBalancerNatPoolName": "loadBalancerNatPool",
		"DBfrontEndIPConfigID": "[concat(variables('DBlbID'),'/frontendIPConfigurations/',variables('DBloadBalancerFrontEndName'))]",
		"DBbePoolName": "DBbepool",
		"imagePublisher": "MicrosoftWindowsServer",
		"imageOffer": "WindowsServer",
		"vmAdminUsername": "[parameters('vmAdminUsername')]",
		"vmAdminPassword": "[parameters('vmAdminPassword')]"
	},
	"resources": [{
			"type": "Microsoft.Storage/storageAccounts",
			"sku": {
				"name": "Standard_LRS"
			},
			"kind": "StorageV2",
			"name": "[variables('WEBStorageAccountName')]",
			"apiVersion": "2019-04-01",
			"location": "[resourceGroup().location]"
		},
		{
			"type": "Microsoft.Storage/storageAccounts",
			"sku": {
				"name": "Standard_LRS"
			},
			"kind": "StorageV2",
			"name": "[variables('APPStorageAccountName')]",
			"apiVersion": "2019-04-01",
			"location": "[resourceGroup().location]"
		},
		{
			"type": "Microsoft.Storage/storageAccounts",
			"sku": {
				"name": "Standard_LRS"
			},
			"kind": "StorageV2",
			"name": "[variables('DBStorageAccountName')]",
			"apiVersion": "2019-04-01",
			"location": "[resourceGroup().location]"
		},
		{
			"type": "Microsoft.Compute/availabilitySets",
			"sku": {
				"name": "Aligned"
			},
			"name": "[parameters('WEBASName')]",
			"apiVersion": "2017-03-30",
			"location": "[variables('location')]",
			"properties": {
				"platformFaultDomainCount": "[variables('faultDomain')]",
				"platformUpdateDomainCount": "[variables('updateDomain')]"
			}
		},
		{
			"type": "Microsoft.Compute/availabilitySets",
			"sku": {
				"name": "Aligned"
			},
			"name": "[parameters('APPASName')]",
			"apiVersion": "2017-03-30",
			"location": "[variables('location')]",
			"properties": {
				"platformFaultDomainCount": "[variables('faultDomain')]",
				"platformUpdateDomainCount": "[variables('updateDomain')]"
			}
		},
		{
			"type": "Microsoft.Compute/availabilitySets",
			"sku": {
				"name": "Aligned"
			},
			"name": "[parameters('DBASName')]",
			"apiVersion": "2017-03-30",
			"location": "[variables('location')]",
			"properties": {
				"platformFaultDomainCount": "[variables('faultDomain')]",
				"platformUpdateDomainCount": "[variables('updateDomain')]"
			}
		},
		{
			"type": "Microsoft.Network/networkSecurityGroups",
			"name": "[variables('webNSGName')]",
			"apiVersion": "2016-03-30",
			"location": "[variables('location')]",
			"comments": "NSG for Web Subnet. Rules for allowing HTTP and HTTPS requests from internet are created",
			"properties": {
				"securityRules": [{
						"name": "HTTP-allow",
						"properties": {
							"protocol": "Tcp",
							"sourcePortRange": "*",
							"destinationPortRange": "80",
							"sourceAddressPrefix": "[parameters('remoteAllowedCIDR')]",
							"destinationAddressPrefix": "*",
							"access": "Allow",
							"priority": 110,
							"direction": "Inbound"
						}
					},
					{
						"name": "HTTPS-allow",
						"properties": {
							"protocol": "Tcp",
							"sourcePortRange": "*",
							"destinationPortRange": "443",
							"sourceAddressPrefix": "[parameters('remoteAllowedCIDR')]",
							"destinationAddressPrefix": "*",
							"access": "Allow",
							"priority": 120,
							"direction": "Inbound"
						}
					}
				]
			}
		},
		{
			"type": "Microsoft.Network/networkSecurityGroups",
			"name": "[variables('appNSGName')]",
			"apiVersion": "2016-03-30",
			"location": "[variables('location')]",
			"comments": "NSG for App Subnet. By default, intra Vnet traffic is allowed and requests from internet are denied",
			"properties": {
				"securityRules": []
			}
		},
		{
			"type": "Microsoft.Network/networkSecurityGroups",
			"name": "[variables('databaseNSGName')]",
			"apiVersion": "2016-03-30",
			"location": "[variables('location')]",
			"comments": "NSG for Database Subnet. By default, intra Vnet traffic is allowed and requests from internet are denied",
			"properties": {
				"securityRules": []
			}
		},
		{
			"type": "Microsoft.Network/loadBalancers",
			"name": "[variables('WEBloadBalancerName')]",
			"apiVersion": "2018-12-01",
			"sku": {
					"name": "[variables('lbSkuName')]"
				},
			"location": "[variables('location')]",
			"comments": "This Internal Load Balancer is used to load balance traffic from Web VM's to Bussiness Tier VMs",
			"properties": {
				"frontendIPConfigurations": [{
					"name": "[variables('WEBloadBalancerFrontEndName')]",
					"properties": {
						"subnet": {
							"id": "[toLower(concat(variables('vnetResourceId'), '/subnets/', parameters('WEBsubnetName')))]"
						}
					}
				}],
				"backendAddressPools": [{
					"name": "[variables('WEBbePoolName')]"
				}],
				"loadBalancingRules": [{
					"name": "[concat(parameters('WEBloadBalancer'),'-lbrule')]",
					"properties": {
						"frontendIPConfiguration": {
							"id": "[variables('WEBfrontEndIPConfigID')]"
						},
						"backendAddressPool": {
							"id": "[variables('WEBLBBEAddressPoolID')]"
						},
						"probe": {
							"id": "[variables('WEBLBProbeID1')]"
						},
						"protocol": "Tcp",
						"frontendPort": "[parameters('WEBfrontEndPort')]",
						"backendPort": "[parameters('WEBBackEndPort')]",
						"idleTimeoutInMinutes": 15
					}
				}],
				"probes": [{
					"name": "[variables('WEBhealthProbeName')]",
					"properties": {
						"protocol": "[parameters('WEBhealthProbeProtcol')]",
						"port": "[parameters('WEBBackEndPort')]",
						"requestPath": "[if(not(equals(parameters('WEBhealthProbeProtcol'),'TCP')),parameters('WEBHTTPrequestPath'),json('null'))]",
						"intervalInSeconds": 15,
						"numberOfProbes": 2
					}
				}]
			}
		},
		{
			"type": "Microsoft.Network/loadBalancers",
			"name": "[variables('APPloadBalancerName')]",
			"apiVersion": "2018-12-01",
			"sku": {
					"name": "[variables('lbSkuName')]"
				},
			"location": "[variables('location')]",
			"comments": "This Internal Load Balancer is used to load balance traffic from APP VM's to Bussiness Tier VMs",
			"properties": {
				"frontendIPConfigurations": [{
					"name": "[variables('APPloadBalancerFrontEndName')]",
					"properties": {
						"subnet": {
							"id": "[toLower(concat(variables('vnetResourceId'), '/subnets/', parameters('APPsubnetName')))]"
						}
					}
				}],
				"backendAddressPools": [{
					"name": "[variables('APPbePoolName')]"
				}],
				"loadBalancingRules": [{
					"name": "[concat(parameters('APPloadBalancer'),'-lbrule')]",
					"properties": {
						"frontendIPConfiguration": {
							"id": "[variables('APPfrontEndIPConfigID')]"
						},
						"backendAddressPool": {
							"id": "[variables('APPLBBEAddressPoolID')]"
						},
						"probe": {
							"id": "[variables('APPLBProbeID1')]"
						},
						"protocol": "Tcp",
						"frontendPort": "[parameters('APPfrontEndPort')]",
						"backendPort": "[parameters('APPBackEndPort')]",
						"idleTimeoutInMinutes": 15
					}
				}],
				"probes": [{
					"name": "[variables('APPhealthProbeName')]",
					"properties": {
						"protocol": "[parameters('APPhealthProbeProtcol')]",
						"port": "[parameters('APPBackEndPort')]",
						"requestPath": "[if(not(equals(parameters('APPhealthProbeProtcol'),'TCP')),parameters('APPHTTPrequestPath'),json('null'))]",
						"intervalInSeconds": 15,
						"numberOfProbes": 2
					}
				}]
			}
		},
		{
			"type": "Microsoft.Network/loadBalancers",
			"name": "[variables('DBloadBalancerName')]",
			"apiVersion": "2018-12-01",
			"sku": {
					"name": "[variables('lbSkuName')]"
				},
			"location": "[variables('location')]",
			"comments": "This Internal Load Balancer is used to load balance traffic from DB VM's to Bussiness Tier VMs",
			"properties": {
				"frontendIPConfigurations": [{
					"name": "[variables('DBloadBalancerFrontEndName')]",
					"properties": {
						"subnet": {
							"id": "[toLower(concat(variables('vnetResourceId'), '/subnets/', parameters('DBsubnetName')))]"
						}
					}
				}],
				"backendAddressPools": [{
					"name": "[variables('DBbePoolName')]"
				}],
				"loadBalancingRules": [{
					"name": "[concat(parameters('DBloadBalancer'),'-lbrule')]",
					"properties": {
						"frontendIPConfiguration": {
							"id": "[variables('DBfrontEndIPConfigID')]"
						},
						"backendAddressPool": {
							"id": "[variables('DBLBBEAddressPoolID')]"
						},
						"probe": {
							"id": "[variables('DBLBProbeID1')]"
						},
						"protocol": "Tcp",
						"frontendPort": "[parameters('DBfrontEndPort')]",
						"backendPort": "[parameters('DBBackEndPort')]",
						"idleTimeoutInMinutes": 15
					}
				}],
				"probes": [{
					"name": "[variables('DBhealthProbeName')]",
					"properties": {
						"protocol": "[parameters('DBhealthProbeProtcol')]",
						"port": "[parameters('DBBackEndPort')]",
						"requestPath": "[if(not(equals(parameters('DBhealthProbeProtcol'),'TCP')),parameters('DBHTTPrequestPath'),json('null'))]",
						"intervalInSeconds": 15,
						"numberOfProbes": 2
					}
				}]
			}
		},
		{
			"type": "Microsoft.Network/networkInterfaces",
			"name": "[concat(parameters('WEBvmName'), parameters('WEBCountNumber')[copyIndex()],'-', parameters('vmNic1Name'))]",
			"apiVersion": "2016-03-30",
			"location": "[variables('location')]",
			"copy": {
				"name": "networkInterfacesVM",
				"count": "[length(parameters('WEBCountNumber'))]"
			},
			"dependsOn": [
				"[concat('Microsoft.Network/loadBalancers/', variables('WEBloadBalancerName'))]",
				"[variables('webNSGName')]"
			],
			"properties": {
				"primary": true,
				"ipConfigurations": [{
					"name": "[concat(parameters('WEBvmName'),parameters('WEBCountNumber')[copyIndex()],'-ipconfig')]",
					"properties": {
						"privateIPAllocationMethod": "Dynamic",
						"subnet": {
							"id": "[toLower(concat(variables('vnetResourceId'), '/subnets/', parameters('WEBsubnetName')))]"
						},
						"loadBalancerBackendAddressPools": [{
							"id": "[variables('WEBLBBEAddressPoolID')]"
						}]
					}
				}],
				"enableIPForwarding": false,
				"networkSecurityGroup": {
					"id": "[resourceId('Microsoft.Network/networkSecurityGroups', variables('webNSGName'))]"
				}
			}
		},
		{
			"type": "Microsoft.Network/networkInterfaces",
			"name": "[concat(parameters('APPvmName'), parameters('APPCountNumber')[copyIndex()],'-', parameters('vmNic1Name'))]",
			"apiVersion": "2016-03-30",
			"location": "[variables('location')]",
			"copy": {
				"name": "networkInterfacesVM",
				"count": "[length(parameters('APPCountNumber'))]"
			},
			"dependsOn": [
				"[concat('Microsoft.Network/loadBalancers/', variables('APPloadBalancerName'))]",
				"[variables('appNSGName')]"
			],
			"properties": {
				"primary": true,
				"ipConfigurations": [{
					"name": "[concat(parameters('APPvmName'),parameters('APPCountNumber')[copyIndex()],'-ipconfig')]",
					"properties": {
						"privateIPAllocationMethod": "Dynamic",
						"subnet": {
							"id": "[toLower(concat(variables('vnetResourceId'), '/subnets/', parameters('APPsubnetName')))]"
						},
						"loadBalancerBackendAddressPools": [{
							"id": "[variables('APPLBBEAddressPoolID')]"
						}]
					}
				}],
				"enableIPForwarding": false,
				"networkSecurityGroup": {
					"id": "[resourceId('Microsoft.Network/networkSecurityGroups', variables('appNSGName'))]"
				}
			}
		},
		{
			"type": "Microsoft.Network/networkInterfaces",
			"name": "[concat(parameters('DBvmName'), parameters('DBCountNumber')[copyIndex()],'-', parameters('vmNic1Name'))]",
			"apiVersion": "2016-03-30",
			"location": "[variables('location')]",
			"copy": {
				"name": "networkInterfacesVM",
				"count": "[length(parameters('DBCountNumber'))]"
			},
			"dependsOn": [
				"[concat('Microsoft.Network/loadBalancers/', variables('DBloadBalancerName'))]",
				"[variables('databaseNSGName')]"
			],
			"properties": {
				"primary": true,
				"ipConfigurations": [{
					"name": "[concat(parameters('DBvmName'),parameters('DBCountNumber')[copyIndex()],'-ipconfig')]",
					"properties": {
						"privateIPAllocationMethod": "Dynamic",
						"subnet": {
							"id": "[toLower(concat(variables('vnetResourceId'), '/subnets/', parameters('DBsubnetName')))]"
						},
						"loadBalancerBackendAddressPools": [{
							"id": "[variables('DBLBBEAddressPoolID')]"
						}]
					}
				}],
				"enableIPForwarding": false,
				"networkSecurityGroup": {
					"id": "[resourceId('Microsoft.Network/networkSecurityGroups', variables('databaseNSGName'))]"
				}
			}
		},
		{
			"type": "Microsoft.Compute/virtualMachines",
			"name": "[concat(parameters('WEBvmName'),parameters('WEBCountNumber')[copyIndex()])]",
			"apiVersion": "2018-06-01",
			"location": "[variables('location')]",
			"copy": {
				"name": "networkInterfacesVM",
				"count": "[length(parameters('WEBCountNumber'))]"
			},
			"properties": {
				"availabilitySet": {
					"id": "[resourceId('Microsoft.Compute/availabilitySets', parameters('WEBASName'))]"
				},
				"osProfile": {
					"computerName": "[concat(parameters('WEBvmName'),parameters('WEBCountNumber')[copyIndex()])]",
					"adminUsername": "[variables('vmAdminUsername')]",
					"adminPassword": "[variables('vmAdminPassword')]",
					"windowsConfiguration": {
						"provisionVMAgent": true,
						"enableAutomaticUpdates": true,
						"winRM": null
					},
					"secrets": []
				},
				"hardwareProfile": {
					"vmSize": "[parameters('WEBvmSize')]"
				},
				"storageProfile": {
					"imageReference": {
						"publisher": "[variables('imagePublisher')]",
						"offer": "[variables('imageOffer')]",
						"sku": "[parameters('WEBwindowsOSVersion')]",
						"version": "latest"
					},
					"osDisk": {
						"createOption": "FromImage",
						"name": "[concat(parameters('WEBvmName'),parameters('WEBCountNumber')[copyIndex()],'-osDisk')]",
						"managedDisk": {
							"storageAccountType": "[parameters('WEBstorageAccType')]"
						}
					},
					"dataDisks": "[parameters('dataDisks')]"
				},

				"diagnosticsProfile": {
					"bootDiagnostics": {
						"enabled": true,
						"storageUri": "[concat('https://', variables('WEBStorageAccountName'), '.blob.core.windows.net')]"
					}
				},
				"networkProfile": {
					"networkInterfaces": [{
						"properties": {
							"primary": true
						},
						"id": "[resourceId('Microsoft.Network/networkInterfaces', concat(parameters('WEBvmName'),parameters('WEBCountNumber')[copyIndex()],'-', parameters('vmNic1Name')))]"
					}]
				}
			},

			"dependsOn": [
				"[resourceId('Microsoft.Storage/storageAccounts/', variables('WEBStorageAccountName'))]",
				"[concat('Microsoft.Network/networkInterfaces/',parameters('WEBvmName'),parameters('WEBCountNumber')[copyIndex()],'-', parameters('vmNic1Name'))]",
				"[resourceId('Microsoft.Compute/AvailabilitySets/', parameters('WEBASName'))]"
			]
		},
		{
			"type": "Microsoft.Compute/virtualMachines",
			"name": "[concat(parameters('APPvmName'),parameters('APPCountNumber')[copyIndex()])]",
			"apiVersion": "2018-06-01",
			"location": "[variables('location')]",
			"copy": {
				"name": "networkInterfacesVM",
				"count": "[length(parameters('APPCountNumber'))]"
			},
			"properties": {
				"availabilitySet": {
					"id": "[resourceId('Microsoft.Compute/availabilitySets', parameters('APPASName'))]"
				},
				"osProfile": {
					"computerName": "[concat(parameters('APPvmName'),parameters('APPCountNumber')[copyIndex()])]",
					"adminUsername": "[variables('vmAdminUsername')]",
					"adminPassword": "[variables('vmAdminPassword')]",
					"windowsConfiguration": {
						"provisionVMAgent": true,
						"enableAutomaticUpdates": true,
						"winRM": null
					},
					"secrets": []
				},
				"hardwareProfile": {
					"vmSize": "[parameters('APPvmSize')]"
				},
				"storageProfile": {
					"imageReference": {
						"publisher": "[variables('imagePublisher')]",
						"offer": "[variables('imageOffer')]",
						"sku": "[parameters('APPwindowsOSVersion')]",
						"version": "latest"
					},
					"osDisk": {
						"createOption": "FromImage",
						"name": "[concat(parameters('APPvmName'),parameters('APPCountNumber')[copyIndex()],'-osDisk')]",
						"managedDisk": {
							"storageAccountType": "[parameters('APPstorageAccType')]"
						}
					},
					"dataDisks": "[parameters('APPdataDisks')]"
				},

				"diagnosticsProfile": {
					"bootDiagnostics": {
						"enabled": true,
						"storageUri": "[concat('https://', variables('APPStorageAccountName'), '.blob.core.windows.net')]"
					}
				},
				"networkProfile": {
					"networkInterfaces": [{
						"properties": {
							"primary": true
						},
						"id": "[resourceId('Microsoft.Network/networkInterfaces', concat(parameters('APPvmName'),parameters('APPCountNumber')[copyIndex()],'-',parameters('vmNic1Name')))]"
					}]
				}
			},

			"dependsOn": [
				"[resourceId('Microsoft.Storage/storageAccounts/', variables('APPStorageAccountName'))]",
				"[concat('Microsoft.Network/networkInterfaces/',parameters('APPvmName'),parameters('APPCountNumber')[copyIndex()],'-', parameters('vmNic1Name'))]",
				"[resourceId('Microsoft.Compute/AvailabilitySets/', parameters('APPASName'))]"
			]
		},
		{
			"type": "Microsoft.Compute/virtualMachines",
			"name": "[concat(parameters('DBvmName'),parameters('DBCountNumber')[copyIndex()])]",
			"apiVersion": "2018-06-01",
			"location": "[variables('location')]",
			"copy": {
				"name": "networkInterfacesVM",
				"count": "[length(parameters('DBCountNumber'))]"
			},
			"properties": {
				"availabilitySet": {
					"id": "[resourceId('Microsoft.Compute/availabilitySets', parameters('DBASName'))]"
				},
				"osProfile": {
					"computerName": "[concat(parameters('DBvmName'),parameters('DBCountNumber')[copyIndex()])]",
					"adminUsername": "[variables('vmAdminUsername')]",
					"adminPassword": "[variables('vmAdminPassword')]",
					"windowsConfiguration": {
						"provisionVMAgent": true,
						"enableAutomaticUpdates": true,
						"winRM": null
					},
					"secrets": []
				},
				"hardwareProfile": {
					"vmSize": "[parameters('DBvmSize')]"
				},
				"storageProfile": {
					"imageReference": {
						"publisher": "[variables('imagePublisher')]",
						"offer": "[variables('imageOffer')]",
						"sku": "[parameters('DBwindowsOSVersion')]",
						"version": "latest"
					},
					"osDisk": {
						"createOption": "FromImage",
						"name": "[concat(parameters('DBvmName'),parameters('DBCountNumber')[copyIndex()],'-osDisk')]",
						"managedDisk": {
							"storageAccountType": "[parameters('DBstorageAccType')]"
						}
					},
					"dataDisks": "[parameters('DBdataDisks')]"
				},

				"diagnosticsProfile": {
					"bootDiagnostics": {
						"enabled": true,
						"storageUri": "[concat('https://', variables('DBStorageAccountName'), '.blob.core.windows.net')]"
					}
				},
				"networkProfile": {
					"networkInterfaces": [{
						"properties": {
							"primary": true
						},
						"id": "[resourceId('Microsoft.Network/networkInterfaces', concat(parameters('DBvmName'),parameters('DBCountNumber')[copyIndex()],'-',parameters('vmNic1Name')))]"
					}]
				}
			},

			"dependsOn": [
				"[resourceId('Microsoft.Storage/storageAccounts/', variables('DBStorageAccountName'))]",
				"[concat('Microsoft.Network/networkInterfaces/',parameters('DBvmName'),parameters('DBCountNumber')[copyIndex()],'-', parameters('vmNic1Name'))]",
				"[resourceId('Microsoft.Compute/AvailabilitySets/', parameters('DBASName'))]"
			]
		}
	]
}