{
    "$schema": "https://schema.management.azure.com/schemas/2019-04-01/deploymentParameters.json#",
    "contentVersion": "1.0.0.0",
    "parameters": {
      "subscriptionId": {
        "value": "cfc18062-78d6-4b71-b71a-c001708cdd09"
      },
      "environment":{
        "value": "dev"
      },
      "WEBCountNumber": {
        "value": [
          "001"
        ]
      },
      "APPCountNumber": {
        "value": [
          "001"
        ]
      },
      "DBCountNumber": {
        "value": [
          "001"
        ]
      },
      "WEBStorageAccountName": {
        "value":"saweb"
      },
      "APPStorageAccountName": {
        "value":"saapp"
      },
      "DBStorageAccountName": {
        "value":"sadb85"
      },
      "APPvmName": {
        "value": "mukapp"
      },
      "APPvmSize": {
        "value": "Standard_D2s_v3"
      },
      "WEBvmName": {
        "value": "mukweb"
      },
      "WEBvmSize": {
        "value": "Standard_D2s_v3"
      },
      "DBvmName": {
        "value": "mukdb"
      },
      "DBvmSize": {
        "value": "Standard_D2s_v3"
      },
      "vmAdminUsername": {
        "value": "azureuser"
      },
      "vmAdminPassword": {
        "reference": {
          "keyVault": {
              "id": "/subscriptions/cfc18062-78d6-4b71-b71a-c001708cdd09/resourceGroups/Mukesh-General/providers/Microsoft.KeyVault/vaults/mukeshKV"
          },
          "secretName": "vmAdminPassword"
      }
      },
      "vnetName": {
        "value": "Mukesh-General-vnet"
      },
      "vnetRG": {
        "value": "Mukesh-General"
      },
      "WEBsubnetName": {
        "value": "default"
      },
      "APPsubnetName": {
        "value": "default"
      },
      "DBsubnetName": {
        "value": "default"
      },
      "APPASName": {
        "value": "avsetApp"
      },
      "WEBASName": {
        "value": "avsetWeb"
      },
      "DBASName": {
        "value": "avsetDB"
      },
      "faultDomain": {
        "value": 2
      },
      "updateDomain": {
        "value": 2
      },
      "dataDisks": {
        "value": [
          {
            "caching": "ReadOnly",
            "createOption": "Empty",
            "diskSizeGB": "32",
            "lun": "0",
            "managedDisk": {
              "storageAccountType": "Standard_LRS"
            }
          }
        ]
      },
      "APPdataDisks": {
        "value": [
          {
            "caching": "ReadOnly",
            "createOption": "Empty",
            "diskSizeGB": "32",
            "lun": "0",
            "managedDisk": {
              "storageAccountType": "Standard_LRS"
            }
          }
        ]
      },
      "DBdataDisks": {
        "value": [
          {
            "caching": "ReadOnly",
            "createOption": "Empty",
            "diskSizeGB": "32",
            "lun": "0",
            "managedDisk": {
              "storageAccountType": "Standard_LRS"
            }
          }
        ]
      },
      "WEBwindowsOSVersion": {
        "value": "2016-Datacenter"
      },
      "WEBstorageAccType": {
        "value": "Standard_LRS"
      },
      "APPwindowsOSVersion": {
        "value": "2016-Datacenter"
      },
      "APPstorageAccType": {
        "value": "Standard_LRS"
      },
      "DBwindowsOSVersion": {
        "value": "2016-Datacenter"
      },
      "DBstorageAccType": {
        "value": "Standard_LRS"
      },
      "WEBloadBalancer": {
        "value": "mukeshweblb"
      },
      "WEBhealthProbeProtcol": {
        "value": "TCP"
      },
      "WEBHTTPrequestPath": {
        "value": "/"
      },
      "WEBfrontEndPort": {
        "value": 80
      },
      "WEBBackEndPort": {
        "value": 80
      },
      "APPloadBalancer": {
        "value": "mukeshapplb"
      },
      "APPhealthProbeProtcol": {
        "value": "TCP"
      },
      "APPHTTPrequestPath": {
        "value": "/"
      },
      "APPfrontEndPort": {
        "value": 80
      },
      "APPBackEndPort": {
        "value": 80
      },
      "DBloadBalancer": {
        "value": "mukeshdblb"
      },
      "DBhealthProbeProtcol": {
        "value": "TCP"
      },
      "DBHTTPrequestPath": {
        "value": "/"
      },
      "DBfrontEndPort": {
        "value": 80
      },
      "DBBackEndPort": {
        "value": 80
      },
      "remoteAllowedCIDR": {
        "value": "0.0.0.0/0"
      },
      "vmNic1Name": {
        "value": "nic1"
      }
    }
  }