{
  "properties": {
    "type": "Microsoft.Authorization/policyDefinitions",
    "name": "diagnostics-apimanagement-deploy",
    "displayName": "Enable Diagnostics - API Management - send to central Log Analytics",
    "description": "Apply diagnostic settings for Azure API Management to send data to central Log Analytics workspace",
    "metadata": {
      "category": "Diagnostics"
    },
    "mode": "All",
    "parameters": {
      "logAnalytics": {
        "type": "string",
        "metadata": {
          "displayName": "Log Analytics workspace",
          "description": "Log Analytics workspace ID",
          "strongType": "omsWorkspace"
        }
      }
    },
    "policyRule": {
      "if": {
        "field": "type",
        "equals": "Microsoft.ApiManagement/service"
      },
      "then": {
        "effect": "deployIfNotExists",
        "details": {
          "type": "Microsoft.Insights/diagnosticSettings",
          "roleDefinitionIds": [
            "/providers/Microsoft.Authorization/roleDefinitions/b24988ac-6180-42a0-ab88-20f7382dd24c"
          ],
          "existenceCondition": {
            "allOf": [
              {
                "field": "Microsoft.Insights/diagnosticSettings/logs.enabled",
                "equals": "True"
              },
              {
                "field": "Microsoft.Insights/diagnosticSettings/metrics.enabled",
                "equals": "True"
              },
              {
                "field": "Microsoft.Insights/diagnosticSettings/workspaceId",
                "matchInsensitively": "[parameters('logAnalytics')]"
              }
            ]
          },
          "deployment": {
            "properties": {
              "mode": "incremental",
              "template": {
                "$schema": "http://schema.management.azure.com/schemas/2015-01-01/deploymentTemplate.json#",
                "contentVersion": "1.0.0.0",
                "parameters": {
                  "resourceName": {
                    "type": "string"
                  },
                  "logAnalytics": {
                    "type": "string"
                  },
                  "location": {
                    "type": "string"
                  }
                },
                "variables": {},
                "resources": [
                  {
                    "type": "Microsoft.ApiManagement/service/providers/diagnosticSettings",
                    "apiVersion": "2017-05-01-preview",
                    "name": "[concat(parameters('resourceName'), '/', 'Microsoft.Insights/setByPolicy')]",
                    "location": "[parameters('location')]",
                    "dependsOn": [],
                    "properties": {
                      "workspaceId": "[parameters('logAnalytics')]",
                      "metrics": [
                        {
                          "category": "Gateway Requests",
                          "enabled": true,
                          "retentionPolicy": {
                            "days": 0,
                            "enabled": false
                          },
                          "timeGrain": null
                        },
                        {
                          "category": "Capacity",
                          "enabled": true,
                          "retentionPolicy": {
                            "days": 0,
                            "enabled": false
                          },
                          "timeGrain": null
                        },
                        {
                          "category": "EventHub Events",
                          "enabled": true,
                          "retentionPolicy": {
                            "days": 0,
                            "enabled": false
                          },
                          "timeGrain": null
                        },
                        {
                          "category": "Network Status",
                          "enabled": true,
                          "retentionPolicy": {
                            "days": 0,
                            "enabled": false
                          },
                          "timeGrain": null
                        }
                      ],
                      "logs": [
                        {
                          "category": "GatewayLogs",
                          "enabled": true
                        }
                      ]
                    }
                  }
                ],
                "outputs": {}
              },
              "parameters": {
                "logAnalytics": {
                  "value": "[parameters('logAnalytics')]"
                },
                "location": {
                  "value": "[field('location')]"
                },
                "resourceName": {
                  "value": "[field('name')]"
                }
              }
            }
          }
        }
      }
    }
  }
}