{
  "properties": {
    "type": "Microsoft.Authorization/policyDefinitions",
    "name": "diagnostics-appservice-deploy",
    "displayName": "Enable Diagnostics - App Services - send to central Log Analytics and Event Hub",
    "description": "Apply diagnostic settings for Azure App Services to send data to central Log Analytics workspace",
    "metadata": {
      "category": "Diagnostics"
    },
    "mode": "All",
    "parameters": {
      "logAnalytics": {
        "type": "String",
        "metadata": {
          "displayName": "Log Analytics workspace",
          "description": "Select Log Analytics workspace from dropdown list",
          "strongType": "omsWorkspace",
          "assignPermissions": true
        }
      },
      "eventHubName": {
        "type": "String",
        "metadata": {
          "displayName": "Event Hub Name",
          "description": "The Event Hub Name for Azure Diagnostics.",
          "strongType": "Microsoft.EventHub/Namespaces/EventHubs",
          "assignPermissions": true
        }
      },
      "eventHubRuleId": {
        "type": "String",
        "metadata": {
          "displayName": "Event Hub Authorization Rule Id",
          "description": "The Event Hub authorization rule Id for Azure Diagnostics. The authorization rule needs to be at Event Hub namespace level. e.g. /subscriptions/{subscription Id}/resourceGroups/{resource group}/providers/Microsoft.EventHub/namespaces/{Event Hub namespace}/authorizationrules/{authorization rule}",
          "strongType": "Microsoft.EventHub/Namespaces/AuthorizationRules",
          "assignPermissions": true
        }
      },
      "effect": {
        "type": "String",
        "metadata": {
          "displayName": "Effects",
          "description": "Enable or disable the execution of the Policy."
        },
        "allowedValues": [
          "DeployIfNotExists",
          "Disabled"
        ],
        "defaultValue": "DeployIfNotExists"
      },
      "profileName": {
        "type": "String",
        "metadata": {
          "displayName": "Profile name",
          "description": "The diagnostic settings profile name"
        },
        "defaultValue": "setByPolicy"
      }
    },
    "policyRule": {
      "if": {
        "allOf": [
          {
            "field": "type",
            "equals": "Microsoft.Web/sites"
          },
          {
            "field": "kind",
            "matchInsensitively": "app"
          }
        ]
      },
      "then": {
        "effect": "[parameters('effect')]",
        "details": {
          "type": "Microsoft.Insights/diagnosticSettings",
          "roleDefinitionIds": [
            "/providers/Microsoft.Authorization/roleDefinitions/b24988ac-6180-42a0-ab88-20f7382dd24c"
          ],
          "ExistenceCondition": {
            "allOf": [
              {
                "field": "Microsoft.Insights/diagnosticSettings/workspaceId",
                "equals": "[parameters('logAnalytics')]"
              },
              {
                "field": "Microsoft.Insights/diagnosticSettings/eventHubName",
                "equals": "[last(split(parameters('eventHubName'), '/'))]"
              },
              {
                "field": "Microsoft.Insights/diagnosticSettings/eventHubAuthorizationRuleId",
                "equals": "[parameters('eventHubRuleId')]"
              },
              {
                "field": "Microsoft.Insights/diagnosticSettings/logs.enabled",
                "equals": "true"
              },
              {
                "field": "name",
                "equals": "[parameters('profileName')]"
              }
            ]
          },
		  "roleDefinitionIds": [
            "/providers/Microsoft.Authorization/roleDefinitions/b24988ac-6180-42a0-ab88-20f7382dd24c"
          ],
          "deployment": {
            "properties": {
              "mode": "incremental",
              "template": {
                "$schema": "http://schema.management.azure.com/schemas/2015-01-01/deploymentTemplate.json#",
                "contentVersion": "1.0.0.0",
                "parameters": {
                  "logAnalytics": {
                    "type": "String"
                  },
                  "profileName": {
                    "type": "String"
                  },
                  "eventHubName": {
                    "type": "String"
                  },
                  "eventHubRuleId": {
                    "type": "String"
                  }
                },
                "variables": {},
                "resources": [
                  {
                    "type": "Microsoft.Web/sites/providers/diagnosticSettings",
                    "apiVersion": "2017-05-01-preview",
                    "name": "[concat(parameters('resourceName'), '/', 'Microsoft.Insights/setByPolicy')]",
                    "location": "[parameters('location')]",
                    "dependsOn": [],
                    "properties": {
                      "workspaceId": "[parameters('logAnalytics')]",
					            "eventHubName": "[last(split(parameters('eventHubName'), '/'))]",
					            "eventHubAuthorizationRuleId": "[parameters('eventHubRuleId')]",
                      "metrics": [
                        {
                          "category": "AllMetrics",
                          "enabled": true,
                          "retentionPolicy": {
                            "days": 0,
                            "enabled": false
                          },
                          "timeGrain": null
                        }
                      ],
                      "logs":[
                        {
                          "category":"AppServiceHTTPLogs",
                          "enabled":true
                        },
                        {
                          "category":"AppServiceConsoleLogs",
                          "enabled":true
                        },
                        {
                          "category":"AppServiceAppLogs",
                          "enabled":true
                        },
                        {
                          "category":"AppServiceFileAuditLogs",
                          "enabled":true
                        },
                        {
                          "category":"AppServiceAuditLogs",
                          "enabled":true
                        },
                        {
                          "category":"AppServiceIPSecAuditLogs",
                          "enabled":true
                        },
                        {
                          "category":"AppServicePlatformLogs",
                          "enabled":true
                        }
                      ]
                    }
                  }
                ],
                "outputs": {}
              },
              "parameters": {
                "logAnalytics": {
                  "value": "[parameters('logAnalytics')]"
                },
                "eventHubName": {
                  "value": "[parameters('eventHubName')]"
                },
                "eventHubRuleId": {
                  "value": "[parameters('eventHubRuleId')]"
                },
                "profileName": {
                  "value": "[parameters('profileName')]"
                }
              }
            }
          }
        }
      }
    }
  }
}