{
    "properties": {
        "mode": "All",
		"name": "loganalytics-auditing-eventhub-deploy",
        "displayName": "Deploy Log analytics Auditing Settings to Event Hub",
        "description": "Deploys Log analytics Auditing Settings to stream to an Event Hub.",
        "metadata": {
            "category": "Monitoring"
        },
        "parameters": {
            "profileName": {
                "type": "String",
                "metadata": {
                    "displayName": "Profile name",
                    "description": "The diagnostic settings profile name"
                },
                "defaultValue": "setbypolicy_eventHub"
            },
            "eventHubName": {
                "type": "String",
                "metadata": {
                    "displayName": "EventHub Name",
                    "description": "The event hub for Azure Diagnostics",
                    "strongType": "Microsoft.EventHub/Namespaces/EventHubs",
                    "assignPermissions": true
                }
            },
            "eventHubRuleId": {
                "type": "String",
                "metadata": {
                    "displayName": "Event Hub Authorization Rule Id",
                    "description": "The Event Hub authorization rule Id for Azure Diagnostics. The authorization rule needs to be at Event Hub namespace level. e.g. /subscriptions/{subscription Id}/resourceGroups/{resource group}/providers/Microsoft.EventHub/namespaces/{Event Hub namespace}/authorizationrules/{authorization rule}",
                    "strongType": "Microsoft.EventHub/Namespaces/AuthorizationRules",
                    "assignPermissions": true
                }
            },
            "logsEnabled": {
                "type": "String",
                "metadata": {
                    "displayName": "Enable Logs",
                    "description": "Enable Logs - True or False"
                },
                "allowedValues": [
                    "True",
                    "False"
                ],
                "defaultValue": "True"
            }
        },
        "policyRule": {
            "if": {
                "field": "type",
                "equals": "Microsoft.OperationalInsights/workspaces"
            },
            "then": {
                "effect": "deployIfNotExists",
                "details": {
                    "type": "Microsoft.Insights/diagnosticSettings",
                    "ExistenceCondition": {
                        "allOf": [
                            {
                                "field": "Microsoft.Insights/diagnosticSettings/logs.enabled",
                                "equals": "[parameters('logsEnabled')]"
                            },
                            {
                                "field": "Microsoft.Insights/diagnosticSettings/eventHubName",
                                "equals": "[parameters('eventHubName')]"
                            }
                        ]
                    },
                    "roleDefinitionIds": [
                        "/providers/Microsoft.Authorization/roleDefinitions/b24988ac-6180-42a0-ab88-20f7382dd24c"
                    ],
                    "deployment": {
                        "properties": {
                            "mode": "incremental",
                            "template": {
                                "$schema": "http://schema.management.azure.com/schemas/2015-01-01/deploymentTemplate.json#",
                                "contentVersion": "1.0.0.0",
                                "parameters": {
                                    "fullName": {
                                        "type": "string"
                                    },
                                    "location": {
                                        "type": "string"
                                    },
                                    "eventHubName": {
                                        "type": "string"
                                    },
                                    "eventHubRuleId": {
                                        "type": "string"
                                    },
                                    "logsEnabled": {
                                        "type": "string"
                                    },
                                    "profileName": {
                                        "type": "string"
                                    }
                                },
                                "variables": {},
                                "resources": [
                                    {
                                        "type": "Microsoft.OperationalInsights/workspaces/providers/diagnosticSettings",
                                        "apiVersion": "2019-08-01-preview",
                                        "name": "[concat(parameters('fullName'), '/', 'Microsoft.Insights/', parameters('profileName'))]",
                                        "location": "[parameters('location')]",
                                        "dependsOn": [],
                                        "properties": {
                                            "eventHubName": "[parameters('eventHubName')]",
                                            "eventHubAuthorizationRuleId": "[parameters('eventHubRuleId')]",
                                            "logs": [
                                                {
                                                    "category": "Audit",
                                                    "enabled": "[parameters('logsEnabled')]"
                                                }
                                            ]
                                        }
                                    }
                                ],
                                "outputs": {
                                    "policy": {
                                        "type": "string",
                                        "value": "[concat(parameters('eventHubName'), 'configured for diagnostic logs for ', ': ', parameters('fullName'))]"
                                    }
                                }
                            },
                            "parameters": {
                                "eventHubName": {
                                    "value": "[parameters('eventHubName')]"
                                },
                                "location": {
                                    "value": "[field('location')]"
                                },
                                "fullName": {
                                    "value": "[field('fullName')]"
                                },
                                "eventHubRuleId": {
                                    "value": "[parameters('eventHubRuleId')]"
                                },
                                "logsEnabled": {
                                    "value": "[parameters('logsEnabled')]"
                                },
                                "profileName": {
                                    "value": "[parameters('profileName')]"
                                }
                            }
                        }
                    }
                }
            }
        }
    }
}