{
  "Name": "Standard User",
  "Id": "df0a37c5-0777-450f-a404-bd8ab688d528",
  "IsCustom": true,
  "Description": "Virtual Machine Contributor rights only",
  "Actions": [
    "Microsoft.Authorization/*/read",
    "Microsoft.Compute/availabilitySets/*",
    "Microsoft.Compute/locations/*",
    "Microsoft.Compute/virtualMachines/*",
    "Microsoft.Compute/virtualMachineScaleSets/*",
    "Microsoft.DevTestLab/schedules/*",
    "Microsoft.Insights/alertRules/*",
    "Microsoft.Network/applicationGateways/backendAddressPools/join/action",
    "Microsoft.Network/loadBalancers/backendAddressPools/join/action",
    "Microsoft.Network/loadBalancers/inboundNatPools/join/action",
    "Microsoft.Network/loadBalancers/inboundNatRules/join/action",
    "Microsoft.Network/loadBalancers/probes/join/action",
    "Microsoft.Network/loadBalancers/read",
    "Microsoft.Network/locations/*",
    "Microsoft.Network/networkInterfaces/*",
    "Microsoft.Network/networkSecurityGroups/join/action",
    "Microsoft.Network/networkSecurityGroups/read",
    "Microsoft.Network/publicIPAddresses/join/action",
    "Microsoft.Network/publicIPAddresses/read",
    "Microsoft.Network/virtualNetworks/read",
    "Microsoft.Network/virtualNetworks/subnets/join/action",
    "Microsoft.RecoveryServices/locations/*",
    "Microsoft.RecoveryServices/Vaults/backupFabrics/backupProtectionIntent/write",
    "Microsoft.RecoveryServices/Vaults/backupFabrics/protectionContainers/protectedItems/*/read",
    "Microsoft.RecoveryServices/Vaults/backupFabrics/protectionContainers/protectedItems/read",
    "Microsoft.RecoveryServices/Vaults/backupFabrics/protectionContainers/protectedItems/write",
    "Microsoft.RecoveryServices/Vaults/backupPolicies/read",
    "Microsoft.RecoveryServices/Vaults/backupPolicies/write",
    "Microsoft.RecoveryServices/Vaults/read",
    "Microsoft.RecoveryServices/Vaults/usages/read",
    "Microsoft.RecoveryServices/Vaults/write",
    "Microsoft.ResourceHealth/availabilityStatuses/read",
    "Microsoft.Resources/deployments/*",
    "Microsoft.Resources/subscriptions/resourceGroups/read",
    "Microsoft.SqlVirtualMachine/*",
    "Microsoft.Storage/storageAccounts/listKeys/action",
    "Microsoft.Storage/storageAccounts/read",
    "Microsoft.Support/*"
  ],
  "NotActions": [],
  "DataActions": [],
  "NotDataActions": [],
  "AssignableScopes": [
    "/"
  ]
}