{
    "$schema": "https://schema.management.azure.com/schemas/2015-01-01/deploymentTemplate.json#",
    "contentVersion": "1.0.0.0",
    "parameters": {
        "subscriptionID": {
          "type": "string"
        },	
        "workspaceName": {
          "type": "string"
        },
		"workspaceResourceGroup": {
          "type": "string"
        },
        "location": {
            "type": "string"
        },
        "actionGroupName": {
          "type": "string"
        },
		"actionGroupResourceGroup": {
          "type": "string"
        }
      },
    "variables": { 
		"workspaceID": "[concat('/subscriptions/',parameters('subscriptionID'), '/resourcegroups/', parameters('workspaceResourceGroup'),'/providers/microsoft.operationalinsights/workspaces/',parameters('workspaceName'))]",
		"actionGroupId": "[concat('/subscriptions/',parameters('subscriptionID'), '/resourcegroups/', parameters('actionGroupResourceGroup'),'/providers/microsoft.insights/actionGroups/',parameters('actionGroupName'))]"
		},
    "resources":[ 
        {
            "type":"Microsoft.Insights/scheduledQueryRules",
            "name":"Azure SQL Storage capacity warning",
            "apiVersion": "2018-04-16",
            "location": "[parameters('location')]",
            "properties":{
                "description": "Azure SQL Storage capacity warning",
                "enabled": "true",
                "schedule":{
                    "frequencyInMinutes": 60,
                    "timeWindowInMinutes": 60
                },
                "source": {
                    "query": "AzureMetrics \n| where ResourceProvider==\"MICROSOFT.SQL\" \n| where ResourceId contains \"/DATABASES/\" \n| where MetricName==\"storage_percent\" \n| where TimeGenerated > ago(60m) \n| where Maximum > 75 \n | summarize arg_max(TimeGenerated, *) by Resource",
                    "dataSourceId": "[variables('workspaceID')]",
                    "queryType":"ResultCount"
                },
                "action":{
                    "odata.type": "Microsoft.WindowsAzure.Management.Monitoring.Alerts.Models.Microsoft.AppInsights.Nexus.DataContracts.Resources.ScheduledQueryRules.AlertingAction",
                    "severity": "4",
                    "aznsAction":{
                        "actionGroup": "[array(variables('actionGroupId'))]"
                    },
                    "trigger":{
                        "thresholdOperator": "GreaterThan",
                        "threshold": 0
                    }
                }
            }
        },
        {
            "type":"Microsoft.Insights/scheduledQueryRules",
            "name": "Azure SQL Delete Activity",
            "apiVersion": "2018-04-16",
            "location": "[parameters('location')]",
            "properties":{
                "description": "Azure SQL Delete Activity",
                "enabled": "true",
                "schedule":{
                    "frequencyInMinutes": 60,
                    "timeWindowInMinutes": 60
                },
                "source": {
                    "query": "AzureActivity \n| where OperationName == \"Delete SQL database\"  or OperationName == \"Delete SQL server\" \n| where ActivityStatus == \"Accepted\" and ResourceProvider == \"Microsoft SQL\" \n| project EventSubmissionTimestamp , Asset=ResourceId, OperationId, Caller, ResourceGroup, OperationName",
                    "dataSourceId": "[variables('workspaceID')]",
                    "queryType":"ResultCount"
                },
                "action":{
                    "odata.type": "Microsoft.WindowsAzure.Management.Monitoring.Alerts.Models.Microsoft.AppInsights.Nexus.DataContracts.Resources.ScheduledQueryRules.AlertingAction",
                    "severity": "4",
                    "aznsAction":{
                        "actionGroup": "[array(variables('actionGroupId'))]"
                    },
                    "trigger":{
                        "thresholdOperator": "GreaterThan",
                        "threshold": 0
                    }
                }
            }
        },
        {
            "type":"Microsoft.Insights/scheduledQueryRules",
            "name": "Azure Data Factory - Instance was Deleted",
            "apiVersion": "2018-04-16",
            "location": "[parameters('location')]",
            "properties":{
                "description": "Azure Data Factory - Instance was Deleted",
                "enabled": "true",
                "schedule":{
                    "frequencyInMinutes": 30,
                    "timeWindowInMinutes": 30
                },
                "source": {
                    "query": "AzureActivity \n| where OperationName == \"Delete Data Factory\" \n|  where ActivityStatus == \"Succeeded\" and ResourceProvider == \"Microsoft.DATAFACTORY\" \n| project EventSubmissionTimestamp, Asset=Resource, ResourceId, OperationId, Caller, ResourceGroup, OperationName",
                    "dataSourceId": "[variables('workspaceID')]",
                    "queryType":"ResultCount"
                },
                "action":{
                    "odata.type": "Microsoft.WindowsAzure.Management.Monitoring.Alerts.Models.Microsoft.AppInsights.Nexus.DataContracts.Resources.ScheduledQueryRules.AlertingAction",
                    "severity": "4",
                    "aznsAction":{
                        "actionGroup": "[array(variables('actionGroupId'))]"
                    },
                    "trigger":{
                        "thresholdOperator": "GreaterThan",
                        "threshold": 0
                    }
                }
            }
        },
        {
            "type":"Microsoft.Insights/scheduledQueryRules",
            "name": "Application Insights - Web Test Availability",
            "apiVersion": "2018-04-16",
            "location": "[parameters('location')]",
            "properties":{
                "description": "Application Insights - Web Test Availability",
                "enabled": "true",
                "schedule":{
                    "frequencyInMinutes": 5,
                    "timeWindowInMinutes": 5
                },
                "source": {
                    "query": "availabilityResults \n| where  message !=\"Passed\" \n| project name, success, timestamp, location, message, duration, itemType, appId, appName, itemCount, Asset= strcat(name, \"-\", appName) \n| summarize AggregatedValue=count(success) by name, Asset, bin(timestamp, 5m), success, location, message, duration, MetricName=itemType, appId, MetricValue=itemCount, Resource=appName",
                    "dataSourceId": "[variables('workspaceID')]",
                    "queryType":"ResultCount"
                },
                "action":{
                    "odata.type": "Microsoft.WindowsAzure.Management.Monitoring.Alerts.Models.Microsoft.AppInsights.Nexus.DataContracts.Resources.ScheduledQueryRules.AlertingAction",
                    "severity": "4",
                    "aznsAction":{
                        "actionGroup": "[array(variables('actionGroupId'))]"
                    },
                    "trigger":{
                        "thresholdOperator": "GreaterThan",
                        "threshold": 3
                    }
                }
            }
        },
        {
            "type":"Microsoft.Insights/scheduledQueryRules",
            "name": "Application Insights - Web Test HTTP 5xx Errors",
            "apiVersion": "2018-04-16",
            "location": "[parameters('location')]",
            "properties":{
                "description": "Application Insights - Web Test HTTP 5xx Errors",
                "enabled": "true",
                "schedule":{
                    "frequencyInMinutes": 5,
                    "timeWindowInMinutes": 5
                },
                "source": {
                    "query": "requests \n| where  resultCode startswith \"5\" \n| project url, success, timestamp, itemType, appId, appName, itemCount, Asset= strcat(name, \"-\", appName), resultCode \n| summarize AggregatedValue=count(resultCode) by  Asset, bin(timestamp, 5m), success, url, MetricName=itemType, appId, MetricValue=itemCount, Resource=appName, resultCode",
                    "dataSourceId": "[variables('workspaceID')]",
                    "queryType":"ResultCount"
                },
                "action":{
                    "odata.type": "Microsoft.WindowsAzure.Management.Monitoring.Alerts.Models.Microsoft.AppInsights.Nexus.DataContracts.Resources.ScheduledQueryRules.AlertingAction",
                    "severity": "4",
                    "aznsAction":{
                        "actionGroup": "[array(variables('actionGroupId'))]"
                    },
                    "trigger":{
                        "thresholdOperator": "GreaterThan",
                        "threshold": 0
                    }
                }
            }
        },
        {
            "type":"Microsoft.Insights/scheduledQueryRules",
            "name": "Application Insights - Web Test HTTP 4xx Errors",
            "apiVersion": "2018-04-16",
            "location": "[parameters('location')]",
            "properties":{
                "description": "Application Insights - Web Test HTTP 4xx Errors",
                "enabled": "true",
                "schedule":{
                    "frequencyInMinutes": 5,
                    "timeWindowInMinutes": 5
                },
                "source": {
                    "query": "requests \n| where resultCode startswith \"4\" \n| project url, success, timestamp, itemType, appId, appName, itemCount, Asset= strcat(name, \"-\", appName), resultCode \n| summarize AggregatedValue=count(resultCode) by Asset, bin(timestamp, 5m), success, url, MetricName=itemType, appId, MetricValue=itemCount, Resource=appName, resultCode",
                    "dataSourceId": "[variables('workspaceID')]",
                    "queryType":"ResultCount"
                },
                "action":{
                    "odata.type": "Microsoft.WindowsAzure.Management.Monitoring.Alerts.Models.Microsoft.AppInsights.Nexus.DataContracts.Resources.ScheduledQueryRules.AlertingAction",
                    "severity": "4",
                    "aznsAction":{
                        "actionGroup": "[array(variables('actionGroupId'))]"
                    },
                    "trigger":{
                        "thresholdOperator": "GreaterThan",
                        "threshold": 0
                    }
                }
            }
        },
        {
            "type":"Microsoft.Insights/scheduledQueryRules",
            "name": "Application Insights - Web Test Latency",
            "apiVersion": "2018-04-16",
            "location": "[parameters('location')]",
            "properties":{
                "description": "Application Insights - Web Test Latency",
                "enabled": "true",
                "schedule":{
                    "frequencyInMinutes": 5,
                    "timeWindowInMinutes": 5
                },
                "source": {
                    "query": "availabilityResults \n| where  message ==\"Passed\" \n| project name, success, timestamp, location, message, duration, itemType, appId, appName, itemCount, Asset= strcat(name, \"-\", appName)  \n| summarize AggregatedValue=min(duration) by name, Asset, bin(timestamp, 5m), success, location, message, duration, MetricName=itemType, appId, MetricValue=itemCount, Resource=appName \n| where AggregatedValue > 500",
                    "dataSourceId": "[variables('workspaceID')]",
                    "queryType":"ResultCount"
                },
                "action":{
                    "odata.type": "Microsoft.WindowsAzure.Management.Monitoring.Alerts.Models.Microsoft.AppInsights.Nexus.DataContracts.Resources.ScheduledQueryRules.AlertingAction",
                    "severity": "4",
                    "aznsAction":{
                        "actionGroup": "[array(variables('actionGroupId'))]"
                    },  
                "trigger":{
                    "thresholdOperator": "GreaterThan",
                    "threshold": 0
                    }
                }
            }
        },
        {
            "type":"Microsoft.Insights/scheduledQueryRules",
            "name": "Automation Account - Runbook Job Fails",
            "apiVersion": "2018-04-16",
            "location": "[parameters('location')]",
            "properties":{
                "description": "Automation Account - Runbook Job Fails",
                "enabled": "true",
                "schedule":{
                    "frequencyInMinutes": 15,
                    "timeWindowInMinutes": 15
                },
                "source": {
                    "query": "AzureDiagnostics \n| where ResourceProvider == \"MICROSOFT.AUTOMATION\" and Category == \"JobLogs\" and (ResultType == \"Failed\" or ResultType == \"Suspended\") \n| summarize AggregatedValue = count() by RunbookName_s",
                    "dataSourceId": "[variables('workspaceID')]",
                    "queryType":"ResultCount"
                },
                "action":{
                    "odata.type": "Microsoft.WindowsAzure.Management.Monitoring.Alerts.Models.Microsoft.AppInsights.Nexus.DataContracts.Resources.ScheduledQueryRules.AlertingAction",
                    "severity": "4",
                    "aznsAction":{
                        "actionGroup": "[array(variables('actionGroupId'))]"
                    },
                    "trigger":{
                        "thresholdOperator": "GreaterThan",
                        "threshold": 0
                    }
                }
            }
        },
        {
            "type":"Microsoft.Insights/scheduledQueryRules",
            "name": "Azure Data Factory - Pipeline has failed",
            "apiVersion": "2018-04-16",
            "location": "[parameters('location')]",
            "properties":{
                "description": "Azure Data Factory - Pipeline has failed",
                "enabled": "true",
                "schedule":{
                    "frequencyInMinutes": 15,
                    "timeWindowInMinutes": 15
                },
                "source": {
                    "query": "ADFActivityRun \n| where Status == \"Failed\" \n| where ErrorMessage !contains \"Activity failed because an inner activity failed\" \n| project TimeGenerated, ResourceId, OuterMessage=PipelineName, Activity=OperationName, InnerMostMessage=ErrorMessage, AdditionalData=PipelineRunId",
                    "dataSourceId": "[variables('workspaceID')]",
                    "queryType":"ResultCount"
                },
                "action":{
                    "odata.type": "Microsoft.WindowsAzure.Management.Monitoring.Alerts.Models.Microsoft.AppInsights.Nexus.DataContracts.Resources.ScheduledQueryRules.AlertingAction",
                    "severity": "4",
                    "aznsAction":{
                        "actionGroup": "[array(variables('actionGroupId'))]"
                    },
                    "trigger":{
                        "thresholdOperator": "GreaterThan",
                        "threshold": 0
                    }
                }
            }
        },
        {
            "type":"Microsoft.Insights/scheduledQueryRules",
            "name": "API Management - Unauthorized Requests",
            "apiVersion": "2018-04-16",
            "location": "[parameters('location')]",
            "properties":{
                "description": "API Management - Unauthorized Requests",
                "enabled": "true",
                "schedule":{
                    "frequencyInMinutes": 15,
                    "timeWindowInMinutes": 15
                },
                "source": {
                    "query": "AzureMetrics \n| where ResourceProvider == \"MICROSOFT.APIMANAGEMENT\" and MetricName == \"UnauthorizedRequests\" \n| summarize AggregatedValue=max(Maximum) by bin(TimeGenerated,15m), SubscriptionId, ResourceId, Asset=Resource, MetricName='UnauthorizedRequests'",
                    "dataSourceId": "[variables('workspaceID')]",
                    "queryType":"ResultCount"
                },
                "action":{
                    "odata.type": "Microsoft.WindowsAzure.Management.Monitoring.Alerts.Models.Microsoft.AppInsights.Nexus.DataContracts.Resources.ScheduledQueryRules.AlertingAction",
                    "severity": "4",
                    "aznsAction":{
                        "actionGroup": "[array(variables('actionGroupId'))]"
                    },
                    "trigger":{
                        "thresholdOperator": "GreaterThan",
                        "threshold": 15
                    }
                }
            }
        },
        {
            "type":"Microsoft.Insights/scheduledQueryRules",
            "name": "API Management - Failed Requests",
            "apiVersion": "2018-04-16",
            "location": "[parameters('location')]",
            "properties":{
                "description": "API Management - Failed Requests",
                "enabled": "true",
                "schedule":{
                    "frequencyInMinutes": 15,
                    "timeWindowInMinutes": 15
                },
                "source": {
                    "query": "AzureMetrics \n| where ResourceProvider == \"MICROSOFT.APIMANAGEMENT\" and MetricName == \"FailedRequests\" \n| summarize AggregatedValue=max(Maximum) by bin(TimeGenerated,15m), SubscriptionId, ResourceId, Asset = Resource, MetricName = 'FailedRequests'",
                    "dataSourceId": "[variables('workspaceID')]",
                    "queryType":"ResultCount"
                },
                "action":{
                    "odata.type": "Microsoft.WindowsAzure.Management.Monitoring.Alerts.Models.Microsoft.AppInsights.Nexus.DataContracts.Resources.ScheduledQueryRules.AlertingAction",
                    "severity": "4",
                    "aznsAction":{
                        "actionGroup": "[array(variables('actionGroupId'))]"
                    },
                    "trigger":{
                        "thresholdOperator": "GreaterThan",
                        "threshold": 15
                    }
                }
            }
        },
        {
            "type":"Microsoft.Insights/scheduledQueryRules",
            "name": "API Management - Capacity high",
            "apiVersion": "2018-04-16",
            "location": "[parameters('location')]",
            "properties":{
                "description": "API Management - Capacity high",
                "enabled": "true",
                "schedule":{
                    "frequencyInMinutes": 5,
                    "timeWindowInMinutes": 5
                },
                "source": {
                    "query": "AzureMetrics \n| where ResourceProvider == \"MICROSOFT.APIMANAGEMENT\"  \n| where MetricName == \"Capacity\" \n| summarize AggregatedValue=max(Maximum) by bin(TimeGenerated,5m), SubscriptionId, ResourceId, Asset=Resource, MetricName='Capacity'",
                    "dataSourceId": "[variables('workspaceID')]",
                    "queryType":"ResultCount"
                },
                "action":{
                    "odata.type": "Microsoft.WindowsAzure.Management.Monitoring.Alerts.Models.Microsoft.AppInsights.Nexus.DataContracts.Resources.ScheduledQueryRules.AlertingAction",
                    "severity": "4",
                    "aznsAction":{
                        "actionGroup": "[array(variables('actionGroupId'))]"
                    },
                    "trigger":{
                        "thresholdOperator": "GreaterThan",
                        "threshold": 95
                    }
                }
            }
        },
        {
            "type":"Microsoft.Insights/scheduledQueryRules",
            "name": "Application Gateway - Failed Requests",
            "apiVersion": "2018-04-16",
            "location": "[parameters('location')]",
            "properties":{
                "description": "Application Gateway - Failed Requests",
                "enabled": "true",
                "schedule":{
                    "frequencyInMinutes": 5,
                    "timeWindowInMinutes": 5
                },
                "source": {
                    "query": "AzureMetrics \n| where ResourceProvider == \"MICROSOFT.NETWORK\"  \n| where MetricName == \"FailedRequests\" \n| summarize AggregatedValue=sum(Count) by bin(TimeGenerated,5m), SubscriptionId, ResourceId, Asset=Resource, MetricName = 'FailedRequests'",
                    "dataSourceId": "[variables('workspaceID')]",
                    "queryType":"ResultCount"
                },
                "action":{
                    "odata.type": "Microsoft.WindowsAzure.Management.Monitoring.Alerts.Models.Microsoft.AppInsights.Nexus.DataContracts.Resources.ScheduledQueryRules.AlertingAction",
                    "severity": "4",
                    "aznsAction":{
                        "actionGroup": "[array(variables('actionGroupId'))]"
                    },
                    "trigger":{
                        "thresholdOperator": "GreaterThan",
                        "threshold": 20
                    }
                }
            }
        },
        {
            "type":"Microsoft.Insights/scheduledQueryRules",
            "name": "Web App - High CPU Time",
            "apiVersion": "2018-04-16",
            "location": "[parameters('location')]",
            "properties":{
                "description": "Web Application CPU Time over 95%",
                "enabled": "true",
                "schedule":{
                    "frequencyInMinutes": 5,
                    "timeWindowInMinutes": 5
                },
                "source": {
                    "query": "AzureMetrics \n| where ResourceProvider == \"MICROSOFT.WEB\" \n| where MetricName == \"CpuTime\" \n| summarize AggregatedValue=avg(Average) by bin(TimeGenerated,5m), SubscriptionId, ResourceId, Asset=Resource, MetricName=\"CpuTime\"",
                    "dataSourceId": "[variables('workspaceID')]",
                    "queryType":"ResultCount"
                },
                "action":{
                    "odata.type": "Microsoft.WindowsAzure.Management.Monitoring.Alerts.Models.Microsoft.AppInsights.Nexus.DataContracts.Resources.ScheduledQueryRules.AlertingAction",
                    "severity": "4",
                    "aznsAction":{
                        "actionGroup": "[array(variables('actionGroupId'))]"
                    },
                    "trigger":{
                        "thresholdOperator": "GreaterThan",
                        "threshold": 95
                    }
                }
            }
        },
        {
            "type":"Microsoft.Insights/scheduledQueryRules",
            "name": "Web App - High CPU Percentage",
            "apiVersion": "2018-04-16",
            "location": "[parameters('location')]",
            "properties":{
                "description": "Web Application CPU over 95%",
                "enabled": "true",
                "schedule":{
                    "frequencyInMinutes": 5,
                    "timeWindowInMinutes": 5
                },
                "source": {
                    "query": "AzureMetrics \n| where ResourceProvider == \"MICROSOFT.WEB\" \n| where MetricName == \"CpuPercentage\" \n| summarize AggregatedValue=avg(Average) by bin(TimeGenerated,5m), SubscriptionId, ResourceId, Asset=Resource, MetricName=\"CPUPercentage\"",
                    "dataSourceId": "[variables('workspaceID')]",
                    "queryType":"ResultCount"
                },
                "action":{
                    "odata.type": "Microsoft.WindowsAzure.Management.Monitoring.Alerts.Models.Microsoft.AppInsights.Nexus.DataContracts.Resources.ScheduledQueryRules.AlertingAction",
                    "severity": "4",
                    "aznsAction":{
                        "actionGroup": "[array(variables('actionGroupId'))]"
                    },
                    "trigger":{
                        "thresholdOperator": "GreaterThan",
                        "threshold": 95
                    }
                }
            }
        },
        {
            "type":"Microsoft.Insights/scheduledQueryRules",
            "name": "Web App - High Memory Percentage",
            "apiVersion": "2018-04-16",
            "location": "[parameters('location')]",
            "properties":{
                "description": "Web Application Memory over 95%",
                "enabled": "true",
                "schedule":{
                    "frequencyInMinutes": 5,
                    "timeWindowInMinutes": 5
                },
                "source": {
                    "query": "AzureMetrics \n| where ResourceProvider == \"MICROSOFT.WEB\" \n| where MetricName == \"MemoryPercentage\" \n| summarize AggregatedValue=avg(Average) by bin(TimeGenerated, 5m), SubscriptionId, ResourceId, Asset=Resource, MetricName=\"MemoryPercentage\"",
                    "dataSourceId": "[variables('workspaceID')]",
                    "queryType":"ResultCount"
                },
                "action":{
                    "odata.type": "Microsoft.WindowsAzure.Management.Monitoring.Alerts.Models.Microsoft.AppInsights.Nexus.DataContracts.Resources.ScheduledQueryRules.AlertingAction",
                    "severity": "4",
                    "aznsAction":{
                        "actionGroup": "[array(variables('actionGroupId'))]"
                    },
                    "trigger":{
                        "thresholdOperator": "GreaterThan",
                        "threshold": 95
                    }
                }
            }
        },
        {
            "type":"Microsoft.Insights/scheduledQueryRules",
            "name": "Web App - High Disk Queue Length",
            "apiVersion": "2018-04-16",
            "location": "[parameters('location')]",
            "properties":{
                "description": "Web Application disk queue length over 40",
                "enabled": "true",
                "schedule":{
                    "frequencyInMinutes": 5,
                    "timeWindowInMinutes": 5
                },
                "source": {
                    "query": "AzureMetrics \n| where ResourceProvider == \"MICROSOFT.WEB\" \n| where MetricName == \"DiskQueueLength\" \n| summarize AggregatedValue=avg(Average) by bin(TimeGenerated,5m), SubscriptionId, ResourceId, Asset=Resource, MetricName=\"DiskQueueLength\"",
                    "dataSourceId": "[variables('workspaceID')]",
                    "queryType":"ResultCount"
                },
                "action":{
                    "odata.type": "Microsoft.WindowsAzure.Management.Monitoring.Alerts.Models.Microsoft.AppInsights.Nexus.DataContracts.Resources.ScheduledQueryRules.AlertingAction",
                    "severity": "4",
                    "aznsAction":{
                        "actionGroup": "[array(variables('actionGroupId'))]"
                    },
                    "trigger":{
                        "thresholdOperator": "GreaterThan",
                        "threshold": 40
                    }
                }
            }
        },
        {
            "type":"Microsoft.Insights/scheduledQueryRules",
            "name": "Web App - High HTTP Queue Length",
            "apiVersion": "2018-04-16",
            "location": "[parameters('location')]",
            "properties":{
                "description": "Web High HTTP queue length over 50",
                "enabled": "true",
                "schedule":{
                    "frequencyInMinutes": 5,
                    "timeWindowInMinutes": 5
                },
                "source": {
                    "query": "AzureMetrics \n| where ResourceProvider == \"MICROSOFT.WEB\" \n| where MetricName == \"HttpQueueLength\" \n| summarize AggregatedValue=avg(Average) by bin(TimeGenerated,5m), SubscriptionId, ResourceId, Asset=Resource, MetricName='HttpQueueLength'",
                    "dataSourceId": "[variables('workspaceID')]",
                    "queryType":"ResultCount"
                },
                "action":{
                    "odata.type": "Microsoft.WindowsAzure.Management.Monitoring.Alerts.Models.Microsoft.AppInsights.Nexus.DataContracts.Resources.ScheduledQueryRules.AlertingAction",
                    "severity": "4",
                    "aznsAction":{
                        "actionGroup": "[array(variables('actionGroupId'))]"
                    },
                    "trigger":{
                        "thresholdOperator": "GreaterThan",
                        "threshold": 500
                    }
                }
            }
        },
        {
            "type":"Microsoft.Insights/scheduledQueryRules",
            "name": "Azure SQL - storage quota above threshold",
            "apiVersion": "2018-04-16",
            "location": "[parameters('location')]",
            "properties":{
                "description": "Azure SQL - storage quota above threshold",
                "enabled": "true",
                "schedule":{
                    "frequencyInMinutes": 5,
                    "timeWindowInMinutes": 5
                },
                "source": {
                    "query": "AzureMetrics \n| where ResourceProvider==\"MICROSOFT.SQL\" \n| where MetricName==\"storage_percent\" \n| summarize AggregatedValue = max(Maximum) by bin(TimeGenerated, 5m), MetricName, Asset=Resource, ResourceId, SubscriptionId",
                    "dataSourceId": "[variables('workspaceID')]",
                    "queryType":"ResultCount"
                },
                "action":{
                    "odata.type": "Microsoft.WindowsAzure.Management.Monitoring.Alerts.Models.Microsoft.AppInsights.Nexus.DataContracts.Resources.ScheduledQueryRules.AlertingAction",
                    "severity": "4",
                    "aznsAction":{
                        "actionGroup": "[array(variables('actionGroupId'))]"
                    },
                    "trigger":{
                        "thresholdOperator": "GreaterThan",
                        "threshold": 80
                    }
                }
            }
        },
        {
            "type":"Microsoft.Insights/scheduledQueryRules",
            "name": "Azure SQL - log write iops above threshold",
            "apiVersion": "2018-04-16",
            "location": "[parameters('location')]",
            "properties":{
                "description": "Azure SQL - log write iops above threshold",
                "enabled": "true",
                "schedule":{
                    "frequencyInMinutes": 5,
                    "timeWindowInMinutes": 5
                },
                "source": {
                    "query": "AzureMetrics\n| where ResourceProvider==\"MICROSOFT.SQL\" \n| where MetricName==\"log_write_percent\" \n| summarize AggregatedValue = max(Maximum) by bin(TimeGenerated, 5m), TimeGenerated, MetricName, Asset=Resource, ResourceId, SubscriptionId",
                    "dataSourceId": "[variables('workspaceID')]",
                    "queryType":"ResultCount"
                },
                "action":{
                    "odata.type": "Microsoft.WindowsAzure.Management.Monitoring.Alerts.Models.Microsoft.AppInsights.Nexus.DataContracts.Resources.ScheduledQueryRules.AlertingAction",
                    "severity": "4",
                    "aznsAction":{
                        "actionGroup": "[array(variables('actionGroupId'))]"
                    },
                    "trigger":{
                        "thresholdOperator": "GreaterThan",
                        "threshold": 75
                    }
                }
            }
        },
        {
            "type":"Microsoft.Insights/scheduledQueryRules",
            "name": "Azure SQL - oltp storage quota above threshold",
            "apiVersion": "2018-04-16",
            "location": "[parameters('location')]",
            "properties":{
                "description": "Azure SQL - oltp storage quota above threshold",
                "enabled": "true",
                "schedule":{
                    "frequencyInMinutes": 5,
                    "timeWindowInMinutes": 5
                },
                "source": {
                    "query": "AzureMetrics\n| where ResourceProvider==\"MICROSOFT.SQL\" \n| where MetricName==\"xtp_storage_percent\"\n| summarize AggregatedValue = max(Maximum) by bin(TimeGenerated, 5m), TimeGenerated, MetricName, Asset=Resource, ResourceId, SubscriptionId",
                    "dataSourceId": "[variables('workspaceID')]",
                    "queryType":"ResultCount"
                },
                "action":{
                    "odata.type": "Microsoft.WindowsAzure.Management.Monitoring.Alerts.Models.Microsoft.AppInsights.Nexus.DataContracts.Resources.ScheduledQueryRules.AlertingAction",
                    "severity": "4",
                    "aznsAction":{
                        "actionGroup": "[array(variables('actionGroupId'))]"
                    },
                    "trigger":{
                        "thresholdOperator": "GreaterThan",
                        "threshold": 90
                    }
                }
            }
        },
        {
            "type":"Microsoft.Insights/scheduledQueryRules",
            "name": "Azure SQL - read IOPS above threshold",
            "apiVersion": "2018-04-16",
            "location": "[parameters('location')]",
            "properties":{
                "description": "Azure SQL - read IOPS above threshold",
                "enabled": "true",
                "schedule":{
                    "frequencyInMinutes": 5,
                    "timeWindowInMinutes": 5
                },
                "source": {
                    "query": "AzureMetrics \n| where ResourceProvider==\"MICROSOFT.SQL\" \n| where MetricName==\"physical_data_read_percent\" \n| summarize AggregatedValue = max(Maximum) by bin(TimeGenerated, 5m), TimeGenerated, MetricName, Asset=Resource, ResourceId, SubscriptionId",
                    "dataSourceId": "[variables('workspaceID')]",
                    "queryType":"ResultCount"
                },
                "action":{
                    "odata.type": "Microsoft.WindowsAzure.Management.Monitoring.Alerts.Models.Microsoft.AppInsights.Nexus.DataContracts.Resources.ScheduledQueryRules.AlertingAction",
                    "severity": "4",
                    "aznsAction":{
                        "actionGroup": "[array(variables('actionGroupId'))]"
                    },
                    "trigger":{
                        "thresholdOperator": "GreaterThan",
                        "threshold": 75
                    }
                }
            }
        },
        {
            "type":"Microsoft.Insights/scheduledQueryRules",
            "name": "Azure SQL - sessions above threshold",
            "apiVersion": "2018-04-16",
            "location": "[parameters('location')]",
            "properties":{
                "description": "Azure SQL - sessions above threshold",
                "enabled": "true",
                "schedule":{
                    "frequencyInMinutes": 5,
                    "timeWindowInMinutes": 5
                },
                "source": {
                    "query": "AzureMetrics \n| where ResourceProvider==\"MICROSOFT.SQL\" \n| where MetricName==\"sessions_percent\" \n| summarize AggregatedValue = max(Maximum) by bin(TimeGenerated, 5m), TimeGenerated, MetricName, Asset=Resource, ResourceId, SubscriptionId",
                    "dataSourceId": "[variables('workspaceID')]",
                    "queryType":"ResultCount"
                },
                "action":{
                    "odata.type": "Microsoft.WindowsAzure.Management.Monitoring.Alerts.Models.Microsoft.AppInsights.Nexus.DataContracts.Resources.ScheduledQueryRules.AlertingAction",
                    "severity": "4",
                    "aznsAction":{
                        "actionGroup": "[array(variables('actionGroupId'))]"
                    },
                    "trigger":{
                        "thresholdOperator": "GreaterThan",
                        "threshold": 80
                    }
                }
            }
        },
        {
            "type":"Microsoft.Insights/scheduledQueryRules",
            "name": "Azure SQL - workers above threshold",
            "apiVersion": "2018-04-16",
            "location": "[parameters('location')]",
            "properties":{
                "description": "Azure SQL - workers above threshold",
                "enabled": "true",
                "schedule":{
                    "frequencyInMinutes": 5,
                    "timeWindowInMinutes": 5
                },
                "source": {
                    "query": "AzureMetrics \n| where ResourceProvider==\"MICROSOFT.SQL\" \n| where MetricName==\"workers_percent\" \n| summarize AggregatedValue = max(Maximum) by bin(TimeGenerated, 5m), MetricName, Asset=Resource, ResourceId, SubscriptionId",
                    "dataSourceId": "[variables('workspaceID')]",
                    "queryType":"ResultCount"
                },
                "action":{
                    "odata.type": "Microsoft.WindowsAzure.Management.Monitoring.Alerts.Models.Microsoft.AppInsights.Nexus.DataContracts.Resources.ScheduledQueryRules.AlertingAction",
                    "severity": "4",
                    "aznsAction":{
                        "actionGroup": "[array(variables('actionGroupId'))]"
                    },
                    "trigger":{
                        "thresholdOperator": "GreaterThan",
                        "threshold": 80
                    }
                }
            }
        },
        {
            "type":"Microsoft.Insights/scheduledQueryRules",
            "name": "SQL CPU Percentage High",
            "apiVersion": "2018-04-16",
            "location": "[parameters('location')]",
            "properties":{
                "description": "SQL CPU Percentage High",
                "enabled": "true",
                "schedule":{
                    "frequencyInMinutes": 5,
                    "timeWindowInMinutes": 5
                },
                "source": {
                    "query": "AzureMetrics \n| where ResourceProvider == \"MICROSOFT.SQL\"  \n| where MetricName == \"cpu_percent\" \n| summarize AggregatedValue=avg(Maximum) by bin(TimeGenerated,5m),SubscriptionId, ResourceId, Asset=Resource, MetricName=\"cpu_percent\"",
                    "dataSourceId": "[variables('workspaceID')]",
                    "queryType":"ResultCount"
                },
                "action":{
                    "odata.type": "Microsoft.WindowsAzure.Management.Monitoring.Alerts.Models.Microsoft.AppInsights.Nexus.DataContracts.Resources.ScheduledQueryRules.AlertingAction",
                    "severity": "4",
                    "aznsAction":{
                        "actionGroup": "[array(variables('actionGroupId'))]"
                    },
                    "trigger":{
                        "thresholdOperator": "GreaterThan",
                        "threshold": 95
                    }
                }
            }
        },
        {
            "type":"Microsoft.Insights/scheduledQueryRules",
            "name": "SQL Connection Failed",
            "apiVersion": "2018-04-16",
            "location": "[parameters('location')]",
            "properties":{
                "description": "SQL Connection Failed",
                "enabled": "true",
                "schedule":{
                    "frequencyInMinutes": 5,
                    "timeWindowInMinutes": 5
                },
                "source": {
                    "query": "AzureMetrics \n| where ResourceProvider == \"MICROSOFT.SQL\"  \n| where MetricName == \"connection_failed\" \n| summarize AggregatedValue=avg(Maximum) by bin(TimeGenerated,5m),SubscriptionId, ResourceId, Asset=Resource, MetricName=\"connection_failed\"",
                    "dataSourceId": "[variables('workspaceID')]",
                    "queryType":"ResultCount"
                },
                "action":{
                    "odata.type": "Microsoft.WindowsAzure.Management.Monitoring.Alerts.Models.Microsoft.AppInsights.Nexus.DataContracts.Resources.ScheduledQueryRules.AlertingAction",
                    "severity": "4",
                    "aznsAction":{
                        "actionGroup": "[array(variables('actionGroupId'))]"
                    },
                    "trigger":{
                        "thresholdOperator": "GreaterThan",
                        "threshold": 5
                    }
                }
            }
        },
        {
            "type":"Microsoft.Insights/scheduledQueryRules",
            "name": "Azure SQL - Managed Instance CPU Utilization High",
            "apiVersion": "2018-04-16",
            "location": "[parameters('location')]",
            "properties":{
                "description": "Azure SQL - Managed Instance CPU Utilization High",
                "enabled": "true",
                "schedule":{
                    "frequencyInMinutes": 30,
                    "timeWindowInMinutes": 60
                },
                "source": {
                    "query": "AzureDiagnostics \n | where ResourceProvider == \"MICROSOFT.SQL\" and ResourceType == \"MANAGEDINSTANCES\" \n| project MetricValue= toreal(avg_cpu_percent_s), ResourceId, Category, SKU_s, LogicalServerName_s, TimeGenerated, TenantId, SubscriptionId, Type, ResourceType, Asset=Resource, MetricName = \"avg_cpu_percent\" \n| summarize AggregatedValue = max(MetricValue) by ResourceId, Category, SKU_s, LogicalServerName_s, TenantId, SubscriptionId, Type, ResourceType, Asset, MetricName, TimeGenerated=bin(TimeGenerated,30m)",
                    "dataSourceId": "[variables('workspaceID')]",
                    "queryType":"ResultCount"
                },
                "action":{
                    "odata.type": "Microsoft.WindowsAzure.Management.Monitoring.Alerts.Models.Microsoft.AppInsights.Nexus.DataContracts.Resources.ScheduledQueryRules.AlertingAction",
                    "severity": "4",
                    "aznsAction":{
                        "actionGroup": "[array(variables('actionGroupId'))]"
                    },
                    "trigger":{
                        "thresholdOperator": "GreaterThan",
                        "threshold": 85
                    }
                }
            }
        },
        {
            "type":"Microsoft.Insights/scheduledQueryRules",
            "name": "Azure SQL - Managed Instance Storage Quota Consumption",
            "apiVersion": "2018-04-16",
            "location": "[parameters('location')]",
            "properties":{
                "description": "Azure SQL - Managed Instance Storage Quota Consumption",
                "enabled": "true",
                "schedule":{
                    "frequencyInMinutes": 60,
                    "timeWindowInMinutes": 60
                },
                "source": {
                    "query": "AzureDiagnostics \n| where ResourceProvider == \"MICROSOFT.SQL\" and ResourceType == \"MANAGEDINSTANCES\" \n | project MetricValue= toreal(storage_space_used_mb_s) / toreal(reserved_storage_mb_s) * 100 , ResourceId, Category, SKU_s, LogicalServerName_s, TimeGenerated , TenantId, SubscriptionId , Type, ResourceType, Asset=Resource, MetricName = \"StorageQuotaPct\" \n| summarize AggregatedValue = max(MetricValue) by  ResourceId, Category, SKU_s, LogicalServerName_s , TenantId, SubscriptionId , Type, ResourceType, Asset, MetricName, TimeGenerated=bin(TimeGenerated,60m)",
                    "dataSourceId": "[variables('workspaceID')]",
                    "queryType":"ResultCount"
                },
                "action":{
                    "odata.type": "Microsoft.WindowsAzure.Management.Monitoring.Alerts.Models.Microsoft.AppInsights.Nexus.DataContracts.Resources.ScheduledQueryRules.AlertingAction",
                    "severity": "4",
                    "aznsAction":{
                        "actionGroup": "[array(variables('actionGroupId'))]"
                    },
                    "trigger":{
                        "thresholdOperator": "GreaterThan",
                        "threshold": 85
                    }
                }
            }
        },
        {
            "type":"Microsoft.Insights/scheduledQueryRules",
            "name": "Azure Data Factory - Failed Activity Run Threshold Breached",
            "apiVersion": "2018-04-16",
            "location": "[parameters('location')]",
            "properties":{
                "description": "Azure Data Factory - Failed Activity Run Threshold Breached",
                "enabled": "true",
                "schedule":{
                    "frequencyInMinutes": 5,
                    "timeWindowInMinutes": 5
                },
                "source": {
                    "query": "AzureMetrics \n| where ResourceProvider == \"MICROSOFT.DATAFACTORY\" and MetricName == \"ActivityFailedRuns\" \n| summarize AggregatedValue=sum(Total) by bin(TimeGenerated,5m), SubscriptionId, ResourceId, Asset=Resource, MetricName = 'ActivityFailedRuns'",
                    "dataSourceId": "[variables('workspaceID')]",
                    "queryType":"ResultCount"
                },
                "action":{
                    "odata.type": "Microsoft.WindowsAzure.Management.Monitoring.Alerts.Models.Microsoft.AppInsights.Nexus.DataContracts.Resources.ScheduledQueryRules.AlertingAction",
                    "severity": "4",
                    "aznsAction":{
                        "actionGroup": "[array(variables('actionGroupId'))]"
                    },
                    "trigger":{
                        "thresholdOperator": "GreaterThan",
                        "threshold": 0
                    }
                }
            }
        },
        {
            "type":"Microsoft.Insights/scheduledQueryRules",
            "name": "Azure Data Factory - Failed Trigger Run Threshold Breached",
            "apiVersion": "2018-04-16",
            "location": "[parameters('location')]",
            "properties":{
                "description": "Azure Data Factory - Failed Trigger Run Threshold Breached",
                "enabled": "true",
                "schedule":{
                    "frequencyInMinutes": 5,
                    "timeWindowInMinutes": 5
                },
                "source": {
                    "query": "AzureMetrics \n| where ResourceProvider == \"MICROSOFT.DATAFACTORY\" and MetricName == \"TriggerFailedRuns\" \n| summarize AggregatedValue=sum(Total) by bin(TimeGenerated,5m), SubscriptionId, ResourceId, Asset=Resource, MetricName = 'TriggerFailedRuns'",
                    "dataSourceId": "[variables('workspaceID')]",
                    "queryType":"ResultCount"
                },
                "action":{
                    "odata.type": "Microsoft.WindowsAzure.Management.Monitoring.Alerts.Models.Microsoft.AppInsights.Nexus.DataContracts.Resources.ScheduledQueryRules.AlertingAction",
                    "severity": "4",
                    "aznsAction":{
                        "actionGroup": "[array(variables('actionGroupId'))]"
                    },
                    "trigger":{
                        "thresholdOperator": "GreaterThan",
                        "threshold": 0
                    }
                }
            }
        },
        {
            "type":"Microsoft.Insights/scheduledQueryRules",
            "name": "Azure Data Factory - High CPU Percentage",
            "apiVersion": "2018-04-16",
            "location": "[parameters('location')]",
            "properties":{
                "description": "Azure Data Factory - High CPU Percentage",
                "enabled": "true",
                "schedule":{
                    "frequencyInMinutes": 5,
                    "timeWindowInMinutes": 5
                },
                "source": {
                    "query": "AzureMetrics \n| where ResourceProvider  == \"MICROSOFT.DATAFACTORY\" \n| where MetricName == \"IntegrationRuntimeCpuPercentage\" \n| summarize  AggregatedValue = avg(Average) by bin(TimeGenerated,5m), SubscriptionId, ResourceId, Asset=Resource, MetricName",
                    "dataSourceId": "[variables('workspaceID')]",
                    "queryType":"ResultCount"
                },
                "action":{
                    "odata.type": "Microsoft.WindowsAzure.Management.Monitoring.Alerts.Models.Microsoft.AppInsights.Nexus.DataContracts.Resources.ScheduledQueryRules.AlertingAction",
                    "severity": "4",
                    "aznsAction":{
                        "actionGroup": "[array(variables('actionGroupId'))]"
                    },
                    "trigger":{
                        "thresholdOperator": "GreaterThan",
                        "threshold": 95
                    }
                }
            }
        }
    

    ]
}