{
    "$schema": "https://schema.management.azure.com/schemas/2015-01-01/deploymentParameters.json#",
    "contentVersion": "1.0.0.0",
    "parameters": {
      "subscriptionID": {
          "value": "c1319338-2a94-4cd5-a59a-e7233cf51c0e"
        },
      "workspaceName": {
        "value": "defaultworkspace-c1319338-2a94-4cd5-a59a-e7233cf51c0e-weu"
      },
      "workspaceResourceGroup": {
        "value": "defaultresourcegroup-weu"
      },
      "location": {
        "value": "westeurope"
      },
      "actionGroupName": {
        "value": "test-actiongroup"
      },
      "actionGroupResourceGroup": {
        "value": "sla-spoketest-rg"
      }
    }
}