{
  "$schema": "https://schema.management.azure.com/schemas/2019-04-01/deploymentParameters.json#",
  "contentVersion": "1.0.0.0",
  "parameters": {
    "actionGroupName": {
      "value": "test-actiongroup"
    },
    "actionGroupShortName": {
      "value": "t-ag"
    },
    "itsmReceivers": {
      "value": [{
        "name": "itsmReceiver",
        "workspaceId": "GEN-UNIQUE-20",
        "connectionId": "1234567890",
        "ticketConfiguration":"1234567890",
        "region": "eastus"
      }]
    }
  }
}
