{
  "$schema": "https://schema.management.azure.com/schemas/2019-04-01/deploymentTemplate.json#",
  "contentVersion": "1.0.0.0",
  "parameters": {
    "ResourceLocation": {
      "type": "string",
      "defaultValue": "[resourceGroup().location]",
      "metadata": {
        "description": "Location of resources"
      }
    },
    "shortLocationLookupCodes": {
      "type": "object",
      "defaultValue": {
        "eastus": "eus",
        "westus2": "wus",
        "canadacentral": "cnc",
        "australiasoutheast": "aue",
        "southeastasia": "sea",
        "centralindia": "cia",
        "japaneast": "jpe",
        "uksouth": "uks",
        "westeurope": "weu",
        "usgovvirginia": "usv"
      },
      "metadata": {
        "description": "Naming convention lookup codes for location of resources"
      }
    }
  },
  "variables": {
    "basename": "library",
    "uniqueId": "[uniqueString(resourceGroup().id)]",
    "shortLocationCode": "[parameters('shortLocationLookupCodes')[toLower(parameters('ResourceLocation'))]]",
    "storageAccountName": "[take(concat('sa', variables('basename'), variables('shortLocationCode'), variables('uniqueId')), 24)]"
  },
  "resources": [
    {
      "type": "Microsoft.Storage/storageAccounts",
      "apiVersion": "2019-04-01",
      "name": "[variables('storageAccountName')]",
      "location": "[resourceGroup().location]",
      "sku": {
        "name": "Standard_LRS"
      },
      "kind": "StorageV2",
      "tags": {
      },
      "identity": {
        "type": "SystemAssigned"
      },
      "properties": {
        "networkAcls": {
          "bypass": "AzureServices",
          "virtualNetworkRules": [ ],
          "ipRules": [ ],
          "defaultAction": "Allow"
        },
        "supportsHttpsTrafficOnly": true,
        "encryption": {
          "services": {
            "file": {
              "enabled": true
            },
            "blob": {
              "enabled": true
            }
          },
          "keySource": "Microsoft.Storage"
        },
        "accessTier": "Hot"
      },
      "resources": [
        {
          "type": "blobServices",
          "apiVersion": "2019-04-01",
          "name": "default",
          "dependsOn": [
            "[resourceId('Microsoft.Storage/storageAccounts', variables('storageAccountName'))]"
          ],
          "properties": {
            "cors": {
              "corsRules": [
              ]
            },
            "deleteRetentionPolicy": {
              "enabled": false
            }
          },
          "resources": []
        }
      ]
    }
  ],
  "outputs": {
    "storageAccount": {
      "type": "string",
      "value": "[variables('storageAccountName')]"
    }
  }
}