{
  "$schema": "https://schema.management.azure.com/schemas/2015-01-01/deploymentParameters.json#",
  "contentVersion": "1.0.0.0",
  "parameters": {
    "managedInstanceName": {
      "value": "sla-test-MIsqlmanagedinstance"
    },
    "vNetResourceGroup": {
      "value": "sla-spoketest-rg"
    },
    "virtualNetworkName": {
      "value": "sla-spoketest-vnet"
    },
    "subnetName": {
      "value": "sql-managedinstance"
    },
    "skuName": {
      "value": "GP_Gen5"
    },
    "storageSizeInGB": {
      "value": 32
    },
    "vCores": {
      "value": 4
    },
    "licenseType": {
      "value": "LicenseIncluded"
    },
    "collation": {
      "value": "SQL_Latin1_General_CP1_CI_AS"
    },
    "timezoneId": {
      "value": "GMT Standard Time"
    },
    "publicDataEndpointEnabled": {
      "value": false
    },
    "minimalTlsVersion": {
      "value": "1.2"
    },
    "sqlAdminUsername": {
      "reference": {
        "keyVault": {
          "id": "/subscriptions/c1319338-2a94-4cd5-a59a-e7233cf51c0e/resourceGroups/sla-rg/providers/Microsoft.KeyVault/vaults/sladev-kv"
        },
        "secretName": "sqlAdminUsername"
      }
    },
    "sqlServerPassword": {
      "reference": {
        "keyVault": {
          "id": "/subscriptions/c1319338-2a94-4cd5-a59a-e7233cf51c0e/resourceGroups/sla-rg/providers/Microsoft.KeyVault/vaults/sladev-kv"
        },
        "secretName": "sqlServerPassword"
      }
    },
    "storageAccountType": {
      "value": "LRS"
    },
    "databaseInstances": {
      "value": [
        {
          "dbInstanceName": "sqlcopyindextest1",
          "dbInstanceCollation": "SQL_Latin1_General_CP1_CI_AS"
        },        
        {
          "dbInstanceName": "sqlcopyindextest2",
          "dbInstanceCollation": "SQL_Latin1_General_CP1_CI_AS"
        }  
      ]
    }
  }
}