{
  "$schema": "https://schema.management.azure.com/schemas/2019-04-01/deploymentTemplate.json#",
  "contentVersion": "1.0.0.1",
  "parameters": {
    "managedInstanceName": {
      "type": "string",
      "metadata": {
        "description": "Enter managed instance name."
      }
    },
    "sqlAdminUsername": {
      "type": "string",
      "metadata": {
        "description": "Enter user name."
      }
    },
    "sqlServerPassword": {
      "type": "securestring",
      "metadata": {
        "description": "Enter password."
      }
    },
    "virtualNetworkName": {
      "type": "string",
      "defaultValue": "SQLMI-VNET",
      "metadata": {
        "description": "Enter virtual network name."
      }
    },
    "subnetName": {
      "type": "string",
      "metadata": {
        "description": "Enter subnet name."
      }
    },
    "skuName": {
      "type": "string",
      "defaultValue": "GP_Gen5",
      "allowedValues": [
        "GP_Gen4",
        "GP_Gen5",
        "BC_Gen5",
        "BC_Gen4"
      ],
      "metadata": {
        "description": "Enter sku name."
      }
    },
    "vCores": {
      "type": "int",
      "defaultValue": 16,
      "allowedValues": [
        4,
        8,
        16,
        24,
        32,
        40,
        64,
        80
      ],
      "metadata": {
        "description": "Enter number of vCores."
      }
    },
    "storageSizeInGB": {
      "type": "int",
      "defaultValue": 256,
      "minValue": 32,
      "maxValue": 8192,
      "metadata": {
        "description": "Enter storage size."
      }
    },
    "licenseType": {
      "type": "string",
      "defaultValue": "LicenseIncluded",
      "allowedValues": [
        "BasePrice",
        "LicenseIncluded"
      ],
      "metadata": {
        "description": "Enter license type."
      }
    },
    "storageAccountType": {
      "type": "string"
    },
    "collation": {
      "type": "string"
    },
    "timezoneId": {
      "type": "string"
    },
    "minimalTlsVersion": {
      "type": "string"
    },
    "publicDataEndpointEnabled": {
      "type": "bool",
      "defaultValue": false,
      "metadata": {
        "description": "Determines whether public data endpoint will be enabled, required for clients outside of the connected virtual networks. Public endpoint will always default to Proxy connection mode."
      }
    },
    "vNetResourceGroup": {
      "type": "string"
    },
    "databaseInstances": {
      "type": "array",
      "metadata": {
        "description": "An array of database instance names"
      }
    }
  },
  "variables": {
    "vNetResourceId": "[resourceId(parameters('vNetResourceGroup'), 'Microsoft.Network/virtualNetworks', parameters('virtualNetworkName'))]"
  },
  "resources": [
    {
      "type": "Microsoft.Sql/managedInstances",
      "apiVersion": "2020-02-02-preview",
      "name": "[parameters('managedInstanceName')]",
      "location": "[resourceGroup().location]",
      "sku": {
        "name": "[parameters('skuName')]"
      },
      "identity": {
        "type": "SystemAssigned"
      },
      "properties": {
        "administratorLogin": "[parameters('sqlAdminUsername')]",
        "administratorLoginPassword": "[parameters('sqlServerPassword')]",
        "subnetId": "[concat(variables('vNetResourceId'), '/subnets/',parameters('subnetName'))]",
        "storageSizeInGB": "[parameters('storageSizeInGB')]",
        "storageAccountType": "[parameters('storageAccountType')]",
        "backupStorageRedundancy": "[parameters('storageAccountType')]",
        "vCores": "[parameters('vCores')]",
        "licenseType": "[parameters('licenseType')]",
        "minimalTlsVersion": "[parameters('minimalTlsVersion')]",
        "timezoneId": "[parameters('timezoneId')]",
        "collation": "[parameters('collation')]",
        "publicDataEndpointEnabled": "[parameters('publicDataEndpointEnabled')]"
      }
    },
    {
      "type": "Microsoft.Sql/managedInstances/databases",
      "apiVersion": "2021-02-01-preview",
      "name": "[concat(parameters('managedInstanceName'), '/', parameters('databaseInstances')[copyIndex()].dbInstanceName)]",
      "location": "[resourceGroup().location]",
      "dependsOn": [
        "[resourceId('Microsoft.Sql/managedInstances', parameters('managedInstanceName'))]"
      ],
      "properties": {
        "collation": "SQL_Latin1_General_CP1_CI_AS"
      },
      "copy": {
        "name": "dbscopy",
        "count": "[length(parameters('databaseInstances'))]"
      }
    }
    
  ]
}