{"ITR":{"ITR1":{"CreationInfo":{"SWVersionNo":"R1","SWCreatedBy":"SW10012122","JSONCreatedBy":"SW10012122","JSONCreationDate":"2021-12-28","Digest":"RkydIdXbFoBWs0quhHPaBJsBewpev3vgAol1MQJVCPE=","IntermediaryCity":"HOWRAH"},"Form_ITR1":{"FormName":"ITR-1","Description":"For Indls having Income from Salary, Pension, family pension and Interest","AssessmentYear":"2021","SchemaVer":"Ver1.2","FormVer":"Ver1.2"},"PersonalInfo":{"AssesseeName":{"FirstName":"MUKESH","MiddleName":"KUMAR","SurNameOrOrgName":"PRASAD"},"Address":{"ResidenceNo":"RAM JANKI NIWAS","ResidenceName":"11/7 ANANDA KUMAR ROYCHOUDHURY LANE","RoadOrStreet":"Sibpur Bazar S.O","LocalityOrArea":"Howrah","CityOrTownOrDistrict":"HOWRAH","StateCode":"32","CountryCode":"91","PinCode":711102,"CountryCodeMobile":91,"MobileNo":9742142730,"EmailAddress":"mysticmukesh@gmail.com"},"PAN":"ARWPP2124K","DOB":"1985-05-12","EmployerCategory":"OTH","AadhaarCardNo":"944167902035"},"FilingStatus":{"ReturnFileSec":"11","NewTaxRegime":"N","SeventhProvisio139":"N","DepAmtAggAmtExcd1CrPrYrFlg":"N","IncrExpAggAmt2LkTrvFrgnCntryFlg":"N","IncrExpAggAmt1LkElctrctyPrYrFlg":"N"},"ITR1_IncomeDeductions":{"AllwncExemptUs10":{"AllwncExemptUs10Dtls":[{"SalNatureDesc":"10(13A)","SalOthAmount":153550}],"TotalAllwncExemptUs10":153550},"OthersInc":{"OthersIncDtlsOthSrc":[{"DividendInc":{"DateRange":{"Upto15Of9":"30401","Up16Of9To15Of12":"2389","Up16Of12To15Of3":"10858"}},"OthSrcNatureDesc":"DIV","OthSrcOthNatOfInc":"Dividend Income","OthSrcOthAmount":43648},{"OthSrcNatureDesc":"IFD","OthSrcOthNatOfInc":"Interest from Deposit (Bank/Post Office/Cooperative Society)","OthSrcOthAmount":13756},{"OthSrcNatureDesc":"SAV","OthSrcOthNatOfInc":"Interest from Saving Account","OthSrcOthAmount":38675}]},"UsrDeductUndChapVIA":{"Section80C":150000,"Section80CCD1B":50000,"Section80CCDEmployer":0,"Section80D":5900,"Section80E":0,"Section80TTB":"0","TotalChapVIADeductions":205900,"Section80G":0},"DeductUndChapVIA":{"Section80C":150000,"Section80CCC":0,"Section80CCDEmployeeOrSE":"0","Section80CCD1B":50000,"Section80CCDEmployer":0,"Section80D":5900,"Section80DD":0,"Section80DDB":0,"Section80E":0,"Section80EE":0,"Section80EEA":0,"Section80EEB":0,"Section80G":0,"Section80GG":0,"Section80GGA":0,"Section80GGC":0,"Section80TTA":0,"Section80TTB":0,"TotalChapVIADeductions":205900},"ExemptIncAgriOthUs10":{"ExemptIncAgriOthUs10Total":0},"GrossSalary":2116054,"Salary":2116054,"PerquisitesValue":0,"ProfitsInSalary":0,"NetSalary":1962504,"DeductionUs16":50000,"DeductionUs16ia":50000,"EntertainmentAlw16ii":0,"ProfessionalTaxUs16iii":0,"IncomeFromSal":1912504,"GrossRentReceived":0,"AnnualValue":0,"StandardDeduction":0,"TotalIncomeOfHP":0,"IncomeOthSrc":96079,"DeductionUs57iia":"0","GrossTotIncome":2008583,"TotalIncome":1802680},"Schedule80GGA":{"TotalDonationsUs80GGA":0,"TotalDonationAmtCash80GGA":0,"TotalDonationAmtOtherMode80GGA":0,"TotalEligibleDonationAmt80GGA":0},"ITR1_TaxComputation":{"IntrstPay":{"IntrstPayUs234A":0,"IntrstPayUs234B":2484,"IntrstPayUs234C":1200,"LateFilingFee234F":0},"TotalTaxPayable":353304,"Rebate87A":0,"TaxPayableOnRebate":353304,"EducationCess":14132,"GrossTaxLiability":367436,"Section89":"0","NetTaxLiability":367436,"TotalIntrstPay":3684,"TotTaxPlusIntrstPay":371120},"TaxPaid":{"TaxesPaid":{"AdvanceTax":0,"TDS":339757,"TCS":0,"SelfAssessmentTax":0,"TotalTaxesPaid":339757},"BalTaxPayable":31360},"Refund":{"BankAccountDtls":{"AddtnlBankDetails":[{"IFSCCode":"HDFC0000140","BankName":"HDFC BANK","BankAccountNo":"01401610004945","UseForRefund":true},{"IFSCCode":"SBIN0003762","BankName":"STATE BANK OF INDIA","BankAccountNo":"00000020011886847","UseForRefund":false},{"IFSCCode":"CITI0000004","BankName":"CITIBANK NA","BankAccountNo":"5995595813","UseForRefund":false},{"IFSCCode":"SBIN0003762","BankName":"STATE BANK OF INDIA","BankAccountNo":"2011886847","UseForRefund":false}]},"RefundDue":"0"},"Schedule80G":{"Don100Percent":{"TotDon100PercentCash":0,"TotDon100PercentOtherMode":0,"TotDon100Percent":0,"TotEligibleDon100Percent":0},"Don50PercentNoApprReqd":{"TotDon50PercentNoApprReqdCash":0,"TotDon50PercentNoApprReqdOtherMode":0,"TotDon50PercentNoApprReqd":0,"TotEligibleDon50Percent":0},"Don100PercentApprReqd":{"TotDon100PercentApprReqdCash":0,"TotDon100PercentApprReqdOtherMode":0,"TotDon100PercentApprReqd":0,"TotEligibleDon100PercentApprReqd":0},"Don50PercentApprReqd":{"TotDon50PercentApprReqdCash":0,"TotDon50PercentApprReqdOtherMode":0,"TotDon50PercentApprReqd":0,"TotEligibleDon50PercentApprReqd":0},"TotalDonationsUs80GCash":0,"TotalDonationsUs80GOtherMode":0,"TotalDonationsUs80G":0,"TotalEligibleDonationsUs80G":0},"Schedule80D":{"Sec80DSelfFamSrCtznHealth":{"SeniorCitizenFlag":"N","SelfAndFamily":5900,"HealthInsPremSlfFam":"5900","SelfAndFamilySeniorCitizen":0,"ParentsSeniorCitizenFlag":"P","Parents":0,"ParentsSeniorCitizen":0,"EligibleAmountOfDedn":5900}},"TDSonSalaries":{"TDSonSalary":[{"EmployerOrDeductorOrCollectDetl":{"TAN":"CHEC02509D","EmployerOrDeductorOrCollecterName":"COGNIZANT TECHNOLOGY SOLUTIONS INDIA PRIVATE LIMITED"},"IncChrgSal":2116054,"TotalTDSSal":336711}],"TotalTDSonSalaries":336711},"TDSonOthThanSals":{"TDSonOthThanSal":[{"EmployerOrDeductorOrCollectDetl":{"TAN":"MUMC00339D","EmployerOrDeductorOrCollecterName":"CLARIANT CHEMCALS (INDIA) LIMITED"},"AmtForTaxDeduct":30502,"DeductedYr":"2020","TotTDSOnAmtPaid":2288,"ClaimOutOfTotTDSOnAmtPaid":2288},{"EmployerOrDeductorOrCollectDetl":{"TAN":"MUMC27073E","EmployerOrDeductorOrCollecterName":"CLARIANT CHEMICALS (INDIA) LIMITED"},"AmtForTaxDeduct":10100,"DeductedYr":"2020","TotTDSOnAmtPaid":758,"ClaimOutOfTotTDSOnAmtPaid":758}],"TotalTDSonOthThanSals":3046},"ScheduleTDS3Dtls":{"TotalTDS3Details":0},"ScheduleTCS":{"TotalSchTCS":0},"TaxPayments":{"TotalTaxPayments":0},"Verification":{"Declaration":{"AssesseeVerName":"MUKESH KUMAR PRASAD","FatherName":"JAYNATH PRASAD","AssesseeVerPAN":"ARWPP2124K"},"Capacity":"S"}}}}