{
  "properties": {
    "type": "Microsoft.Authorization/policyDefinitions",
    "name": "diagnostics-activitylog-deploy",
    "displayName": "Enable Diagnostics - Activity Log - send to central Log Analytics and Event Hub",
    "description":  "Deploys the diagnostic settings for Activity Log to stream to a regional Log Analytics workspace and Event Hub when any Subscription which is missing this diagnostic settings is created or updated.",
    "mode": "All",
    "metadata": {
      "version": "1.0.0",
      "category": "Diagnostics"
    },
    "parameters": {
      "logAnalytics": {
        "type": "String",
        "metadata": {
          "displayName": "Log Analytics workspace",
          "description": "Select Log Analytics workspace from dropdown list",
          "strongType": "omsWorkspace",
          "assignPermissions": true
        }
      },
      "eventHubName": {
        "type": "String",
        "metadata": {
          "displayName": "Event Hub Name",
          "description": "The Event Hub Name for Azure Diagnostics.",
          "strongType": "Microsoft.EventHub/Namespaces/EventHubs",
          "assignPermissions": true
        }
      },
      "eventHubRuleId": {
        "type": "String",
        "metadata": {
          "displayName": "Event Hub Authorization Rule Id",
          "description": "The Event Hub authorization rule Id for Azure Diagnostics. The authorization rule needs to be at Event Hub namespace level. e.g. /subscriptions/{subscription Id}/resourceGroups/{resource group}/providers/Microsoft.EventHub/namespaces/{Event Hub namespace}/authorizationrules/{authorization rule}",
          "strongType": "Microsoft.EventHub/Namespaces/AuthorizationRules",
          "assignPermissions": true
        }
      },
      "effect": {
        "type": "String",
        "metadata": {
          "displayName": "Effects",
          "description": "Enable or disable the execution of the Policy."
        },
        "allowedValues": [
          "DeployIfNotExists",
          "Disabled"
        ],
        "defaultValue": "DeployIfNotExists"
      },
      "profileName": {
        "type": "String",
        "metadata": {
          "displayName": "Profile name",
          "description": "The diagnostic settings profile name"
        },
        "defaultValue": "setByPolicy"
      }
    },
    "policyRule": {
      "if": {
        "allOf": [
          {
            "field": "type",
            "equals": "Microsoft.Resources/subscriptions"
          }
        ]
      },
      "then": {
        "effect": "[parameters('effect')]",
        "details": {
          "type": "Microsoft.Insights/diagnosticSettings",
          "ExistenceScope": "Subscription",
          "DeploymentScope": "Subscription",
          "ExistenceCondition": {
            "allOf": [
              {
                "field": "Microsoft.Insights/diagnosticSettings/workspaceId",
                "equals": "[parameters('logAnalytics')]"
              },
              {
                "field": "Microsoft.Insights/diagnosticSettings/eventHubName",
                "equals": "[last(split(parameters('eventHubName'), '/'))]"
              },
              {
                "field": "Microsoft.Insights/diagnosticSettings/eventHubAuthorizationRuleId",
                "equals": "[parameters('eventHubRuleId')]"
              },
              {
                "field": "Microsoft.Insights/diagnosticSettings/logs.enabled",
                "equals": "true"
              },
              {
                "field": "name",
                "equals": "[parameters('profileName')]"
              }
            ]
          },
          "roleDefinitionIds": [
            "/providers/Microsoft.Authorization/roleDefinitions/b24988ac-6180-42a0-ab88-20f7382dd24c"
          ],
          "deployment": {
            "location": "eastus",
            "properties": {
              "mode": "incremental",
              "template": {
                "$schema": "https://schema.management.azure.com/schemas/2018-05-01/subscriptionDeploymentTemplate.json#",
                "contentVersion": "1.0.0.0",
                "parameters": {
                  "logAnalytics": {
                    "type": "String"
                  },
                  "profileName": {
                    "type": "String"
                  },
                  "eventHubName": {
                    "type": "String"
                  },
                  "eventHubRuleId": {
                    "type": "String"
                  }
                },
                "variables": {},
                "resources": [
                  {
                    "type": "Microsoft.Insights/diagnosticSettings",
                    "apiVersion": "2017-05-01-preview",
                    "name": "[parameters('profileName')]",
                    "location": "global",
                    "properties": {
                      "workspaceId": "[parameters('logAnalytics')]",
                      "eventHubName": "[last(split(parameters('eventHubName'), '/'))]",
                      "eventHubAuthorizationRuleId": "[parameters('eventHubRuleId')]",
                      "logs": [
                        {
                          "category": "Administrative",
                          "enabled": true
                        },
                        {
                          "category": "Security",
                          "enabled": true
                        },
                        {
                          "category": "ServiceHealth",
                          "enabled": true
                        },
                        {
                          "category": "Alert",
                          "enabled": true
                        },
                        {
                          "category": "Recommendation",
                          "enabled": true
                        },
                        {
                          "category": "Policy",
                          "enabled": true
                        },
                        {
                          "category": "Autoscale",
                          "enabled": true
                        },
                        {
                          "category": "ResourceHealth",
                          "enabled": true
                        }
                      ]
                    }
                  }
                ]
              },
              "parameters": {
                "logAnalytics": {
                  "value": "[parameters('logAnalytics')]"
                },
                "eventHubName": {
                  "value": "[parameters('eventHubName')]"
                },
                "eventHubRuleId": {
                  "value": "[parameters('eventHubRuleId')]"
                },
                "profileName": {
                  "value": "[parameters('profileName')]"
                }
              }
            }
          }
        }
      }
    }
  }
}