{
  "properties": {
    "displayName": "Enable Auditing - SQL Managed Instance - send to central Log Analytics and Event Hub",
	"name": "auditing-sqlmi-deploy",
    "mode": "Indexed",
    "description": "Deploys the auditing settings for Activity Log to stream to a regional Log Analytics workspace and Event Hub when any Subscription which is missing this diagnostic settings is created or updated.",
    "metadata": {
      "category": "Diagnostics"
    },
    "parameters": {
      "effect": {
        "type": "String",
        "metadata": {
          "displayName": "Effect",
          "description": "Enable or disable the execution of the policy"
        },
        "allowedValues": [
          "DeployIfNotExists",
          "Disabled"
        ],
        "defaultValue": "DeployIfNotExists"
      },
      "retentionDays": {
        "type": "String",
        "metadata": {
          "description": "The value in days of the retention period (0 indicates unlimited retention)",
          "displayName": "Retention days (optional, 180 days if unspecified)"
        },
        "defaultValue": "180"
      },
      "logAnalytics": {
        "type": "String"
      },
      "eventHubName": {
        "type": "String"
      },
      "eventHubRuleId": {
        "type": "String"
      }
    },
    "policyRule": {
      "if": {
        "field": "type",
        "equals": "Microsoft.Sql/managedInstances"
      },
      "then": {
        "effect": "[parameters('effect')]",
        "details": {
          "type": "Microsoft.Sql/servers/auditingSettings",
          "name": "Default",
          "existenceCondition": {
            "field": "Microsoft.Sql/auditingSettings.state",
            "equals": "Enabled"
          },
          "roleDefinitionIds": [
            "/providers/microsoft.authorization/roleDefinitions/056cd41c-7e88-42e1-933e-88ba6a50c9c3",
            "/providers/microsoft.authorization/roleDefinitions/17d1049b-9a84-46fb-8f53-869881c3d3ab"
          ],
          "deployment": {
            "properties": {
              "mode": "incremental",
              "template": {
                "$schema": "http://schema.management.azure.com/schemas/2015-01-01/deploymentTemplate.json#",
                "contentVersion": "1.0.0.0",
                "parameters": {
                  "serverName": {
                    "type": "string"
                  },
                  "auditRetentionDays": {
                    "type": "string"
                  },
                  "location": {
                    "type": "string"
                  },
                  "logAnalytics": {
                    "type": "string"
                  },
                  "eventHubName": {
                    "type": "string"
                  },
                  "eventHubRuleId": {
                    "type": "string"
                  }
                },
                "variables": {
                  "retentionDays": "[int(parameters('auditRetentionDays'))]"
                },
                "resources": [
                  {
                    "name": "[concat(parameters('serverName'), '/Default')]",
                    "type": "Microsoft.Sql/servers/auditingSettings",
                    "apiVersion": "2017-03-01-preview",
                    "properties": {
                      "workspaceId": "[parameters('logAnalytics')]",
											"eventHubName": "[last(split(parameters('eventHubName'), '/'))]",
											"eventHubAuthorizationRuleId": "[parameters('eventHubRuleId')]",
                      "state": "Enabled"
                    }
                  }
                ]
              },
              "parameters": {
                "serverName": {
                  "value": "[field('name')]"
                },
                "auditRetentionDays": {
                  "value": "[parameters('retentionDays')]"
                },
                "location": {
                  "value": "[field('location')]"
                },
                "logAnalytics": {
                  "value": "[parameters('logAnalytics')]"
                },
                "eventHubName": {
                  "value": "[parameters('eventHubName')]"
                },
                "eventHubRuleId": {
                  "value": "[parameters('eventHubRuleId')]"
                }
              }
            }
          }
        }
      }
    }
  },
  "id": "/providers/Microsoft.Authorization/policyDefinitions/f4c68484-132f-41f9-9b6d-3e4b1cb55036",
  "type": "Microsoft.Authorization/policyDefinitions",
  "name": "f4c68484-132f-41f9-9b6d-3e4b1cb55036"
}