{
  "properties": {
    "name": "DriveTrain AVD Diagnostic Policies",
    "description": "Policies for enforcing Diagnostics settings for NS Drivetrain for AVD.",
    "parameters": {
      "logAnalytics": {
        "type": "string",
        "metadata": {
          "displayName": "The Log Analytics Workspace to associate the policy deployment with.",
          "strongType": "omsWorkspace"
        }
      }
    }
  },
  "policyDefinitions": [
    {
      "policyDefinitionId": "/providers/Microsoft.Authorization/policyDefinitions/diagnostics-wvdappgroup-deploy",
      "parameters": {
        "logAnalytics": {
          "value": "[parameters('logAnalytics')]"
        }
      }
    },
    {
      "policyDefinitionId": "/providers/Microsoft.Authorization/policyDefinitions/diagnostics-wvdhostpool-deploy",
      "parameters": {
        "logAnalytics": {
          "value": "[parameters('logAnalytics')]"
        }
      }
    },
    {
      "policyDefinitionId": "/providers/Microsoft.Authorization/policyDefinitions/diagnostics-wvdworkspace-deploy",
      "parameters": {
        "logAnalytics": {
          "value": "[parameters('logAnalytics')]"
        }
      }
    }
  ]
}