{
  "properties": {
    "name": "DriveTrain ManagementGroup Governance",
    "description": "Policies for enforcing management group Governance settings for NS Drivetrain.",
    "parameters": {}
  },
  "policyDefinitions": [
    {
      "policyDefinitionId": "/providers/Microsoft.Authorization/policyDefinitions/2835b622-407b-4114-9198-6f7064cbe0dc"
    },
    {
      "policyDefinitionId": "/providers/Microsoft.Authorization/policyDefinitions/ea3f2387-9b95-492a-a190-fcdc54f7b070",
      "parameters": {
        "tagName": {
          "value": "CostCenter"
        }
      }
    },
    {
      "policyDefinitionId": "/providers/Microsoft.Authorization/policyDefinitions/ea3f2387-9b95-492a-a190-fcdc54f7b070",
      "parameters": {
        "tagName": {
          "value": "ServiceOwner"
        }
      }
    },
    {
      "policyDefinitionId": "/providers/Microsoft.Authorization/policyDefinitions/ea3f2387-9b95-492a-a190-fcdc54f7b070",
      "parameters": {
        "tagName": {
          "value": "Workload"
        }
      }
    },
    {
      "policyDefinitionId": "/providers/Microsoft.Authorization/policyDefinitions/ea3f2387-9b95-492a-a190-fcdc54f7b070",
      "parameters": {
        "tagName": {
          "value": "Environment"
        }
      }
    },
    {
      "policyDefinitionId": "/providers/Microsoft.Authorization/policyDefinitions/ea3f2387-9b95-492a-a190-fcdc54f7b070",
      "parameters": {
        "tagName": {
          "value": "SLA"
        }
      }
    },
    {
      "policyDefinitionId": "/providers/Microsoft.Authorization/policyDefinitions/ea3f2387-9b95-492a-a190-fcdc54f7b070",
      "parameters": {
        "tagName": {
          "value": "Criticality"
        }
      }
    },
    {
      "policyDefinitionId": "/providers/Microsoft.Authorization/policyDefinitions/ea3f2387-9b95-492a-a190-fcdc54f7b070",
      "parameters": {
        "tagName": {
          "value": "DataClassification"
        }
      }
    },
    {
      "policyDefinitionId": "/providers/Microsoft.Authorization/policyDefinitions/726aca4c-86e9-4b04-b0c5-073027359532",
      "parameters": {
        "tagName": {
          "value": "CostCenter"
        },
        "tagValue": {
          "value": "notset"
        }
      }
    },
    {
      "policyDefinitionId": "/providers/Microsoft.Authorization/policyDefinitions/726aca4c-86e9-4b04-b0c5-073027359532",
      "parameters": {
        "tagName": {
          "value": "ServiceOwner"
        },
        "tagValue": {
          "value": "notset"
        }
      }
    },
    {
      "policyDefinitionId": "/providers/Microsoft.Authorization/policyDefinitions/726aca4c-86e9-4b04-b0c5-073027359532",
      "parameters": {
        "tagName": {
          "value": "Workload"
        },
        "tagValue": {
          "value": "notset"
        }
      }
    },
    {
      "policyDefinitionId": "/providers/Microsoft.Authorization/policyDefinitions/726aca4c-86e9-4b04-b0c5-073027359532",
      "parameters": {
        "tagName": {
          "value": "Environment"
        },
        "tagValue": {
          "value": "notset"
        }
      }
    },
    {
      "policyDefinitionId": "/providers/Microsoft.Authorization/policyDefinitions/726aca4c-86e9-4b04-b0c5-073027359532",
      "parameters": {
        "tagName": {
          "value": "SLA"
        },
        "tagValue": {
          "value": "notset"
        }
      }
    },
    {
      "policyDefinitionId": "/providers/Microsoft.Authorization/policyDefinitions/726aca4c-86e9-4b04-b0c5-073027359532",
      "parameters": {
        "tagName": {
          "value": "Criticality"
        },
        "tagValue": {
          "value": "notset"
        }
      }
    },
    {
      "policyDefinitionId": "/providers/Microsoft.Authorization/policyDefinitions/726aca4c-86e9-4b04-b0c5-073027359532",
      "parameters": {
        "tagName": {
          "value": "DataClassification"
        },
        "tagValue": {
          "value": "notset"
        }
      }
    }
  ]
}