{
  "properties": {
    "name": "DriveTrain Diagnostic Policies",
    "description": "Policies for enforcing Diagnostics settings for NS Drivetrain.",
    "parameters": {
      "logAnalytics": {
        "type": "string",
        "metadata": {
          "displayName": "The Log Analytics Workspace to associate the policy deployment with.",
          "strongType": "omsWorkspace"
        }
      },
      "storageAccount": {
        "type": "string",
        "defaultValue": "",
        "metadata": {
          "displayName": "The Storage Account to store the diagnostic data."
        }
      },
      "storageAccountSAS": {
        "type": "string",
        "defaultValue": "",
        "metadata": {
          "displayName": "The Storage Account Access Token."
        }
      }
    }
  },
  "policyDefinitions": [
    {
      "policyDefinitionId": "/providers/Microsoft.Authorization/policyDefinitions/diagnostics-linux-LogAnalyticsExtension-deploy",
      "parameters": {
        "logAnalytics": {
          "value": "[parameters('logAnalytics')]"
        }
      }
    },
    {
      "policyDefinitionId": "/providers/Microsoft.Authorization/policyDefinitions/diagnostics-windows-loganalyticsextension-deploy",
      "parameters": {
        "logAnalytics": {
          "value": "[parameters('logAnalytics')]"
        }
      }
    },
    {
      "policyDefinitionId": "/providers/Microsoft.Authorization/policyDefinitions/diagnostics-linux-vmss-loganalyticsextension-deploy",
      "parameters": {
        "logAnalytics": {
          "value": "[parameters('logAnalytics')]"
        }
      }
    },
    {
      "policyDefinitionId": "/providers/Microsoft.Authorization/policyDefinitions/diagnostics-windows-vmss-loganalyticsextension-deploy",
      "parameters": {
        "logAnalytics": {
          "value": "[parameters('logAnalytics')]"
        }
      }
    },
    {
      "policyDefinitionId": "/providers/Microsoft.Authorization/policyDefinitions/diagnostics-vmss-microsoftmanagementagent-deploy",
      "parameters": {
        "logAnalytics": {
          "value": "[parameters('logAnalytics')]"
        }
      }
    },
    {
      "policyDefinitionId": "/providers/Microsoft.Authorization/policyDefinitions/diagnostics-linux-extension-deploy",
      "parameters": {
        "logAnalytics": {
          "value": "[parameters('logAnalytics')]"
        },
        "storageAccount": {
          "value": "[parameters('storageAccount')]"
        },
        "storageAccountSAS": {
          "value": "[parameters('storageAccountSAS')]"
        }
      }
    },
    {
      "policyDefinitionId": "/providers/Microsoft.Authorization/policyDefinitions/diagnostics-appservice-deploy",
      "parameters": {
        "logAnalytics": {
          "value": "[parameters('logAnalytics')]"
        }
      }
    },
    {
      "policyDefinitionId": "/providers/Microsoft.Authorization/policyDefinitions/diagnostics-aks-deploy",
      "parameters": {
        "logAnalytics": {
          "value": "[parameters('logAnalytics')]"
        }
      }
    },
    {
      "policyDefinitionId": "/providers/Microsoft.Authorization/policyDefinitions/diagnostics-analysisservices-deploy",
      "parameters": {
        "logAnalytics": {
          "value": "[parameters('logAnalytics')]"
        }
      }
    },
    {
      "policyDefinitionId": "/providers/Microsoft.Authorization/policyDefinitions/diagnostics-apimanagement-deploy",
      "parameters": {
        "logAnalytics": {
          "value": "[parameters('logAnalytics')]"
        }
      }
    },
    {
      "policyDefinitionId": "/providers/Microsoft.Authorization/policyDefinitions/diagnostics-appgw-deploy",
      "parameters": {
        "logAnalytics": {
          "value": "[parameters('logAnalytics')]"
        }
      }
    },
    {
      "policyDefinitionId": "/providers/Microsoft.Authorization/policyDefinitions/diagnostics-appserviceplan-deploy",
      "parameters": {
        "logAnalytics": {
          "value": "[parameters('logAnalytics')]"
        }
      }
    },
    {
      "policyDefinitionId": "/providers/Microsoft.Authorization/policyDefinitions/diagnostics-automationaccounts-deploy",
      "parameters": {
        "logAnalytics": {
          "value": "[parameters('logAnalytics')]"
        }
      }
    },
    {
      "policyDefinitionId": "/providers/Microsoft.Authorization/policyDefinitions/diagnostics-azurefw-deploy",
      "parameters": {
        "logAnalytics": {
          "value": "[parameters('logAnalytics')]"
        }
      }
    },
    {
      "policyDefinitionId": "/providers/Microsoft.Authorization/policyDefinitions/diagnostics-batchaccounts-deploy",
      "parameters": {
        "logAnalytics": {
          "value": "[parameters('logAnalytics')]"
        }
      }
    },
    {
      "policyDefinitionId": "/providers/Microsoft.Authorization/policyDefinitions/diagnostics-cdnendpoints-deploy",
      "parameters": {
        "logAnalytics": {
          "value": "[parameters('logAnalytics')]"
        }
      }
    },
    {
      "policyDefinitionId": "/providers/Microsoft.Authorization/policyDefinitions/diagnostics-cognitiveservices-deploy",
      "parameters": {
        "logAnalytics": {
          "value": "[parameters('logAnalytics')]"
        }
      }
    },
    {
      "policyDefinitionId": "/providers/Microsoft.Authorization/policyDefinitions/diagnostics-containerinstance-deploy",
      "parameters": {
        "logAnalytics": {
          "value": "[parameters('logAnalytics')]"
        }
      }
    },
    {
      "policyDefinitionId": "/providers/Microsoft.Authorization/policyDefinitions/diagnostics-containerregistry-deploy",
      "parameters": {
        "logAnalytics": {
          "value": "[parameters('logAnalytics')]"
        }
      }
    },
    {
      "policyDefinitionId": "/providers/Microsoft.Authorization/policyDefinitions/diagnostics-cosmosdb-deploy",
      "parameters": {
        "logAnalytics": {
          "value": "[parameters('logAnalytics')]"
        }
      }
    },
    {
      "policyDefinitionId": "/providers/Microsoft.Authorization/policyDefinitions/diagnostics-datafactory-deploy",
      "parameters": {
        "logAnalytics": {
          "value": "[parameters('logAnalytics')]"
        }
      }
    },
    {
      "policyDefinitionId": "/providers/Microsoft.Authorization/policyDefinitions/diagnostics-datalakeanalytics-deploy",
      "parameters": {
        "logAnalytics": {
          "value": "[parameters('logAnalytics')]"
        }
      }
    },
    {
      "policyDefinitionId": "/providers/Microsoft.Authorization/policyDefinitions/diagnostics-datalakestore-deploy",
      "parameters": {
        "logAnalytics": {
          "value": "[parameters('logAnalytics')]"
        }
      }
    },
    {
      "policyDefinitionId": "/providers/Microsoft.Authorization/policyDefinitions/diagnostics-eventgridsub-deploy",
      "parameters": {
        "logAnalytics": {
          "value": "[parameters('logAnalytics')]"
        }
      }
    },
    {
      "policyDefinitionId": "/providers/Microsoft.Authorization/policyDefinitions/diagnostics-eventgridtopic-deploy",
      "parameters": {
        "logAnalytics": {
          "value": "[parameters('logAnalytics')]"
        }
      }
    },
    {
      "policyDefinitionId": "/providers/Microsoft.Authorization/policyDefinitions/diagnostics-eventhub-deploy",
      "parameters": {
        "logAnalytics": {
          "value": "[parameters('logAnalytics')]"
        }
      }
    },
    {
      "policyDefinitionId": "/providers/Microsoft.Authorization/policyDefinitions/diagnostics-expressroute-deploy",
      "parameters": {
        "logAnalytics": {
          "value": "[parameters('logAnalytics')]"
        }
      }
    },
    {
      "policyDefinitionId": "/providers/Microsoft.Authorization/policyDefinitions/diagnostics-functionapp-deploy",
      "parameters": {
        "logAnalytics": {
          "value": "[parameters('logAnalytics')]"
        }
      }
    },
    {
      "policyDefinitionId": "/providers/Microsoft.Authorization/policyDefinitions/diagnostics-azurefd-deploy",
      "parameters": {
        "logAnalytics": {
          "value": "[parameters('logAnalytics')]"
        }
      }
    },
    {
      "policyDefinitionId": "/providers/Microsoft.Authorization/policyDefinitions/diagnostics-hdinsight-deploy",
      "parameters": {
        "logAnalytics": {
          "value": "[parameters('logAnalytics')]"
        }
      }
    },
    {
      "policyDefinitionId": "/providers/Microsoft.Authorization/policyDefinitions/diagnostics-iothub-deploy",
      "parameters": {
        "logAnalytics": {
          "value": "[parameters('logAnalytics')]"
        }
      }
    },
    {
      "policyDefinitionId": "/providers/Microsoft.Authorization/policyDefinitions/diagnostics-keyvaults-deploy",
      "parameters": {
        "logAnalytics": {
          "value": "[parameters('logAnalytics')]"
        }
      }
    },
    {
      "policyDefinitionId": "/providers/Microsoft.Authorization/policyDefinitions/diagnostics-loadbalancers-deploy",
      "parameters": {
        "logAnalytics": {
          "value": "[parameters('logAnalytics')]"
        }
      }
    },
    {
      "policyDefinitionId": "/providers/Microsoft.Authorization/policyDefinitions/diagnostics-logicappintegrationaccs-deploy",
      "parameters": {
        "logAnalytics": {
          "value": "[parameters('logAnalytics')]"
        }
      }
    },
    {
      "policyDefinitionId": "/providers/Microsoft.Authorization/policyDefinitions/diagnostics-logicappworkflows-deploy",
      "parameters": {
        "logAnalytics": {
          "value": "[parameters('logAnalytics')]"
        }
      }
    },
    {
      "policyDefinitionId": "/providers/Microsoft.Authorization/policyDefinitions/diagnostics-mysqldb-deploy",
      "parameters": {
        "logAnalytics": {
          "value": "[parameters('logAnalytics')]"
        }
      }
    },
    {
      "policyDefinitionId": "/providers/Microsoft.Authorization/policyDefinitions/diagnostics-networkinterfaces-deploy",
      "parameters": {
        "logAnalytics": {
          "value": "[parameters('logAnalytics')]"
        }
      }
    },
    {
      "policyDefinitionId": "/providers/Microsoft.Authorization/policyDefinitions/diagnostics-nsgs-deploy",
      "parameters": {
        "logAnalytics": {
          "value": "[parameters('logAnalytics')]"
        }
      }
    },
    {
      "policyDefinitionId": "/providers/Microsoft.Authorization/policyDefinitions/diagnostics-postgresql-deploy",
      "parameters": {
        "logAnalytics": {
          "value": "[parameters('logAnalytics')]"
        }
      }
    },
    {
      "policyDefinitionId": "/providers/Microsoft.Authorization/policyDefinitions/diagnostics-powerbiembedded-deploy",
      "parameters": {
        "logAnalytics": {
          "value": "[parameters('logAnalytics')]"
        }
      }
    },
    {
      "policyDefinitionId": "/providers/Microsoft.Authorization/policyDefinitions/diagnostics-publicips-deploy",
      "parameters": {
        "logAnalytics": {
          "value": "[parameters('logAnalytics')]"
        }
      }
    },
    {
      "policyDefinitionId": "/providers/Microsoft.Authorization/policyDefinitions/diagnostics-recoveryvaults-deploy",
      "parameters": {
        "logAnalytics": {
          "value": "[parameters('logAnalytics')]"
        }
      }
    },
    {
      "policyDefinitionId": "/providers/Microsoft.Authorization/policyDefinitions/diagnostics-redis-deploy",
      "parameters": {
        "logAnalytics": {
          "value": "[parameters('logAnalytics')]"
        }
      }
    },
    {
      "policyDefinitionId": "/providers/Microsoft.Authorization/policyDefinitions/diagnostics-searchservices-deploy",
      "parameters": {
        "logAnalytics": {
          "value": "[parameters('logAnalytics')]"
        }
      }
    },
    {
      "policyDefinitionId": "/providers/Microsoft.Authorization/policyDefinitions/diagnostics-servicebus-deploy",
      "parameters": {
        "logAnalytics": {
          "value": "[parameters('logAnalytics')]"
        }
      }
    },
    {
      "policyDefinitionId": "/providers/Microsoft.Authorization/policyDefinitions/diagnostics-relay-deploy",
      "parameters": {
        "logAnalytics": {
          "value": "[parameters('logAnalytics')]"
        }
      }
    },
    {
      "policyDefinitionId": "/providers/Microsoft.Authorization/policyDefinitions/diagnostics-signalr-deploy",
      "parameters": {
        "logAnalytics": {
          "value": "[parameters('logAnalytics')]"
        }
      }
    },
    {
      "policyDefinitionId": "/providers/Microsoft.Authorization/policyDefinitions/diagnostics-sqldbs-deploy",
      "parameters": {
        "logAnalytics": {
          "value": "[parameters('logAnalytics')]"
        }
      }
    },
    {
      "policyDefinitionId": "/providers/Microsoft.Authorization/policyDefinitions/diagnostics-sqlelasticpools-deploy",
      "parameters": {
        "logAnalytics": {
          "value": "[parameters('logAnalytics')]"
        }
      }
    },
    {
      "policyDefinitionId": "/providers/Microsoft.Authorization/policyDefinitions/diagnostics-sqlmi-deploy",
      "parameters": {
        "logAnalytics": {
          "value": "[parameters('logAnalytics')]"
        }
      }
    },
    {
      "policyDefinitionId": "/providers/Microsoft.Authorization/policyDefinitions/diagnostics-sqlmidbs-deploy",
      "parameters": {
        "logAnalytics": {
          "value": "[parameters('logAnalytics')]"
        }
      }
    },
    {
      "policyDefinitionId": "/providers/Microsoft.Authorization/policyDefinitions/diagnostics-streamanalytics-deploy",
      "parameters": {
        "logAnalytics": {
          "value": "[parameters('logAnalytics')]"
        }
      }
    },
    {
      "policyDefinitionId": "/providers/Microsoft.Authorization/policyDefinitions/diagnostics-timeseries-deploy",
      "parameters": {
        "logAnalytics": {
          "value": "[parameters('logAnalytics')]"
        }
      }
    },
    {
      "policyDefinitionId": "/providers/Microsoft.Authorization/policyDefinitions/diagnostics-trafficmgr-deploy",
      "parameters": {
        "logAnalytics": {
          "value": "[parameters('logAnalytics')]"
        }
      }
    },
    {
      "policyDefinitionId": "/providers/Microsoft.Authorization/policyDefinitions/diagnostics-vms-deploy",
      "parameters": {
        "logAnalytics": {
          "value": "[parameters('logAnalytics')]"
        }
      }
    },
    {
      "policyDefinitionId": "/providers/Microsoft.Authorization/policyDefinitions/diagnostics-vmscalesets-deploy",
      "parameters": {
        "logAnalytics": {
          "value": "[parameters('logAnalytics')]"
        }
      }
    },
    {
      "policyDefinitionId": "/providers/Microsoft.Authorization/policyDefinitions/diagnostics-vnetgw-deploy",
      "parameters": {
        "logAnalytics": {
          "value": "[parameters('logAnalytics')]"
        }
      }
    },
    {
      "policyDefinitionId": "/providers/Microsoft.Authorization/policyDefinitions/diagnostics-vnets-deploy",
      "parameters": {
        "logAnalytics": {
          "value": "[parameters('logAnalytics')]"
        }
      }
    },
    {
      "policyDefinitionId": "/providers/Microsoft.Authorization/policyDefinitions/diagnostics-wvdappgroup-deploy",
      "parameters": {
        "logAnalytics": {
          "value": "[parameters('logAnalytics')]"
        }
      }
    },
    {
      "policyDefinitionId": "/providers/Microsoft.Authorization/policyDefinitions/diagnostics-wvdhostpool-deploy",
      "parameters": {
        "logAnalytics": {
          "value": "[parameters('logAnalytics')]"
        }
      }
    },
    {
      "policyDefinitionId": "/providers/Microsoft.Authorization/policyDefinitions/diagnostics-wvdworkspace-deploy",
      "parameters": {
        "logAnalytics": {
          "value": "[parameters('logAnalytics')]"
        }
      }
    }
  ]
}