{
    "properties": {
        "Content": {
            "items": {
                "properties": {
                    "Recommendation": {
                        "type": "string"
                    },
                    "Resource": {
                        "type": "string"
                    },
                    "ResourceGroup": {
                        "type": "string"
                    },
                    "SubscriptionId": {
                        "type": "string"
                    },
                    "SubscriptionName": {
                        "type": "string"
                    }
                },
                "required": [
                    "SubscriptionName",
                    "SubscriptionId",
                    "Resource",
                    "Recommendation",
                    "ResourceGroup"
                ],
                "type": "object"
            },
            "type": "array"
        },
        "ReportName": {
            "type": "string"
        }
    },
    "type": "object"
}