{
    "properties": {
        "Content": {
            "properties": {
                "Azure_Advisor_Audit": {
                    "items": {
                        "properties": {
                            "Category": {
                                "type": [
                                    "string",
                                    "null",
                                    "boolean"
                                ]
                            },
                            "Impact": {
                                "type": [
                                    "string",
                                    "null",
                                    "boolean"
                                ]
                            },
                            "Problem": {
                                "type": [
                                    "string",
                                    "null",
                                    "boolean"
                                ]
                            },
                            "ResourceGroup": {
                                "type": [
                                    "string",
                                    "null",
                                    "boolean"
                                ]
                            },
                            "ResourceName": {
                                "type": [
                                    "string",
                                    "null",
                                    "boolean"
                                ]
                            },
                            "ResourceType": {
                                "type": [
                                    "string",
                                    "null",
                                    "boolean"
                                ]
                            },
                            "Solution": {
                                "type": [
                                    "string",
                                    "null",
                                    "boolean"
                                ]
                            },
                            "SubscriptionName": {
                                "type": [
                                    "string",
                                    "null",
                                    "boolean"
                                ]
                            }
                        },
                        "required": [],
                        "type": [
                            "object",
                            "null"
                        ]
                    },
                    "type": [
                        "array",
                        "null",
                        "object"
                    ]
                },
                "Azure_Monitor_Audit": {
                    "properties": {
                        "ActionGroups": {
                            "properties": {
                                "EmailReceivers": {
                                    "type": [
                                        "object",
                                        "null",
                                        "array"
                                    ]
                                },
                                "Enabled": {
                                    "type": [
                                        "string",
                                        "null",
                                        "boolean"
                                    ]
                                },
                                "GroupShortName": {
                                    "type": [
                                        "string",
                                        "null",
                                        "boolean"
                                    ]
                                },
                                "Id": {
                                    "type": [
                                        "string",
                                        "null",
                                        "boolean"
                                    ]
                                },
                                "Location": {
                                    "type": [
                                        "string",
                                        "null",
                                        "boolean"
                                    ]
                                },
                                "Name": {
                                    "type": [
                                        "string",
                                        "null",
                                        "boolean"
                                    ]
                                },
                                "ResourceGroupName": {
                                    "type": [
                                        "string",
                                        "null",
                                        "boolean"
                                    ]
                                },
                                "SmsReceivers": {
                                    "type": [
                                        "object",
                                        "null",
                                        "array"
                                    ]
                                },
                                "Tags": {
                                    "type": [
                                        "object",
                                        "null"
                                    ]
                                },
                                "Type": {
                                    "type": [
                                        "string",
                                        "null",
                                        "boolean"
                                    ]
                                },
                                "WebhookReceivers": {
                                    "items": {
                                        "properties": {
                                            "Name": {
                                                "type": [
                                                    "string",
                                                    "boolean",
                                                    "null"
                                                ]
                                            },
                                            "ServiceUri": {
                                                "type": [
                                                    "string",
                                                    "boolean",
                                                    "null"
                                                ]
                                            }
                                        },
                                        "type": [
                                            "object",
                                            "null"
                                        ]
                                    },
                                    "type": ["array","null"]
                                }
                            },
                            "type": [
                                "object",
                                "array",
                                "null",
                                "boolean"
                            ]
                        }
                    },
                    "type": [
                        "object",
                        "null",
                        "boolean"
                    ]
                },
                "Azure_Sec_Center_Audit": {
                    "properties": {
                        "SecContactInfo": {
                            "type": [
                                "object",
                                "string",
                                "null",
                                "array",
                                "boolean"
                            ]
                        },
                        "SecPricingInfo": {
                            "type": [
                                "object",
                                "string",
                                "null",
                                "array",
                                "boolean"
                            ]
                        }
                    },
                    "type": [
                        "object",
                        "null",
						"array"
                    ]
                },
                "BackUp_Policy_Audit": {
                    "items": {
                        "properties": {
                            "BackupManagementType": {
                                "type": [
                                    "integer",
                                    "null"
                                ]
                            },
                            "DailySchedule": {
                                "properties": {
                                    "DurationCountInDays": {
                                        "type": [
                                            "integer",
                                            "null"
                                        ]
                                    },
                                    "RetentionTimes": {
                                        "items": {
                                            "type": [
                                                "string",
                                                "null",
                                                "boolean"
                                            ]
                                        },
                                        "type": ["array","null"]
                                    }
                                },
                                "type": [
                                    "object",
                                    "null"
                                ]
                            },
                            "DailyScheduleEnabled": {
                                "type": [
                                    "string",
                                    "null",
                                    "boolean"
                                ]
                            },
                            "MonthlySchedule": {
                                "properties": {
                                    "DurationCountInMonths": {
                                        "type": [
                                            "integer",
                                            "null"
                                        ]
                                    },
                                    "RetentionScheduleDaily": {},
                                    "RetentionScheduleFormatType": {
                                        "type": [
                                            "integer",
                                            "null"
                                        ]
                                    },
                                    "RetentionScheduleWeekly": {
                                        "properties": {
                                            "DaysOfTheWeek": {
                                                "items": {
                                                    "type": [
                                                        "integer",
                                                        "null"
                                                    ]
                                                },
                                                "type": ["array","null"]
                                            },
                                            "WeeksOfTheMonth": {
                                                "items": {
                                                    "type": [
                                                        "integer",
                                                        "null"
                                                    ]
                                                },
                                                "type": ["array","null"]
                                            }
                                        },
                                        "type": [
                                            "object",
                                            "null"
                                        ]
                                    },
                                    "RetentionTimes": {
                                        "items": {
                                            "type": [
                                                "string",
                                                "null",
                                                "boolean"
                                            ]
                                        },
                                        "type": ["array","null"]
                                    }
                                },
                                "type": [
                                    "object",
                                    "null"
                                ]
                            },
                            "MonthlyScheduleEnabled": {
                                "type": [
                                    "string",
                                    "null",
                                    "boolean"
                                ]
                            },
                            "Name": {
                                "type": [
                                    "string",
                                    "null",
                                    "boolean"
                                ]
                            },
                            "Schedule": {
                                "properties": {
                                    "ScheduleRunDays": {},
                                    "ScheduleRunFrequency": {
                                        "type": [
                                            "integer",
                                            "null"
                                        ]
                                    },
                                    "ScheduleRunTimes": {
                                        "items": {
                                            "type": [
                                                "string",
                                                "null",
                                                "boolean"
                                            ]
                                        },
                                        "type": ["array","null"]
                                    }
                                },
                                "type": [
                                    "object",
                                    "null"
                                ]
                            },
                            "SnapshotRetentionInDays": {
                                "type": [
                                    "integer",
                                    "null"
                                ]
                            },
                            "WeeklySchedule": {},
                            "WeeklyScheduleEnabled": {
                                "type": [
                                    "string",
                                    "null",
                                    "boolean"
                                ]
                            },
                            "WorkloadType": {
                                "type": [
                                    "integer",
                                    "null"
                                ]
                            },
                            "YearlySchedule": {
                                "properties": {
                                    "DurationCountInYears": {
                                        "type": [
                                            "integer",
                                            "null"
                                        ]
                                    },
                                    "MonthsOfYear": {
                                        "items": {
                                            "type": [
                                                "integer",
                                                "null"
                                            ]
                                        },
                                        "type": ["array","null"]
                                    },
                                    "RetentionScheduleDaily": {},
                                    "RetentionScheduleFormatType": {
                                        "type": [
                                            "integer",
                                            "null"
                                        ]
                                    },
                                    "RetentionScheduleWeekly": {
                                        "properties": {
                                            "DaysOfTheWeek": {
                                                "items": {
                                                    "type": [
                                                        "integer",
                                                        "null"
                                                    ]
                                                },
                                                "type": ["array","null"]
                                            },
                                            "WeeksOfTheMonth": {
                                                "items": {
                                                    "type": [
                                                        "integer",
                                                        "null"
                                                    ]
                                                },
                                                "type": ["array","null"]
                                            }
                                        },
                                        "type": [
                                            "object",
                                            "null"
                                        ]
                                    },
                                    "RetentionTimes": {
                                        "items": {
                                            "type": [
                                                "string",
                                                "null",
                                                "boolean"
                                            ]
                                        },
                                        "type": ["array","null"]
                                    }
                                },
                                "type": [
                                    "object",
                                    "null"
                                ]
                            },
                            "YearlyScheduleEnabled": {
                                "type": [
                                    "string",
                                    "null",
                                    "boolean"
                                ]
                            }
                        },
                        "required": [],
                        "type": [
                            "object",
                            "null"
                        ]
                    },
                    "type": ["array","null"]
                },
                "Customer_Information": {
                    "items": {
                        "properties": {
                            "SubscriptionID": {
                                "type": "string"
                            },
                            "Subscription_Name": {
                                "type": "string"
                            },
                            "Tenant_ID": {
                                "type": "string"
                            },
                            "Tenant_Name": {
                                "type": "string"
                            }
                        },
                        "type": [
                            "object"
                        ]
                    },
                    "type": [
                        "array",
                        "object"
                    ]
                },
                "Key_Vault_Audit": {
                    "type": ["array","null"]
                },
                "LoadBalancer_Audit": {
                    "items": {
                        "properties": {
                            "BackEndPools": {},
                            "FrontEndPrivateIp": {},
                            "FrontEndPublicIp": {
                                "type": [
                                    "string",
                                    "null",
                                    "boolean"
                                ]
                            },
                            "Location": {
                                "type": [
                                    "string",
                                    "null",
                                    "boolean"
                                ]
                            },
                            "ResourceGroup": {
                                "type": [
                                    "string",
                                    "null",
                                    "boolean"
                                ]
                            },
                            "ResourceName": {
                                "type": [
                                    "string",
                                    "null",
                                    "boolean"
                                ]
                            },
                            "Subscription": {},
                            "Tags": {
                                "type": [
                                    "string",
                                    "null",
                                    "boolean"
                                ]
                            },
                            "lbRule-0": {
                                "type": [
                                    "string",
                                    "null",
                                    "boolean"
                                ]
                            },
                            "lbRule-1": {
                                "type": [
                                    "string",
                                    "null",
                                    "boolean"
                                ]
                            },
                            "probe-0": {
                                "type": [
                                    "string",
                                    "null",
                                    "boolean"
                                ]
                            }
                        },
                        "required": [],
                        "type": [
                            "object",
                            "null"
                        ]
                    },
                    "type": ["array","null"]
                },
                "Locks_Audit": {
                    "items": {
                        "properties": {
                            "ExtensionResourceName": {},
                            "ExtensionResourceType": {},
                            "Name": {
                                "type": [
                                    "string",
                                    "null",
                                    "boolean"
                                ]
                            },
                            "Properties": {
                                "properties": {
                                    "level": {
                                        "type": [
                                            "string",
                                            "null",
                                            "boolean"
                                        ]
                                    },
                                    "notes": {
                                        "type": [
                                            "string",
                                            "null",
                                            "boolean"
                                        ]
                                    }
                                },
                                "type": [
                                    "object",
                                    "null"
                                ]
                            },
                            "ResourceGroupName": {
                                "type": [
                                    "string",
                                    "null",
                                    "boolean"
                                ]
                            },
                            "ResourceName": {
                                "type": [
                                    "string",
                                    "null",
                                    "boolean"
                                ]
                            },
                            "ResourceType": {
                                "type": [
                                    "string",
                                    "null",
                                    "boolean"
                                ]
                            }
                        },
                        "required": [],
                        "type": [
                            "object",
                            "null"
                        ]
                    },
                    "type": ["array","null"]
                },
                "Log_Analytics_Audit": {
                    "items": {
                        "properties": {
                            "Location": {
                                "type": [
                                    "string",
                                    "null",
                                    "boolean"
                                ]
                            },
                            "LogAnalyticsName": {
                                "type": [
                                    "string",
                                    "null",
                                    "boolean"
                                ]
                            },
                            "ResourceGroupName": {
                                "type": [
                                    "string",
                                    "null",
                                    "boolean"
                                ]
                            },
                            "Sku": {
                                "type": [
                                    "string",
                                    "null",
                                    "boolean"
                                ]
                            }
                        },
                        "required": [],
                        "type": [
                            "object",
                            "null"
                        ]
                    },
                    "type": ["array","null"]
                },
                "NSG_Audit": {
                    "items": {
                        "properties": {
                            "AssignedNic-0": {},
                            "AssignedSubnet-0": {
                                "type": [
                                    "string",
                                    "null",
                                    "boolean"
                                ]
                            },
                            "Location": {
                                "type": [
                                    "string",
                                    "null",
                                    "boolean"
                                ]
                            },
                            "ResourceGroup": {
                                "type": [
                                    "string",
                                    "null",
                                    "boolean"
                                ]
                            },
                            "ResourceName": {
                                "type": [
                                    "string",
                                    "null",
                                    "boolean"
                                ]
                            }
                        },
                        "required": [],
                        "type": [
                            "object",
                            "null"
                        ]
                    },
                    "type": ["array","null"]
                },
                "NSG_Rules": {
                    "items": {
                        "properties": {
                            "Access": {
                                "type": [
                                    "string",
                                    "null",
                                    "boolean"
                                ]
                            },
                            "Description": {},
                            "DestinationAddressPrefix": {
                                "type": [
                                    "string",
                                    "null",
                                    "boolean"
                                ]
                            },
                            "DestinationPortRange": {
                                "type": [
                                    "string",
                                    "null",
                                    "boolean"
                                ]
                            },
                            "Direction": {
                                "type": [
                                    "string",
                                    "null",
                                    "boolean"
                                ]
                            },
                            "NSG": {
                                "type": [
                                    "string",
                                    "null",
                                    "boolean"
                                ]
                            },
                            "Name": {
                                "type": [
                                    "string",
                                    "null",
                                    "boolean"
                                ]
                            },
                            "Priority": {
                                "type": [
                                    "integer",
                                    "null"
                                ]
                            },
                            "Protocol": {
                                "type": [
                                    "string",
                                    "null",
                                    "boolean"
                                ]
                            },
                            "SourceAddressPrefix": {
                                "type": [
                                    "string",
                                    "null",
                                    "boolean"
                                ]
                            },
                            "SourcePortRange": {
                                "type": [
                                    "string",
                                    "null",
                                    "boolean"
                                ]
                            }
                        },
                        "required": [],
                        "type": [
                            "object",
                            "null"
                        ]
                    },
                    "type": ["array","null"]
                },
                "RBAC_User_Audit": {
                    "items": {
                        "properties": {
                            "DisplayName": {
                                "type": [
                                    "string",
                                    "null",
                                    "boolean"
                                ]
                            },
                            "ObjectType": {
                                "type": [
                                    "string",
                                    "null",
                                    "boolean"
                                ]
                            },
                            "Role": {
                                "type": [
                                    "string",
                                    "null",
                                    "boolean"
                                ]
                            },
                            "SignInName": {
                                "type": [
                                    "string",
                                    "null",
                                    "boolean"
                                ]
                            }
                        },
                        "required": [],
                        "type": [
                            "object",
                            "null"
                        ]
                    },
                    "type": ["array","null"]
                },
                "Resource_Audit": {
                    "items": {
                        "properties": {
                            "Kind": {},
                            "Location": {
                                "type": [
                                    "string",
                                    "null",
                                    "boolean"
                                ]
                            },
                            "LogsAnalyticsWorkSpaceName": {
                                "type": [
                                    "string",
                                    "null",
                                    "boolean"
                                ]
                            },
                            "LogsEnabled": {
                                "type": [
                                    "integer",
                                    "string",
                                    "null",
                                    "boolean"
                                ]
                            },
                            "MetricsEnabled": {
                                "type": [
                                    "integer",
                                    "string",
                                    "null",
                                    "boolean"
                                ]
                            },
                            "ResourceGroup": {
                                "type": [
                                    "string",
                                    "null",
                                    "boolean"
                                ]
                            },
                            "ResourceId": {
                                "type": [
                                    "string",
                                    "null",
                                    "boolean"
                                ]
                            },
                            "ResourceName": {
                                "type": [
                                    "string",
                                    "null",
                                    "boolean"
                                ]
                            },
                            "ResourceType": {
                                "type": [
                                    "string",
                                    "null",
                                    "boolean"
                                ]
                            },
                            "Sku": {
                                "items": {
                                    "properties": {
                                        "Capacity": {
                                            "type": [
                                                "string",
                                                "null",
                                                "boolean"
                                            ]
                                        },
                                        "Family": {
                                            "type": [
                                                "string",
                                                "null",
                                                "boolean"
                                            ]
                                        },
                                        "Model": {
                                            "type": [
                                                "string",
                                                "null",
                                                "boolean"
                                            ]
                                        },
                                        "Name": {
                                            "type": [
                                                "string",
                                                "null",
                                                "boolean"
                                            ]
                                        },
                                        "Size": {
                                            "type": [
                                                "string",
                                                "null",
                                                "boolean"
                                            ]
                                        },
                                        "Tier": {
                                            "type": [
                                                "string",
                                                "null",
                                                "boolean"
                                            ]
                                        }
                                    },
                                    "type": "object"
                                }
                            },
                            "Tags": {
                                "type": [
                                    "string",
                                    "null",
                                    "boolean"
                                ]
                            }
                        },
                        "required": [],
                        "type": [
                            "object",
                            "null"
                        ]
                    },
                    "type": ["array","null"]
                },
                "Resource_Group_Audit": {
                    "items": {
                        "properties": {
                            "Location": {
                                "type": [
                                    "string",
                                    "null",
                                    "boolean"
                                ]
                            },
                            "ResourceGroupName": {
                                "type": [
                                    "string",
                                    "null",
                                    "boolean"
                                ]
                            }
                        },
                        "required": [],
                        "type": [
                            "object",
                            "null"
                        ]
                    },
                    "type": ["array","null"]
                },
                "Route_Table_Audit": {
                    "type": ["array","null"]
                },
                "Storage_Audit": {
                    "items": {
                        "properties": {
                            "AccessTier": {},
                            "EnableHttpsTrafficOnly": {
                                "type": [
                                    "string",
                                    "null",
                                    "boolean"
                                ]
                            },
                            "Kind": {
                                "type": [
                                    "string",
                                    "null",
                                    "boolean"
                                ]
                            },
                            "Location": {
                                "type": [
                                    "string",
                                    "null",
                                    "boolean"
                                ]
                            },
                            "ResourceGroup": {
                                "type": [
                                    "string",
                                    "null",
                                    "boolean"
                                ]
                            },
                            "Sku": {
                                "type": [
                                    "string",
                                    "null",
                                    "boolean"
                                ]
                            },
                            "StorageAccountName": {
                                "type": [
                                    "string",
                                    "null",
                                    "boolean"
                                ]
                            }
                        },
                        "required": [],
                        "type": [
                            "object",
                            "null"
                        ]
                    },
                    "type": ["array","null"]
                },
                "VM_Audit": {
                    "items": {
                        "properties": {
                            "AvailabilitySet": {
                                "type": [
                                    "string",
                                    "null",
                                    "boolean"
                                ]
                            },
                            "Location": {
                                "type": [
                                    "string",
                                    "null",
                                    "boolean"
                                ]
                            },
                            "NIC-0-PrivateIpAddress": {
                                "type": [
                                    "string",
                                    "null",
                                    "boolean",
                                    "array"
                                ]
                            },
                            "NIC-0-PublicIpAddress": {},
                            "NIC-0-Subnet": {
                                "type": [
                                    "string",
                                    "null",
                                    "boolean"
                                ]
                            },
                            "NIC-0-Vnet": {
                                "type": [
                                    "string",
                                    "null",
                                    "boolean"
                                ]
                            },
                            "OS version": {
                                "type": [
                                    "string",
                                    "null",
                                    "boolean"
                                ]
                            },
                            "OSType": {
                                "type": [
                                    "string",
                                    "null",
                                    "boolean",
                                    "integer"
                                ]
                            },
                            "RG": {
                                "type": [
                                    "string",
                                    "null",
                                    "boolean"
                                ]
                            },
                            "Size": {
                                "type": [
                                    "string",
                                    "null",
                                    "boolean"
                                ]
                            },
                            "VM Name": {
                                "type": [
                                    "string",
                                    "null",
                                    "boolean"
                                ]
                            },
                            "dataDisk-0": {
                                "type": [
                                    "string",
                                    "null",
                                    "boolean"
                                ]
                            },
                            "osDisk": {
                                "type": [
                                    "string",
                                    "null",
                                    "boolean"
                                ]
                            }
                        },
                        "required": [],
                        "type": [
                            "object",
                            "null"
                        ]
                    },
                    "type": ["array","null"]
                },
                "VM_Backup_Audit": {
                    "type": ["array","null"]
                },
                "Vnet_Audit": {
                    "items": {
                        "properties": {
                            "AddressSpace-0": {
                                "type": [
                                    "string",
                                    "null",
                                    "boolean"
                                ]
                            },
                            "Location": {
                                "type": [
                                    "string",
                                    "null",
                                    "boolean"
                                ]
                            },
                            "Subnet-0": {
                                "type": [
                                    "string",
                                    "null",
                                    "boolean"
                                ]
                            },
                            "Subscription": {
                                "type": [
                                    "string",
                                    "null",
                                    "boolean"
                                ]
                            },
                            "VnetName": {
                                "type": [
                                    "string",
                                    "null",
                                    "boolean"
                                ]
                            }
                        },
                        "required": [],
                        "type": [
                            "object",
                            "null"
                        ]
                    },
                    "type": ["array","null"]
                },
                "WAF_Audit": {
                    "type": ["array","null"]
                }
            },
            "type": [
                "object",
                "null"
            ]
        },
        "ReportName": {
            "type": [
                "string",
                "null",
                "boolean"
            ]
        }
    },
    "type": [
        "object",
        "null"
    ]
}