{
    "$schema": "https://schema.management.azure.com/schemas/2015-01-01/deploymentParameters.json#",
    "contentVersion": "1.0.0.0",
    "parameters": {
        "sqlServerName": {
          "value": "sla-spoketest-sqlsv"
        },
      "databaseInstances": {
        "value": [
          {
            "dbInstanceName": "sla-spoke-sqldb01",
            "dbInstanceskuName": "GP_S_Gen5",
            "dbInstanceTier": "GeneralPurpose",
            "dbInstanceMaxCapacity": 2,
            "dbInstanceMinCapacity": 0.5,
            "dbInstanceZoneRedundant": false,
            "dbInstanceMaxBytes": 34359738368,
            "dbInstanceLicenseType": "LicenseIncluded",
            "dbInstanceCollation": "SQL_Latin1_General_CP1_CI_AS",
            "dbInstanceReadScale": "Disabled",
            "dbInstanceBackupStorRedundancy": "Local",
            "dbInstanceLedger": "false",
            "dbInstanceReplicas": 0,
            "dbInstanceautoPauseDelay": "-1",
            "dbAutotuneCreateIndex": "true",
            "dbAutotuneDropIndex": "true",
            "dbBackupProductionPolicy": "false",
            "dbCreateDrReplica": "true"
          } 
        ]
      },
      "sqlAdAdminGroupName": {
        "value": "Azure SQL Admins"
      },
      "sqlAdAdminGroupSid": {
        "value": "779cf153-0a51-46e7-9869-45d0f007cc13"
      },
      "privateEndpointName": {
        "value": "sla-spoketest-prv-sql"
      },
      "vnetName": {
        "value": "sla-spoketest-vnet"
      },
      "vNetResourceGroup": {
        "value": "sla-spoketest-rg"
      },
      "subnetName": {
        "value": "sql-serverless"
      },
      "privDnsSubId": {
        "value": "46251ec7-eddb-4810-856c-e1ce4f89e216"
      },
      "privDnsResourceGroup": {
        "value": "sla-hub-rg"
      },
      "privDnsZoneName": {
        "value": "privatelink.database.windows.net"
      },
      "sqlAdminUsername": {
        "value": "operations"
      },
      "sqlServerPassword": {
        "reference": {
          "keyVault": {
            "id": "/subscriptions/c1319338-2a94-4cd5-a59a-e7233cf51c0e/resourceGroups/sla-rg/providers/Microsoft.KeyVault/vaults/sladev-kv"
          },
          "secretName": "sqlServerPassword"
        }
      },
      "failoverRegion": {
        "value": "northeurope"
      },
      "failoverEnabled": {
        "value": "true"
      }
    }
}