{
  "$schema": "http://schema.management.azure.com/schemas/2014-04-01-preview/deploymentTemplate.json#",
  "contentVersion": "1.0.0.0",
  "parameters": {
    "sqlAdminUsername": {
      "type": "String"
    },
    "sqlServerPassword": {
      "type": "securestring"
    },
    "sqlServerName": {
      "type": "string"
    },
    "databaseInstances": {
      "type": "array",
      "metadata": {
        "description": "An array of database instance names"
      }
    },
    "sqlAdAdminGroupName": {
      "type": "string"
    },
    "sqlAdAdminGroupSid": {
      "type": "string"
    },
    "privateEndpointName": {
      "type": "string"
    },
    "vNetName": {
      "type": "string"
    },
    "vNetResourceGroup": {
      "type": "string"
    },
    "subnetName": {
      "type": "string"
    },
    "privDnsSubId": {
      "type": "string"
    },
    "privDnsResourceGroup": {
      "type": "string"
    },
    "privDnsZoneName": {
      "type": "string"
    },
    "failoverRegion": {
      "type": "string"
    },
    "failoverEnabled": {
      "type": "string"
    }
  },
  "variables": {
    "tenantId": "[subscription().tenantId]",
    "sqlServerNameDr": "[concat(parameters('sqlServerName'), '-dr')]",
    "privateEndpointNameDr": "[concat(parameters('privateEndpointName'), '-dr')]",
    "vNetNameDr": "[concat(parameters('vNetName'), '-dr')]",
    "vNetResourceId": "[resourceId(parameters('vNetResourceGroup'), 'Microsoft.Network/virtualNetworks', parameters('vNetName'))]",
    "vNetResourceIdDr": "[resourceId(parameters('vNetResourceGroup'), 'Microsoft.Network/virtualNetworks', variables('vNetNameDr'))]",
    "privDnsId": "[concat ('/subscriptions/', parameters('privDnsSubId'), '/resourceGroups/', parameters('privDnsResourceGroup'),'/providers/Microsoft.Network/privateDnsZones/', parameters('privDnsZoneName'))]"
  },
  "resources": [
    {
      "type": "Microsoft.Sql/servers",
      "apiVersion": "2020-11-01-preview",
      "name": "[parameters('sqlServerName')]",
      "location": "[resourceGroup().location]",
      "tags": {},
      "identity": {
        "type": "SystemAssigned"
      },
      "properties": {
        "administratorLogin": "[parameters('sqlAdminUsername')]",
        "administratorLoginPassword": "[parameters('sqlServerPassword')]",
        "version": "12.0",
        "minimalTlsVersion": "1.2",
        "publicNetworkAccess": "Disabled"
      },
      "resources": []
    },
    {
      "type": "Microsoft.Sql/servers",
      "apiVersion": "2020-11-01-preview",
      "condition": "[equals(parameters('failoverEnabled'), 'true')]",
      "comments": "Failover group sql server in paired region",
      "name": "[variables('sqlServerNameDr')]",
      "location": "[parameters('failoverRegion')]",
      "tags": {},
      "identity": {
        "type": "SystemAssigned"
      },
      "properties": {
        "administratorLogin": "[parameters('sqlAdminUsername')]",
        "administratorLoginPassword": "[parameters('sqlServerPassword')]",
        "version": "12.0",
        "minimalTlsVersion": "1.2",
        "publicNetworkAccess": "Disabled"
      },
      "resources": []
    },
    {
      "type": "Microsoft.Sql/servers/administrators",
      "apiVersion": "2020-11-01-preview",
      "name": "[concat(parameters('sqlServerName'), '/ActiveDirectory')]",
      "dependsOn": [
        "[resourceId('Microsoft.Sql/servers', parameters('sqlServerName'))]"
      ],
      "properties": {
        "administratorType": "ActiveDirectory",
        "login": "[parameters('sqlAdAdminGroupName')]",
        "sid": "[parameters('sqlAdAdminGroupSid')]",
        "tenantId": "[variables('tenantId')]"
      }
    },
    {
      "type": "Microsoft.Sql/servers/administrators",
      "apiVersion": "2020-11-01-preview",
      "condition": "[equals(parameters('failoverEnabled'), 'true')]",
      "comments": "Azure AD auth enabled for failover server",
      "name": "[concat(variables('sqlServerNameDr'), '/ActiveDirectory')]",
      "dependsOn": [
        "[resourceId('Microsoft.Sql/servers', parameters('sqlServerName'))]"
      ],
      "properties": {
        "administratorType": "ActiveDirectory",
        "login": "[parameters('sqlAdAdminGroupName')]",
        "sid": "[parameters('sqlAdAdminGroupSid')]",
        "tenantId": "[variables('tenantId')]"
      }
    },
    {
      "type": "Microsoft.Sql/servers/databases",
      "apiVersion": "2020-11-01-preview",
      "name": "[concat(parameters('sqlServerName'), '/', parameters('databaseInstances')[copyIndex()].dbInstanceName)]",
      "location": "[resourceGroup().location]",
      "dependsOn": [
        "[concat('Microsoft.Sql/servers/', parameters('sqlServerName'))]"
      ],
      "tags": {},
      "sku": {
        "name": "[parameters('databaseInstances')[copyIndex()].dbInstanceskuName]",
        "tier": "[parameters('databaseInstances')[copyIndex()].dbInstanceTier]",
        "capacity": "[parameters('databaseInstances')[copyIndex()].dbInstanceMaxCapacity]"
      },
      "properties": {
        "zoneRedundant": "[parameters('databaseInstances')[copyIndex()].dbInstanceZoneRedundant]",
        "licenseType": "[parameters('databaseInstances')[copyIndex()].dbInstanceLicenseType]",
        "maxSizeBytes": "[parameters('databaseInstances')[copyIndex()].dbInstanceMaxBytes]",
        "collation": "[parameters('databaseInstances')[copyIndex()].dbInstanceCollation]",
        "readScale": "[parameters('databaseInstances')[copyIndex()].dbInstanceReadScale]",
        "requestedBackupStorageRedundancy": "[parameters('databaseInstances')[copyIndex()].dbInstanceBackupStorRedundancy]",
        "isLedgerOn": "[parameters('databaseInstances')[copyIndex()].dbInstanceLedger]",
        "highAvailabilityReplicaCount": "[parameters('databaseInstances')[copyIndex()].dbInstanceReplicas]",
        "minCapacity": "[parameters('databaseInstances')[copyIndex()].dbInstanceMinCapacity]",
        "autoPauseDelay": "[parameters('databaseInstances')[copyIndex()].dbInstanceautoPauseDelay]"
      },
      "copy": {
        "name": "dbscopy",
        "count": "[length(parameters('databaseInstances'))]"
      }
    },
    {
      "type": "Microsoft.Sql/servers/databases/advisors",
      "apiVersion": "2014-04-01",
      "name": "[concat(parameters('sqlServerName'), '/', parameters('databaseInstances')[copyIndex()].dbInstanceName,'/CreateIndex')]",
      "condition": "[equals(parameters('databaseInstances')[copyIndex()].dbAutotuneCreateIndex, 'true')]",
      "dependsOn": [
        "[concat('Microsoft.Sql/servers/', parameters('sqlServerName'))]",
        "[resourceId('Microsoft.Sql/servers/databases', parameters('sqlServerName'), parameters('databaseInstances')[copyIndex()].dbInstanceName)]"
      ],
      "properties": {
        "autoExecuteValue": "Enabled"
      },
      "copy": {
        "name": "dbscopy",
        "count": "[length(parameters('databaseInstances'))]"
      }
    },
    {
      "type": "Microsoft.Sql/servers/databases/advisors",
      "apiVersion": "2014-04-01",
      "name": "[concat(parameters('sqlServerName'), '/', parameters('databaseInstances')[copyIndex()].dbInstanceName,'/DropIndex')]",
      "condition": "[equals(parameters('databaseInstances')[copyIndex()].dbAutotuneDropIndex, 'true')]",
      "dependsOn": [
        "[concat('Microsoft.Sql/servers/', parameters('sqlServerName'))]",
        "[resourceId('Microsoft.Sql/servers/databases', parameters('sqlServerName'), parameters('databaseInstances')[copyIndex()].dbInstanceName)]"
      ],
      "properties": {
        "autoExecuteValue": "Enabled"
      },
      "copy": {
        "name": "dbscopy",
        "count": "[length(parameters('databaseInstances'))]"
      }
    },
    {
      "type": "Microsoft.Network/privateEndpoints",
      "apiVersion": "2020-06-01",
      "name": "[parameters('privateEndpointName')]",
      "location": "[resourceGroup().location]",
      "dependsOn": [
        "[concat('Microsoft.Sql/servers/', parameters('sqlServerName'))]"
      ],
      "properties": {
        "subnet": {
          "id": "[concat(variables('vNetResourceId'), '/subnets/',parameters('subnetName'))]"
        },
        "privateLinkServiceConnections": [
          {
            "name": "[parameters('privateEndpointName')]",
            "properties": {
              "privateLinkServiceId": "[resourceId('Microsoft.Sql/servers',parameters('sqlServerName'))]",
              "groupIds": [
                "sqlServer"
              ]
            }
          }
        ]
      }
    },
    {
      "type": "Microsoft.Network/privateEndpoints/privateDnsZoneGroups",
      "apiVersion": "2020-11-01",
      "name": "[concat(parameters('privateEndpointName'), '/default')]",
      "dependsOn": [
        "[resourceId('Microsoft.Network/privateEndpoints', parameters('privateEndpointName'))]"
      ],
      "properties": {
        "privateDnsZoneConfigs": [
          {
            "name": "privatelink_database_windows_net",
            "properties": {
              "privateDnsZoneId": "[variables('privDnsId')]"
            }
          }
        ]
      }
    },
    {
      "type": "Microsoft.Network/privateEndpoints/privateDnsZoneGroups",
      "apiVersion": "2020-11-01",
      "name": "[concat(variables('privateEndpointNameDr'), '/default')]",
      "condition": "[equals(parameters('failoverEnabled'), 'true')]",
      "comments": "DR Private Endpoint DNS registration",
      "dependsOn": [
        "[resourceId('Microsoft.Network/privateEndpoints', variables('privateEndpointNameDr'))]"
      ],
      "properties": {
        "privateDnsZoneConfigs": [
          {
            "name": "privatelink_database_windows_net",
            "properties": {
              "privateDnsZoneId": "[variables('privDnsId')]"
            }
          }
        ]
      }
    },
    {
      "type": "Microsoft.Network/privateEndpoints",
      "apiVersion": "2020-06-01",
      "name": "[variables('privateEndpointNameDr')]",
      "condition": "[equals(parameters('failoverEnabled'), 'true')]",
      "comments": "DR Private Endpoint",
      "location": "[parameters('failoverRegion')]",
      "dependsOn": [
        "[concat('Microsoft.Sql/servers/', variables('sqlServerNameDr'))]"
      ],
      "properties": {
        "subnet": {
          "id": "[concat(variables('vNetResourceIdDr'), '/subnets/',parameters('subnetName'))]"
        },
        "privateLinkServiceConnections": [
          {
            "name": "[parameters('privateEndpointName')]",
            "properties": {
              "privateLinkServiceId": "[resourceId('Microsoft.Sql/servers',variables('sqlServerNameDr'))]",
              "groupIds": [
                "sqlServer"
              ]
            }
          }
        ]
      }
    },
    {
      "apiVersion": "2021-02-01-preview",
      "location": "[parameters('failoverRegion')]",
      "comments": "DR DB replica",
      "name": "[concat(variables('sqlServerNameDr'), '/', parameters('databaseInstances')[copyIndex()].dbInstanceName)]",
      "condition": "[equals(parameters('databaseInstances')[copyIndex()].dbCreateDrReplica, 'true')]",
      "type": "Microsoft.Sql/servers/databases",
      "dependsOn": [
        "[resourceId('Microsoft.Sql/servers/databases', parameters('sqlServerName'), parameters('databaseInstances')[copyIndex()].dbInstanceName)]",
        "[resourceId('Microsoft.Sql/servers', variables('sqlServerNameDr'))]"
      ],
      "sku": {
        "name": "GP_S_Gen5_2",
        "tier": "GeneralPurpose"
      },
      "properties": {
        "createMode": "OnlineSecondary",
        "secondaryType": "Geo",
        "sourceDatabaseId": "[resourceId('Microsoft.Sql/servers/databases', parameters('sqlServerName'), parameters('databaseInstances')[copyIndex()].dbInstanceName)]",
        "zoneRedundant": "false",
        "licenseType": "",
        "readScale": "Disabled",
        "highAvailabilityReplicaCount": 0,
        "minCapacity": "",
        "autoPauseDelay": "[parameters('databaseInstances')[copyIndex()].dbInstanceautoPauseDelay]",
        "requestedBackupStorageRedundancy": "Local"
      },
      "copy": {
        "name": "dbscopy",
        "count": "[length(parameters('databaseInstances'))]"
      }
    },
    {
      "type": "Microsoft.Sql/servers/databases/backupLongTermRetentionPolicies",
      "apiVersion": "2021-02-01-preview",
      "comments": "Production backup retention",
      "name": "[concat(parameters('sqlServerName'), '/', parameters('databaseInstances')[copyIndex()].dbInstanceName ,'/default')]",
      "condition": "[equals(parameters('databaseInstances')[copyIndex()].dbBackupProductionPolicy, 'true')]",
      "dependsOn": [
        "[resourceId('Microsoft.Sql/servers/databases', parameters('sqlServerName'), parameters('databaseInstances')[copyIndex()].dbInstanceName)]",
        "[resourceId('Microsoft.Sql/servers', parameters('sqlServerName'))]"
      ],
      "properties": {
        "weeklyRetention": "PT0S",
        "monthlyRetention": "P12M",
        "yearlyRetention": "P7Y",
        "weekOfYear": 1
      },
      "copy": {
        "name": "longbackupcopy",
        "count": "[length(parameters('databaseInstances'))]"
      }
    },
    {
      "type": "Microsoft.Sql/servers/databases/backupShortTermRetentionPolicies",
      "apiVersion": "2021-02-01-preview",
      "condition": "[equals(parameters('databaseInstances')[copyIndex()].dbBackupProductionPolicy, 'true')]",
      "comments": "Production backup retention",
      "name": "[concat(parameters('sqlServerName'), '/', parameters('databaseInstances')[copyIndex()].dbInstanceName ,'/default')]",
      "dependsOn": [
        "[resourceId('Microsoft.Sql/servers/databases', parameters('sqlServerName'), parameters('databaseInstances')[copyIndex()].dbInstanceName)]",
        "[resourceId('Microsoft.Sql/servers', parameters('sqlServerName'))]"
      ],
      "properties": {
        "retentionDays": 35
      },
      "copy": {
        "name": "shortbackupcopy",
        "count": "[length(parameters('databaseInstances'))]"
      }
    }
  ],
  "outputs": {
    "privdnsid": {
      "type": "string",
      "value": "[variables('privDnsId')]"
    }
  }
}