﻿{
  "kind": "template",
  "properties": {
    "displayName": "Monitoring",
    "description": "",
    "dependsOn": [ ],
    "resourceGroup": "RG-Monitoring",
    "parameters": {
      "Environment": {
        "value": "[parameters('Environment')]"
      },
      "actionGroupResourceId": {
        "value": "[parameters('actionGroupResourceId')]"
      },
      "WebhookUri": {
        "value": "[parameters('WebhookUri')]"
      }
    },
    "template": {
      "$schema": "http://schema.management.azure.com/schemas/2015-01-01/deploymentTemplate.json",
      "contentVersion": "1.0.0.0",
      "parameters": {
        "Environment": {
          "metadata": {
            "description": "Log Analytics instance: DEV, TEST, PROD or DIAG"
          },
          "type": "string",
          "allowedValues": [
            "DEV",
            "TEST",
            "PROD",
            "DIAG"
          ]
        },
        "actionGroupResourceId": {
          "type": "string"
        },
        "WebhookUri": {
          "type": "string"
        }
      },
      "variables": { },
      "resources": [
        {
          "type": "Microsoft.Insights/activityLogAlerts",
          "apiVersion": "2017-04-01",
          "name": "Azure Monitor Service Health Alert",
          "condition": "[not(equals(parameters('Environment'), 'DIAG'))]",
          "location": "Global",
          "properties": {
            "enabled": "true",
            "severity": 2,
            "scopes": [
              "[subscription().id]"
            ],
            "condition": {
              "allOf": [{
                  "field": "category",
                  "equals": "ServiceHealth",
                  "containsAny": null,
                  "odata.type": null
                },
                {
                  "field": "properties.impactedServices[*].ImpactedRegions[*].RegionName",
                  "equals": null,
                  "containsAny": [
                    "Australia Central",
                    "Australia Central 2",
                    "Australia East",
                    "Australia Southeast",
                    "Brazil South",
                    "Canada Central",
                    "Canada East",
                    "Central India",
                    "Central US",
                    "East Asia",
                    "East US",
                    "East US 2",
                    "France Central",
                    "France South",
                    "Germany North",
                    "Germany West Central",
                    "Global",
                    "Japan East",
                    "Japan West",
                    "Korea Central",
                    "Korea South",
                    "North Central US",
                    "North Europe",
                    "Norway East",
                    "Norway West",
                    "South Africa North",
                    "South Africa West",
                    "South Central US",
                    "South India",
                    "Southeast Asia",
                    "Switzerland North",
                    "Switzerland West",
                    "UAE Central",
                    "UAE North",
                    "UK South",
                    "UK West",
                    "West Central US",
                    "West Europe",
                    "West India",
                    "West US",
                    "West US 2"
                  ],
                  "odata.type": null
                }
              ]
            },
            "actions": {
              "actionGroups": [
                {
                  "actionGroupId": "[parameters('actionGroupResourceId')]"
                }
              ]
            },
            "description": ""
          },
          "identity": null
        },
        {
          "type": "microsoft.insights/activityLogAlerts",
          "apiVersion": "2017-04-01",
          "name": "Azure Advisor Activity Log Alert",
          "condition": "[not(equals(parameters('Environment'), 'DIAG'))]",
          "location": "Global",
          "properties": {
            "enabled": true,
            "scopes": [
              "[subscription().id]"
            ],
            "condition": {
              "allOf": [
                {
                  "field": "category",
                  "equals": "Recommendation"
                },
                {
                  "field": "operationName",
                  "equals": "Microsoft.Advisor/recommendations/available/action"
                }
              ]
            },
            "actions": {
              "actionGroups": [{
                "actionGroupId": "[parameters('actionGroupResourceId')]"
              }]
            },
            "description": ""
          }
        },
        {
          "type": "Microsoft.EventGrid/eventSubscriptions",
          "name": "CMDBEvent",
          "apiVersion": "2018-01-01",
          "condition": "[not(equals(parameters('Environment'), 'DIAG'))]",
          "properties": {
            "destination": {
              "endpointType": "WebHook",
              "properties": {
                "endpointUrl": "[parameters('WebhookUri')]"
              }
            },
            "filter": {
              "subjectBeginsWith": "",
              "subjectEndsWith": "",
              "isSubjectCaseSensitive": false,
              "includedEventTypes": [
                "All"
              ]
            }
          }
        }
      ]
    }
  }
}