{
  "$schema": "https://schema.management.azure.com/schemas/2015-01-01/deploymentParameters.json#",
  "contentVersion": "1.0.0.0",
  "parameters": {
    "hostingPlanName": {
      "value": "asp-cng-qa-uks"
    },
    "webSiteName": {
      "value": "as-cng-qa-uks"
    },
    "applicationInsightsName": {
      "value": "ai-cng-qa-uks"
    },
    "signalRServiceName": {
      "value": "sig-cng-qa-uks"
    },
    "coreResourceGroup": {
      "value": "RG-DTI-QA-Core"
    },
    "applicationConfigurationServiceName": {
      "value": "ac-dti-qa-core"
    }
  }
}