{
  "$schema": "https://schema.management.azure.com/schemas/2015-01-01/deploymentParameters.json#",
  "contentVersion": "1.0.0.0",
  "parameters": {
    "hostingPlanName": {
      "value": "asp-cng-dev-uks"
    },
    "webSiteName": {
      "value": "as-cng-dev-uks"
    },
    "applicationInsightsName": {
      "value": "ai-cng-dev-uks"
    },
    "signalRServiceName": {
      "value": "sig-cng-dev-uks"
    },
    "coreResourceGroup": {
      "value": "rg-cng-dev"
    },
    "applicationConfigurationServiceName": {
      "value": "ac-cng-dev"
    }
  }
}