{
  "$schema": "https://schema.management.azure.com/schemas/2015-01-01/deploymentTemplate.json#",
  "contentVersion": "1.0.0.0",
  "parameters": {
    "hostingPlanName": {
      "type": "string",
      "minLength": 1
    },
    "webSiteName": {
      "type": "string",
      "minLength": 1
    },
    "applicationInsightsName": {
      "type": "string",
      "minLength": 1
    },
    "signalRServiceName": {
      "defaultValue": "UserInterfaceservice",
      "type": "String"
    },
    "hostingPlanSkuName": {
      "type": "string",
      "defaultValue": "S1",
      "allowedValues": [
        "F1",
        "D1",
        "B1",
        "B2",
        "B3",
        "S1",
        "S2",
        "S3",
        "P1",
        "P2",
        "P3",
        "P4"
      ],
      "metadata": {
        "description": "Describes plan's pricing tier and capacity. Check details at https://azure.microsoft.com/en-us/pricing/details/app-service/"
      }
    },
    "skuCapacity": {
      "type": "int",
      "defaultValue": 1,
      "minValue": 1,
      "metadata": {
        "description": "Describes plan's instance count."
      }
    },
    "coreResourceGroup": {
      "type": "string",
      "metadata": {
        "description": "The resource group of the DriveTrain Core resources."
      }
    },
    "applicationConfigurationServiceName": {
      "type": "string",
      "metadata": {
        "description": "The Application Configuration Service."
      }
    }
  },
  "variables": { },
  "resources": [
    {
      "apiVersion": "2015-08-01",
      "name": "[parameters('hostingPlanName')]",
      "type": "Microsoft.Web/serverfarms",
      "location": "[resourceGroup().location]",
      "tags": {
        "displayName": "HostingPlan"
      },
      "sku": {
        "name": "[parameters('hostingPlanSkuName')]",
        "capacity": "[parameters('skuCapacity')]"
      },
      "properties": {
        "name": "[parameters('hostingPlanName')]"
      }
    },
    {
      "apiVersion": "2014-04-01",
      "name": "[parameters('applicationInsightsName')]",
      "type": "Microsoft.Insights/components",
      "location": "[resourceGroup().location]",
      "dependsOn": [],
      "tags": {
        "[concat('hidden-link:', resourceGroup().id, '/providers/Microsoft.Web/sites/', parameters('webSiteName'))]": "Resource",
        "displayName": "AppInsightsComponent"
      },
      "properties": {
        "applicationId": "[parameters('webSiteName')]"
      }
    },
    {
      "type": "Microsoft.SignalRService/SignalR",
      "apiVersion": "2020-05-01",
      "name": "[parameters('signalRServiceName')]",
      "location": "uksouth",
      "sku": {
        "name": "Standard_S1",
        "tier": "Standard",
        "size": "S1",
        "capacity": 1
      },
      "kind": "SignalR",
      "properties": {
        "hostNamePrefix": "userinterfaceservice",
        "features": [
          {
            "flag": "ServiceMode",
            "value": "Default",
            "properties": {}
          },
          {
            "flag": "EnableConnectivityLogs",
            "value": "False",
            "properties": {}
          },
          {
            "flag": "EnableMessagingLogs",
            "value": "False",
            "properties": {}
          }
        ],
        "cors": {
          "allowedOrigins": [
            "*"
          ]
        },
        "upstream": {},
        "networkACLs": {
          "defaultAction": "Deny",
          "publicNetwork": {
            "allow": [
              "ServerConnection",
              "ClientConnection",
              "RESTAPI"
            ]
          },
          "privateEndpoints": []
        }
      }
    },
    {
      "apiVersion": "2015-08-01",
      "name": "[parameters('webSiteName')]",
      "type": "Microsoft.Web/sites",
      "location": "[resourceGroup().location]",
      "tags": {
        "[concat('hidden-related:', resourceGroup().id, '/providers/Microsoft.Web/serverfarms/', parameters('hostingPlanName'))]": "Resource",
        "displayName": "Website"
      },
      "dependsOn": [
        "[parameters('hostingPlanName')]",
        "[parameters('applicationInsightsName')]",
        "[parameters('signalRServiceName')]"
      ],
      "properties": {
        "name": "[parameters('webSiteName')]",
        "serverFarmId": "[resourceId('Microsoft.Web/serverfarms', parameters('hostingPlanName'))]",
        "httpsOnly": true,
        "siteConfig": {
          "appSettings": [
            {
              "name": "APPINSIGHTS_INSTRUMENTATIONKEY",
              "value": "[reference(concat('microsoft.insights/components/', parameters('applicationInsightsName'))).InstrumentationKey]",
              "slotSetting": true
            },
            {
              "name": "APPINSIGHTS_PROFILERFEATURE_VERSION",
              "value": "1.0.0",
              "slotSetting": true
            },
            {
              "name": "APPINSIGHTS_SNAPSHOTFEATURE_VERSION",
              "value": "1.0.0",
              "slotSetting": true
            },
            {
              "name": "APPLICATIONINSIGHTS_CONNECTION_STRING",
              "value": "[concat('InstrumentationKey=', reference(concat('microsoft.insights/components/', parameters('applicationInsightsName'))).InstrumentationKey)]",
              "slotSetting": false
            },
            {
              "name": "ApplicationInsightsAgent_EXTENSION_VERSION",
              "value": "~2",
              "slotSetting": true
            },
            {
              "name": "ASPNETCORE_HOSTINGSTARTUPASSEMBLIES",
              "value": "Microsoft.Azure.SignalR",
              "slotSetting": false
            },
            {
              "name": "ASPNETCORE_AzureAppConfigConnectionString",
              "value": "[listkeys(resourceId(parameters('coreResourceGroup') , 'Microsoft.AppConfiguration/configurationStores', parameters('applicationConfigurationServiceName')), '2019-11-01-preview').value[0].connectionString]",
              "slotSetting": false
            },
            {
              "name": "Azure__SignalR__ConnectionString",
              "value": "[listKeys(parameters('signalRServiceName'), providers('Microsoft.SignalRService', 'SignalR').apiVersions[0]).primaryConnectionString]",
              "slotSetting": false
            },
            {
              "name": "Azure__SignalR__StickyServerMode",
              "value": "Required",
              "slotSetting": false
            },
            {
              "name": "DiagnosticServices_EXTENSION_VERSION",
              "value": "~3",
              "slotSetting": true
            },
            {
              "name": "InstrumentationEngine_EXTENSION_VERSION",
              "value": "~1",
              "slotSetting": true
            },
            {
              "name": "SnapshotDebugger_EXTENSION_VERSION",
              "value": "disabled",
              "slotSetting": true
            },
            {
              "name": "XDT_MicrosoftApplicationInsights_BaseExtensions",
              "value": "~1",
              "slotSetting": true
            },
            {
              "name": "XDT_MicrosoftApplicationInsights_Mode",
              "value": "recommended",
              "slotSetting": true
            },
            {
              "name": "XDT_MicrosoftApplicationInsights_PreemptSdk",
              "value": "1",
              "slotSetting": true
            }
          ]
        }
      }
    },
    {
      "apiVersion": "2014-04-01",
      "name": "[concat(parameters('hostingPlanName'), '-', resourceGroup().name)]",
      "type": "Microsoft.Insights/autoscalesettings",
      "location": "[resourceGroup().location]",
      "tags": {
        "[concat('hidden-link:', resourceGroup().id, '/providers/Microsoft.Web/serverfarms/', parameters('hostingPlanName'))]": "Resource",
        "displayName": "AutoScaleSettings"
      },
      "dependsOn": [
        "[resourceId('Microsoft.Web/serverfarms/', parameters('hostingPlanName'))]"
      ],
      "properties": {
        "profiles": [
          {
            "name": "Default",
            "capacity": {
              "minimum": 1,
              "maximum": 2,
              "default": 1
            },
            "rules": [
              {
                "metricTrigger": {
                  "metricName": "CpuPercentage",
                  "metricResourceUri": "[concat(resourceGroup().id, '/providers/Microsoft.Web/serverfarms/', parameters('hostingPlanName'))]",
                  "timeGrain": "PT1M",
                  "statistic": "Average",
                  "timeWindow": "PT10M",
                  "timeAggregation": "Average",
                  "operator": "GreaterThan",
                  "threshold": 80.0
                },
                "scaleAction": {
                  "direction": "Increase",
                  "type": "ChangeCount",
                  "value": 1,
                  "cooldown": "PT10M"
                }
              },
              {
                "metricTrigger": {
                  "metricName": "CpuPercentage",
                  "metricResourceUri": "[concat(resourceGroup().id, '/providers/Microsoft.Web/serverfarms/', parameters('hostingPlanName'))]",
                  "timeGrain": "PT1M",
                  "statistic": "Average",
                  "timeWindow": "PT1H",
                  "timeAggregation": "Average",
                  "operator": "LessThan",
                  "threshold": 60.0
                },
                "scaleAction": {
                  "direction": "Decrease",
                  "type": "ChangeCount",
                  "value": 1,
                  "cooldown": "PT1H"
                }
              }
            ]
          }
        ],
        "enabled": false,
        "name": "[concat(parameters('hostingPlanName'), '-', resourceGroup().name)]",
        "targetResourceUri": "[concat(resourceGroup().id, '/providers/Microsoft.Web/serverfarms/', parameters('hostingPlanName'))]"
      }
    }
  ]
}