{
  "$schema": "https://schema.management.azure.com/schemas/2015-01-01/deploymentTemplate.json#",
  "contentVersion": "1.0.0.0",
  "parameters": {
      "virtualMachines_linuxtest_name": {
          "defaultValue": "linuxtest",
          "type": "String"
      },
      "virtualMachines_windwostest_name": {
          "defaultValue": "windwostest",
          "type": "String"
      },
      "networkInterfaces_linuxtest285_name": {
          "defaultValue": "linuxtest285",
          "type": "String"
      },
      "publicIPAddresses_linuxtest_ip_name": {
          "defaultValue": "linuxtest-ip",
          "type": "String"
      },
      "virtualNetworks_linuxtest_vnet_name": {
          "defaultValue": "linuxtest-vnet",
          "type": "String"
      },
      "networkInterfaces_windwostest367_name": {
          "defaultValue": "windwostest367",
          "type": "String"
      },
      "publicIPAddresses_windwostest_ip_name": {
          "defaultValue": "windwostest-ip",
          "type": "String"
      },
      "virtualNetworks_linuxtestvnet982_name": {
          "defaultValue": "linuxtestvnet982",
          "type": "String"
      },
      "storageAccounts_linuxtestdiag262_name": {
          "defaultValue": "linuxtestdiag262",
          "type": "String"
      },
      "storageAccounts_linuxtestdiag659_name": {
          "defaultValue": "linuxtestdiag659",
          "type": "String"
      },
      "storageAccounts_linuxtestdiag891_name": {
          "defaultValue": "linuxtestdiag891",
          "type": "String"
      },
      "networkSecurityGroups_linuxtest_nsg_name": {
          "defaultValue": "linuxtest-nsg",
          "type": "String"
      },
      "networkSecurityGroups_windwostest_nsg_name": {
          "defaultValue": "windwostest-nsg",
          "type": "String"
      },
      "schedules_shutdown_computevm_linuxtest_name": {
          "defaultValue": "shutdown-computevm-linuxtest",
          "type": "String"
      },
      "schedules_shutdown_computevm_windwostest_name": {
          "defaultValue": "shutdown-computevm-windwostest",
          "type": "String"
      }
  },
  "variables": {},
  "resources": [
      {
          "type": "Microsoft.Network/networkSecurityGroups",
          "apiVersion": "2019-06-01",
          "name": "[parameters('networkSecurityGroups_linuxtest_nsg_name')]",
          "location": "[resourceGroup().location]",
          "properties": {
              "securityRules": [],
              "defaultSecurityRules": [
                  {
                      "name": "AllowVnetInBound",
                      "properties": {
                          "description": "Allow inbound traffic from all VMs in VNET",
                          "protocol": "*",
                          "sourcePortRange": "*",
                          "destinationPortRange": "*",
                          "sourceAddressPrefix": "VirtualNetwork",
                          "destinationAddressPrefix": "VirtualNetwork",
                          "access": "Allow",
                          "priority": 65000,
                          "direction": "Inbound",
                          "sourcePortRanges": [],
                          "destinationPortRanges": [],
                          "sourceAddressPrefixes": [],
                          "destinationAddressPrefixes": []
                      }
                  },
                  {
                      "name": "AllowAzureLoadBalancerInBound",
                      "properties": {
                          "description": "Allow inbound traffic from azure load balancer",
                          "protocol": "*",
                          "sourcePortRange": "*",
                          "destinationPortRange": "*",
                          "sourceAddressPrefix": "AzureLoadBalancer",
                          "destinationAddressPrefix": "*",
                          "access": "Allow",
                          "priority": 65001,
                          "direction": "Inbound",
                          "sourcePortRanges": [],
                          "destinationPortRanges": [],
                          "sourceAddressPrefixes": [],
                          "destinationAddressPrefixes": []
                      }
                  },
                  {
                      "name": "DenyAllInBound",
                      "properties": {
                          "description": "Deny all inbound traffic",
                          "protocol": "*",
                          "sourcePortRange": "*",
                          "destinationPortRange": "*",
                          "sourceAddressPrefix": "*",
                          "destinationAddressPrefix": "*",
                          "access": "Deny",
                          "priority": 65500,
                          "direction": "Inbound",
                          "sourcePortRanges": [],
                          "destinationPortRanges": [],
                          "sourceAddressPrefixes": [],
                          "destinationAddressPrefixes": []
                      }
                  },
                  {
                      "name": "AllowVnetOutBound",
                      "properties": {
                          "description": "Allow outbound traffic from all VMs to all VMs in VNET",
                          "protocol": "*",
                          "sourcePortRange": "*",
                          "destinationPortRange": "*",
                          "sourceAddressPrefix": "VirtualNetwork",
                          "destinationAddressPrefix": "VirtualNetwork",
                          "access": "Allow",
                          "priority": 65000,
                          "direction": "Outbound",
                          "sourcePortRanges": [],
                          "destinationPortRanges": [],
                          "sourceAddressPrefixes": [],
                          "destinationAddressPrefixes": []
                      }
                  },
                  {
                      "name": "AllowInternetOutBound",
                      "properties": {
                          "description": "Allow outbound traffic from all VMs to Internet",
                          "protocol": "*",
                          "sourcePortRange": "*",
                          "destinationPortRange": "*",
                          "sourceAddressPrefix": "*",
                          "destinationAddressPrefix": "Internet",
                          "access": "Allow",
                          "priority": 65001,
                          "direction": "Outbound",
                          "sourcePortRanges": [],
                          "destinationPortRanges": [],
                          "sourceAddressPrefixes": [],
                          "destinationAddressPrefixes": []
                      }
                  },
                  {
                      "name": "DenyAllOutBound",
                      "properties": {
                          "description": "Deny all outbound traffic",
                          "protocol": "*",
                          "sourcePortRange": "*",
                          "destinationPortRange": "*",
                          "sourceAddressPrefix": "*",
                          "destinationAddressPrefix": "*",
                          "access": "Deny",
                          "priority": 65500,
                          "direction": "Outbound",
                          "sourcePortRanges": [],
                          "destinationPortRanges": [],
                          "sourceAddressPrefixes": [],
                          "destinationAddressPrefixes": []
                      }
                  }
              ]
          }
      },
      {
          "type": "Microsoft.Network/networkSecurityGroups",
          "apiVersion": "2019-06-01",
          "name": "[parameters('networkSecurityGroups_windwostest_nsg_name')]",
          "location": "[resourceGroup().location]",
          "properties": {
              "securityRules": [],
              "defaultSecurityRules": [
                  {
                      "name": "AllowVnetInBound",
                      "properties": {
                          "description": "Allow inbound traffic from all VMs in VNET",
                          "protocol": "*",
                          "sourcePortRange": "*",
                          "destinationPortRange": "*",
                          "sourceAddressPrefix": "VirtualNetwork",
                          "destinationAddressPrefix": "VirtualNetwork",
                          "access": "Allow",
                          "priority": 65000,
                          "direction": "Inbound",
                          "sourcePortRanges": [],
                          "destinationPortRanges": [],
                          "sourceAddressPrefixes": [],
                          "destinationAddressPrefixes": []
                      }
                  },
                  {
                      "name": "AllowAzureLoadBalancerInBound",
                      "properties": {
                          "description": "Allow inbound traffic from azure load balancer",
                          "protocol": "*",
                          "sourcePortRange": "*",
                          "destinationPortRange": "*",
                          "sourceAddressPrefix": "AzureLoadBalancer",
                          "destinationAddressPrefix": "*",
                          "access": "Allow",
                          "priority": 65001,
                          "direction": "Inbound",
                          "sourcePortRanges": [],
                          "destinationPortRanges": [],
                          "sourceAddressPrefixes": [],
                          "destinationAddressPrefixes": []
                      }
                  },
                  {
                      "name": "DenyAllInBound",
                      "properties": {
                          "description": "Deny all inbound traffic",
                          "protocol": "*",
                          "sourcePortRange": "*",
                          "destinationPortRange": "*",
                          "sourceAddressPrefix": "*",
                          "destinationAddressPrefix": "*",
                          "access": "Deny",
                          "priority": 65500,
                          "direction": "Inbound",
                          "sourcePortRanges": [],
                          "destinationPortRanges": [],
                          "sourceAddressPrefixes": [],
                          "destinationAddressPrefixes": []
                      }
                  },
                  {
                      "name": "AllowVnetOutBound",
                      "properties": {
                          "description": "Allow outbound traffic from all VMs to all VMs in VNET",
                          "protocol": "*",
                          "sourcePortRange": "*",
                          "destinationPortRange": "*",
                          "sourceAddressPrefix": "VirtualNetwork",
                          "destinationAddressPrefix": "VirtualNetwork",
                          "access": "Allow",
                          "priority": 65000,
                          "direction": "Outbound",
                          "sourcePortRanges": [],
                          "destinationPortRanges": [],
                          "sourceAddressPrefixes": [],
                          "destinationAddressPrefixes": []
                      }
                  },
                  {
                      "name": "AllowInternetOutBound",
                      "properties": {
                          "description": "Allow outbound traffic from all VMs to Internet",
                          "protocol": "*",
                          "sourcePortRange": "*",
                          "destinationPortRange": "*",
                          "sourceAddressPrefix": "*",
                          "destinationAddressPrefix": "Internet",
                          "access": "Allow",
                          "priority": 65001,
                          "direction": "Outbound",
                          "sourcePortRanges": [],
                          "destinationPortRanges": [],
                          "sourceAddressPrefixes": [],
                          "destinationAddressPrefixes": []
                      }
                  },
                  {
                      "name": "DenyAllOutBound",
                      "properties": {
                          "description": "Deny all outbound traffic",
                          "protocol": "*",
                          "sourcePortRange": "*",
                          "destinationPortRange": "*",
                          "sourceAddressPrefix": "*",
                          "destinationAddressPrefix": "*",
                          "access": "Deny",
                          "priority": 65500,
                          "direction": "Outbound",
                          "sourcePortRanges": [],
                          "destinationPortRanges": [],
                          "sourceAddressPrefixes": [],
                          "destinationAddressPrefixes": []
                      }
                  }
              ]
          }
      },
      {
          "type": "Microsoft.Network/publicIPAddresses",
          "apiVersion": "2019-06-01",
          "name": "[parameters('publicIPAddresses_linuxtest_ip_name')]",
          "location": "[resourceGroup().location]",
          "sku": {
              "name": "Basic",
              "tier": "Regional"
          },
          "properties": {
              "ipAddress": "40.113.148.56",
              "publicIPAddressVersion": "IPv4",
              "publicIPAllocationMethod": "Dynamic",
              "idleTimeoutInMinutes": 4,
              "ipTags": []
          }
      },
      {
          "type": "Microsoft.Network/publicIPAddresses",
          "apiVersion": "2019-06-01",
          "name": "[parameters('publicIPAddresses_windwostest_ip_name')]",
          "location": "[resourceGroup().location]",
          "sku": {
              "name": "Basic",
              "tier": "Regional"
          },
          "properties": {
              "ipAddress": "40.113.148.238",
              "publicIPAddressVersion": "IPv4",
              "publicIPAllocationMethod": "Dynamic",
              "idleTimeoutInMinutes": 4,
              "ipTags": []
          }
      },
      {
          "type": "Microsoft.Network/virtualNetworks",
          "apiVersion": "2019-06-01",
          "name": "[parameters('virtualNetworks_linuxtest_vnet_name')]",
          "location": "[resourceGroup().location]",
          "properties": {
              "addressSpace": {
                  "addressPrefixes": [
                      "10.0.0.0/24"
                  ]
              },
              "subnets": [
                  {
                      "name": "default",
                      "properties": {
                          "addressPrefix": "10.0.0.0/24",
                          "delegations": [],
                          "privateEndpointNetworkPolicies": "Enabled",
                          "privateLinkServiceNetworkPolicies": "Enabled"
                      }
                  }
              ],
              "virtualNetworkPeerings": [],
              "enableDdosProtection": false,
              "enableVmProtection": false
          }
      },
      {
          "type": "Microsoft.Network/virtualNetworks",
          "apiVersion": "2019-06-01",
          "name": "[parameters('virtualNetworks_linuxtestvnet982_name')]",
          "location": "[resourceGroup().location]",
          "properties": {
              "addressSpace": {
                  "addressPrefixes": [
                      "10.0.1.0/24"
                  ]
              },
              "subnets": [
                  {
                      "name": "default",
                      "properties": {
                          "addressPrefix": "10.0.1.0/24",
                          "delegations": [],
                          "privateEndpointNetworkPolicies": "Enabled",
                          "privateLinkServiceNetworkPolicies": "Enabled"
                      }
                  }
              ],
              "virtualNetworkPeerings": [],
              "enableDdosProtection": false,
              "enableVmProtection": false
          }
      },
      {
          "type": "Microsoft.Storage/storageAccounts",
          "apiVersion": "2019-04-01",
          "name": "[parameters('storageAccounts_linuxtestdiag262_name')]",
          "location": "[resourceGroup().location]",
          "sku": {
              "name": "Standard_LRS",
              "tier": "Standard"
          },
          "kind": "Storage",
          "properties": {
              "networkAcls": {
                  "bypass": "AzureServices",
                  "virtualNetworkRules": [],
                  "ipRules": [],
                  "defaultAction": "Allow"
              },
              "supportsHttpsTrafficOnly": true,
              "encryption": {
                  "services": {
                      "file": {
                          "enabled": true
                      },
                      "blob": {
                          "enabled": true
                      }
                  },
                  "keySource": "Microsoft.Storage"
              }
          }
      },
      {
          "type": "Microsoft.Storage/storageAccounts",
          "apiVersion": "2019-04-01",
          "name": "[parameters('storageAccounts_linuxtestdiag659_name')]",
          "location": "[resourceGroup().location]",
          "sku": {
              "name": "Standard_LRS",
              "tier": "Standard"
          },
          "kind": "Storage",
          "properties": {
              "networkAcls": {
                  "bypass": "AzureServices",
                  "virtualNetworkRules": [],
                  "ipRules": [],
                  "defaultAction": "Allow"
              },
              "supportsHttpsTrafficOnly": true,
              "encryption": {
                  "services": {
                      "file": {
                          "enabled": true
                      },
                      "blob": {
                          "enabled": true
                      }
                  },
                  "keySource": "Microsoft.Storage"
              }
          }
      },
      {
          "type": "Microsoft.Storage/storageAccounts",
          "apiVersion": "2019-04-01",
          "name": "[parameters('storageAccounts_linuxtestdiag891_name')]",
          "location": "[resourceGroup().location]",
          "sku": {
              "name": "Standard_LRS",
              "tier": "Standard"
          },
          "kind": "Storage",
          "properties": {
              "networkAcls": {
                  "bypass": "AzureServices",
                  "virtualNetworkRules": [],
                  "ipRules": [],
                  "defaultAction": "Allow"
              },
              "supportsHttpsTrafficOnly": true,
              "encryption": {
                  "services": {
                      "file": {
                          "enabled": true
                      },
                      "blob": {
                          "enabled": true
                      }
                  },
                  "keySource": "Microsoft.Storage"
              }
          }
      },
      {
          "type": "microsoft.devtestlab/schedules",
          "apiVersion": "2016-05-15",
          "name": "[parameters('schedules_shutdown_computevm_linuxtest_name')]",
          "location": "[resourceGroup().location]",
          "dependsOn": [
              "[resourceId('Microsoft.Compute/virtualMachines', parameters('virtualMachines_linuxtest_name'))]"
          ],
          "properties": {
              "status": "Enabled",
              "taskType": "ComputeVmShutdownTask",
              "dailyRecurrence": {
                  "time": "1900"
              },
              "timeZoneId": "UTC",
              "notificationSettings": {
                  "status": "Disabled",
                  "timeInMinutes": 30
              },
              "targetResourceId": "[resourceId('Microsoft.Compute/virtualMachines', parameters('virtualMachines_linuxtest_name'))]",
              "uniqueIdentifier": "24923a89-abf9-4a09-a71a-8ae780b7984a"
          }
      },
      {
          "type": "microsoft.devtestlab/schedules",
          "apiVersion": "2016-05-15",
          "name": "[parameters('schedules_shutdown_computevm_windwostest_name')]",
          "location": "[resourceGroup().location]",
          "dependsOn": [
              "[resourceId('Microsoft.Compute/virtualMachines', parameters('virtualMachines_windwostest_name'))]"
          ],
          "properties": {
              "status": "Enabled",
              "taskType": "ComputeVmShutdownTask",
              "dailyRecurrence": {
                  "time": "1900"
              },
              "timeZoneId": "UTC",
              "notificationSettings": {
                  "status": "Disabled",
                  "timeInMinutes": 30
              },
              "targetResourceId": "[resourceId('Microsoft.Compute/virtualMachines', parameters('virtualMachines_windwostest_name'))]",
              "uniqueIdentifier": "e725ec87-2957-45ea-82bf-1a27005fcdb8"
          }
      },
      {
          "type": "Microsoft.Network/virtualNetworks/subnets",
          "apiVersion": "2019-06-01",
          "name": "[concat(parameters('virtualNetworks_linuxtest_vnet_name'), '/default')]",
          "dependsOn": [
              "[resourceId('Microsoft.Network/virtualNetworks', parameters('virtualNetworks_linuxtest_vnet_name'))]"
          ],
          "properties": {
              "addressPrefix": "10.0.0.0/24",
              "delegations": [],
              "privateEndpointNetworkPolicies": "Enabled",
              "privateLinkServiceNetworkPolicies": "Enabled"
          }
      },
      {
          "type": "Microsoft.Network/virtualNetworks/subnets",
          "apiVersion": "2019-06-01",
          "name": "[concat(parameters('virtualNetworks_linuxtestvnet982_name'), '/default')]",
          "dependsOn": [
              "[resourceId('Microsoft.Network/virtualNetworks', parameters('virtualNetworks_linuxtestvnet982_name'))]"
          ],
          "properties": {
              "addressPrefix": "10.0.1.0/24",
              "delegations": [],
              "privateEndpointNetworkPolicies": "Enabled",
              "privateLinkServiceNetworkPolicies": "Enabled"
          }
      },
      {
          "type": "Microsoft.Storage/storageAccounts/blobServices",
          "apiVersion": "2019-04-01",
          "name": "[concat(parameters('storageAccounts_linuxtestdiag262_name'), '/default')]",
          "dependsOn": [
              "[resourceId('Microsoft.Storage/storageAccounts', parameters('storageAccounts_linuxtestdiag262_name'))]"
          ],
          "properties": {
              "cors": {
                  "corsRules": []
              },
              "deleteRetentionPolicy": {
                  "enabled": false
              }
          }
      },
      {
          "type": "Microsoft.Storage/storageAccounts/blobServices",
          "apiVersion": "2019-04-01",
          "name": "[concat(parameters('storageAccounts_linuxtestdiag659_name'), '/default')]",
          "dependsOn": [
              "[resourceId('Microsoft.Storage/storageAccounts', parameters('storageAccounts_linuxtestdiag659_name'))]"
          ],
          "properties": {
              "cors": {
                  "corsRules": []
              },
              "deleteRetentionPolicy": {
                  "enabled": false
              }
          }
      },
      {
          "type": "Microsoft.Storage/storageAccounts/blobServices",
          "apiVersion": "2019-04-01",
          "name": "[concat(parameters('storageAccounts_linuxtestdiag891_name'), '/default')]",
          "dependsOn": [
              "[resourceId('Microsoft.Storage/storageAccounts', parameters('storageAccounts_linuxtestdiag891_name'))]"
          ],
          "properties": {
              "cors": {
                  "corsRules": []
              },
              "deleteRetentionPolicy": {
                  "enabled": false
              }
          }
      },
      {
          "type": "Microsoft.Compute/virtualMachines",
          "apiVersion": "2019-03-01",
          "name": "[parameters('virtualMachines_linuxtest_name')]",
          "location": "[resourceGroup().location]",
          "dependsOn": [
              "[resourceId('Microsoft.Network/networkInterfaces', parameters('networkInterfaces_linuxtest285_name'))]",
              "[resourceId('Microsoft.Storage/StorageAccounts', parameters('storageAccounts_linuxtestdiag659_name'))]"
          ],
          "properties": {
              "hardwareProfile": {
                  "vmSize": "Standard_D2s_v3"
              },
              "storageProfile": {
                  "imageReference": {
                      "publisher": "Canonical",
                      "offer": "UbuntuServer",
                      "sku": "18.04-LTS",
                      "version": "latest"
                  },
                  "osDisk": {
                      "osType": "Linux",
                      "name": "[concat(parameters('virtualMachines_linuxtest_name'), '_disk1_11ecb13354cf4fea96364b4f68d21d33')]",
                      "createOption": "FromImage",
                      "caching": "ReadWrite",
                      "managedDisk": {
                          "storageAccountType": "Premium_LRS"
                      },
                      "diskSizeGB": 30
                  },
                  "dataDisks": []
              },
              "osProfile": {
                  "computerName": "[parameters('virtualMachines_linuxtest_name')]",
                  "adminUsername": "NSAdmin",
                  "adminPassword": "CanoePolo10!",
                  "linuxConfiguration": {
                      "disablePasswordAuthentication": false,
                      "provisionVMAgent": true
                  },
                  "secrets": [],
                  "allowExtensionOperations": true
              },
              "networkProfile": {
                  "networkInterfaces": [
                      {
                          "id": "[resourceId('Microsoft.Network/networkInterfaces', parameters('networkInterfaces_linuxtest285_name'))]"
                      }
                  ]
              },
              "diagnosticsProfile": {
                  "bootDiagnostics": {
                      "enabled": true,
                      "storageUri": "[concat('https://', parameters('storageAccounts_linuxtestdiag659_name'), '.blob.core.windows.net/')]"
                  }
              }
          }
      },
      {
          "type": "Microsoft.Compute/virtualMachines",
          "apiVersion": "2019-03-01",
          "name": "[parameters('virtualMachines_windwostest_name')]",
          "location": "[resourceGroup().location]",
          "dependsOn": [
              "[resourceId('Microsoft.Network/networkInterfaces', parameters('networkInterfaces_windwostest367_name'))]",
              "[resourceId('Microsoft.Storage/StorageAccounts', parameters('storageAccounts_linuxtestdiag659_name'))]"
          ],
          "properties": {
              "hardwareProfile": {
                  "vmSize": "Standard_DS1_v2"
              },
              "storageProfile": {
                  "imageReference": {
                      "publisher": "MicrosoftWindowsServer",
                      "offer": "WindowsServer",
                      "sku": "2019-Datacenter",
                      "version": "latest"
                  },
                  "osDisk": {
                      "osType": "Windows",
                      "name": "[concat(parameters('virtualMachines_windwostest_name'), '_OsDisk_1_eb71ddcc3949493a9ca7411ba29e8992')]",
                      "createOption": "FromImage",
                      "caching": "ReadWrite",
                      "managedDisk": {
                          "storageAccountType": "Premium_LRS"
                      },
                      "diskSizeGB": 127
                  },
                  "dataDisks": []
              },
              "osProfile": {
                  "computerName": "[parameters('virtualMachines_windwostest_name')]",
                  "adminUsername": "NSAdmin",
                  "adminPassword": "CanoePolo10!",
                  "windowsConfiguration": {
                      "provisionVMAgent": true,
                      "enableAutomaticUpdates": true
                  },
                  "secrets": [],
                  "allowExtensionOperations": true
              },
              "networkProfile": {
                  "networkInterfaces": [
                      {
                          "id": "[resourceId('Microsoft.Network/networkInterfaces', parameters('networkInterfaces_windwostest367_name'))]"
                      }
                  ]
              },
              "diagnosticsProfile": {
                  "bootDiagnostics": {
                      "enabled": true,
                      "storageUri": "[concat('https://', parameters('storageAccounts_linuxtestdiag659_name'), '.blob.core.windows.net/')]"
                  }
              }
          }
      },
      {
          "type": "Microsoft.Storage/storageAccounts/blobServices/containers",
          "apiVersion": "2019-04-01",
          "name": "[concat(parameters('storageAccounts_linuxtestdiag891_name'), '/default/bootdiagnostics-linuxdiag-82c3cf4a-e503-447b-a5b4-ba75d5630131')]",
          "dependsOn": [
              "[resourceId('Microsoft.Storage/storageAccounts/blobServices', parameters('storageAccounts_linuxtestdiag891_name'), 'default')]",
              "[resourceId('Microsoft.Storage/storageAccounts', parameters('storageAccounts_linuxtestdiag891_name'))]"
          ],
          "properties": {
              "publicAccess": "None"
          }
      },
      {
          "type": "Microsoft.Storage/storageAccounts/blobServices/containers",
          "apiVersion": "2019-04-01",
          "name": "[concat(parameters('storageAccounts_linuxtestdiag659_name'), '/default/bootdiagnostics-linuxtest-1d1337c8-502b-4650-9848-81c8481cd14b')]",
          "dependsOn": [
              "[resourceId('Microsoft.Storage/storageAccounts/blobServices', parameters('storageAccounts_linuxtestdiag659_name'), 'default')]",
              "[resourceId('Microsoft.Storage/storageAccounts', parameters('storageAccounts_linuxtestdiag659_name'))]"
          ],
          "properties": {
              "publicAccess": "None"
          }
      },
      {
          "type": "Microsoft.Storage/storageAccounts/blobServices/containers",
          "apiVersion": "2019-04-01",
          "name": "[concat(parameters('storageAccounts_linuxtestdiag659_name'), '/default/bootdiagnostics-windwoste-c4fdea7a-e7f4-43c7-8255-ef4c13b0da6b')]",
          "dependsOn": [
              "[resourceId('Microsoft.Storage/storageAccounts/blobServices', parameters('storageAccounts_linuxtestdiag659_name'), 'default')]",
              "[resourceId('Microsoft.Storage/storageAccounts', parameters('storageAccounts_linuxtestdiag659_name'))]"
          ],
          "properties": {
              "publicAccess": "None"
          }
      },
      {
          "type": "Microsoft.Network/networkInterfaces",
          "apiVersion": "2019-06-01",
          "name": "[parameters('networkInterfaces_linuxtest285_name')]",
          "location": "[resourceGroup().location]",
          "dependsOn": [
              "[resourceId('Microsoft.Network/publicIPAddresses', parameters('publicIPAddresses_linuxtest_ip_name'))]",
              "[resourceId('Microsoft.Network/virtualNetworks/subnets', parameters('virtualNetworks_linuxtest_vnet_name'), 'default')]",
              "[resourceId('Microsoft.Network/networkSecurityGroups', parameters('networkSecurityGroups_linuxtest_nsg_name'))]"
          ],
          "properties": {
              "ipConfigurations": [
                  {
                      "name": "ipconfig1",
                      "properties": {
                          "privateIPAddress": "10.0.0.4",
                          "privateIPAllocationMethod": "Dynamic",
                          "publicIPAddress": {
                              "id": "[resourceId('Microsoft.Network/publicIPAddresses', parameters('publicIPAddresses_linuxtest_ip_name'))]"
                          },
                          "subnet": {
                              "id": "[resourceId('Microsoft.Network/virtualNetworks/subnets', parameters('virtualNetworks_linuxtest_vnet_name'), 'default')]"
                          },
                          "primary": true,
                          "privateIPAddressVersion": "IPv4"
                      }
                  }
              ],
              "dnsSettings": {
                  "dnsServers": [],
                  "appliedDnsServers": [],
                  "internalDomainNameSuffix": "2vnj4cqo3dou5n4t2gtlmdnarh.ax.internal.cloudapp.net"
              },
              "macAddress": "00-0D-3A-4A-6F-33",
              "enableAcceleratedNetworking": false,
              "enableIPForwarding": false,
              "networkSecurityGroup": {
                  "id": "[resourceId('Microsoft.Network/networkSecurityGroups', parameters('networkSecurityGroups_linuxtest_nsg_name'))]"
              },
              "primary": true,
              "tapConfigurations": []
          }
      },
      {
          "type": "Microsoft.Network/networkInterfaces",
          "apiVersion": "2019-06-01",
          "name": "[parameters('networkInterfaces_windwostest367_name')]",
          "location": "[resourceGroup().location]",
          "dependsOn": [
              "[resourceId('Microsoft.Network/publicIPAddresses', parameters('publicIPAddresses_windwostest_ip_name'))]",
              "[resourceId('Microsoft.Network/virtualNetworks/subnets', parameters('virtualNetworks_linuxtest_vnet_name'), 'default')]",
              "[resourceId('Microsoft.Network/networkSecurityGroups', parameters('networkSecurityGroups_windwostest_nsg_name'))]"
          ],
          "properties": {
              "ipConfigurations": [
                  {
                      "name": "ipconfig1",
                      "properties": {
                          "privateIPAddress": "10.0.0.5",
                          "privateIPAllocationMethod": "Dynamic",
                          "publicIPAddress": {
                              "id": "[resourceId('Microsoft.Network/publicIPAddresses', parameters('publicIPAddresses_windwostest_ip_name'))]"
                          },
                          "subnet": {
                              "id": "[resourceId('Microsoft.Network/virtualNetworks/subnets', parameters('virtualNetworks_linuxtest_vnet_name'), 'default')]"
                          },
                          "primary": true,
                          "privateIPAddressVersion": "IPv4"
                      }
                  }
              ],
              "dnsSettings": {
                  "dnsServers": [],
                  "appliedDnsServers": [],
                  "internalDomainNameSuffix": "2vnj4cqo3dou5n4t2gtlmdnarh.ax.internal.cloudapp.net"
              },
              "macAddress": "00-0D-3A-29-BE-D4",
              "enableAcceleratedNetworking": false,
              "enableIPForwarding": false,
              "networkSecurityGroup": {
                  "id": "[resourceId('Microsoft.Network/networkSecurityGroups', parameters('networkSecurityGroups_windwostest_nsg_name'))]"
              },
              "primary": true,
              "tapConfigurations": []
          }
      }
  ]
}