{
  "properties": {
    "type": "Microsoft.Authorization/policyDefinitions",
    "displayName": "NS: Allowed Application Gateway SKUs",
    "name": "applicationgateway-allowedskus-deny",
    "policyType": "custom",
    "mode": "All",
    "description": "Restricts deployments of Application Gateway to specific SKUs to ensure  standards are followed.",
    "metadata": {
      "category": "Networking",
      "source": "Microsoft Sample"
    },
    "parameters": {
      "listOfAllowedSKUs": {
        "type": "Array",
        "metadata": {
          "description": "The list of SKUs that can be specified for application gateways.",
          "displayName": "Allowed SKUs"
        }
      }
    },
    "policyRule": {
      "if": {
        "allOf": [
          {
            "field": "type",
            "equals": "Microsoft.Network/applicationGateways"
          },
          {
            "not": {
              "field": "Microsoft.Network/applicationGateways/sku.name",
              "in": "[parameters('listOfAllowedSKUs')]"
            }
          }
        ]
      },
      "then": {
        "effect": "Deny"
      }

    }
  }
}


