{
  "properties": {
    "type": "Microsoft.Authorization/policyDefinitions",
    "displayName": "App Services - Remote Debugging - Audit",
    "name": "appservice-remotedebugoff-audit",
    "policyType": "custom",
    "mode": "All",
    "description": "This policy audits whether Azure App Services remote debugging is switched on",
    "metadata": {
      "category": "function"
    },
    "parameters": {},
    "policyRule": {
      "if": {
        "allOf": [
          {
            "field": "type",
            "equals": "Microsoft.Web/sites/config"
          },
          {
            "field": "Microsoft.Web/sites/config/remoteDebuggingEnabled",
            "notEquals": "false"
          }
        ]
      },
      "then": {
        "effect": "Audit"
      }
    }
  }
}