{
  "properties": {
    "type": "Microsoft.Authorization/policyDefinitions",
    "displayName": "App Services - Remote Debugging - Deny",
    "name": "appservice-remotedebugoff-deny",
    "policyType": "Custom",
    "mode": "All",
    "description": "This policy prevents remote debugging being be enabled on all Azure App Services, if it is, the deployment will be denied",
    "metadata": {
      "category": "function"
    },
    "parameters": {},
    "policyRule": {
      "if": {
        "allOf": [
          {
            "field": "type",
            "equals": "Microsoft.Web/sites/config"
          },
          {
            "field": "Microsoft.Web/sites/config/remoteDebuggingEnabled",
            "notEquals": "false"
          }
        ]
      },
      "then": {
        "effect": "Deny"
      }
    }
  }
}