{
  "properties": {
    "displayName": "Azure SQL - Databases not encrypted with KeyVault-hosted key - Audit",
    "policyType": "Custom",
    "type": "Microsoft.Authorization/policyDefinitions",
    "name": "azuresql-encrypted-nonkeyvault-audit",
    "Mode": "All",
    "description": "This policy will audit whether encryption of PaaS SQL databases using Azure Keyvault is enabled..",
    "metadata": {
      "category": "SQL"
    },
    "parameters": {},
    "policyRule": {
      "if": {
        "field": "type",
        "equals": "Microsoft.Sql/servers"
      },
      "then": {
        "effect": "AuditIfNotExists",
        "details": {
          "type": "Microsoft.Sql/servers/encryptionProtector",
          "name": "current",
          "existenceCondition": {
            "allOf": [
              {
                "field": "Microsoft.Sql/servers/encryptionProtector/serverKeyType",
                "equals": "AzureKeyVault"
              },
              {
                "field": "Microsoft.Sql/servers/encryptionProtector/uri",
                "notEquals": ""
              },
              {
                "field": "Microsoft.Sql/servers/encryptionProtector/uri",
                "exists": "true"
              }
            ]
          }
        }
      }
    }
  }
}