{
  "properties": {
    "type": "Microsoft.Authorization/policyDefinitions",
    "name": "diagnostics-linux-loganalyticsextension-deploy",
    "displayName": "Deploy default Log Analytics VM Extension for Linux VMs.",
    "description": "This policy deploys Log Analytics VM Extensions on Linux VMs, and connects to the selected Log Analytics workspace.",
    "mode": "Indexed",
    "metadata": {
      "category": "Compute"
    },
    "parameters": {
      "logAnalytics": {
        "type": "string",
        "metadata": {
          "displayName": "Log Analytics workspace",
          "description": "Log Analytics workspace ID",
          "strongType": "omsWorkspace"
        }
      }
    },
    "policyRule": {
      "if": {
        "allOf": [
          {
            "field": "type",
            "equals": "Microsoft.Compute/virtualMachines"
          },
          {
            "anyOf": [
              {
                "allOf": [
                  {
                    "field": "Microsoft.Compute/imagePublisher",
                    "equals": "RedHat"
                  },
                  {
                    "field": "Microsoft.Compute/imageOffer",
                    "in": [
                      "RHEL",
                      "RHEL-SAP-HANA"
                    ]
                  },
                  {
                    "anyOf": [
                      {
                        "field": "Microsoft.Compute/imageSKU",
                        "like": "6.*"
                      },
                      {
                        "field": "Microsoft.Compute/imageSKU",
                        "like": "7*"
                      }
                    ]
                  }
                ]
              },
              {
                "allOf": [
                  {
                    "field": "Microsoft.Compute/imagePublisher",
                    "equals": "SUSE"
                  },
                  {
                    "field": "Microsoft.Compute/imageOffer",
                    "in": [
                      "SLES",
                      "SLES-HPC",
                      "SLES-HPC-Priority",
                      "SLES-SAP",
                      "SLES-SAP-BYOS",
                      "SLES-Priority",
                      "SLES-BYOS",
                      "SLES-SAPCAL",
                      "SLES-Standard"
                    ]
                  },
                  {
                    "anyOf": [
                      {
                        "field": "Microsoft.Compute/imageSKU",
                        "like": "12*"
                      }
                    ]
                  }
                ]
              },
              {
                "allOf": [
                  {
                    "field": "Microsoft.Compute/imagePublisher",
                    "equals": "Canonical"
                  },
                  {
                    "field": "Microsoft.Compute/imageOffer",
                    "equals": "UbuntuServer"
                  },
                  {
                    "anyOf": [
                      {
                        "field": "Microsoft.Compute/imageSKU",
                        "like": "14.04*LTS"
                      },
                      {
                        "field": "Microsoft.Compute/imageSKU",
                        "like": "16.04*LTS"
                      },
                      {
                        "field": "Microsoft.Compute/imageSKU",
                        "like": "18.04*LTS"
                      }
                    ]
                  }
                ]
              },
              {
                "allOf": [
                  {
                    "field": "Microsoft.Compute/imagePublisher",
                    "equals": "Oracle"
                  },
                  {
                    "field": "Microsoft.Compute/imageOffer",
                    "equals": "Oracle-Linux"
                  },
                  {
                    "anyOf": [
                      {
                        "field": "Microsoft.Compute/imageSKU",
                        "like": "6.*"
                      },
                      {
                        "field": "Microsoft.Compute/imageSKU",
                        "like": "7.*"
                      }
                    ]
                  }
                ]
              },
              {
                "allOf": [
                  {
                    "field": "Microsoft.Compute/imagePublisher",
                    "equals": "OpenLogic"
                  },
                  {
                    "field": "Microsoft.Compute/imageOffer",
                    "in": [
                      "CentOS",
                      "Centos-LVM",
                      "CentOS-SRIOV"
                    ]
                  },
                  {
                    "anyOf": [
                      {
                        "field": "Microsoft.Compute/imageSKU",
                        "like": "6.*"
                      },
                      {
                        "field": "Microsoft.Compute/imageSKU",
                        "like": "7*"
                      }
                    ]
                  }
                ]
              },
              {
                "allOf": [
                  {
                    "field": "Microsoft.Compute/imagePublisher",
                    "equals": "cloudera"
                  },
                  {
                    "field": "Microsoft.Compute/imageOffer",
                    "equals": "cloudera-centos-os"
                  },
                  {
                    "field": "Microsoft.Compute/imageSKU",
                    "like": "7*"
                  }
                ]
              }
            ]
          }
        ]
      },
      "then": {
        "effect": "deployIfNotExists",
        "details": {
          "type": "Microsoft.Compute/virtualMachines/extensions",
          "roleDefinitionIds": [
            "/providers/Microsoft.Authorization/roleDefinitions/b24988ac-6180-42a0-ab88-20f7382dd24c"
          ],
          "existenceCondition": {
            "allOf": [
              {
                "field": "Microsoft.Compute/virtualMachines/extensions/type",
                "equals": "OmsAgentForLinux"
              },
              {
                "field": "Microsoft.Compute/virtualMachines/extensions/publisher",
                "equals": "Microsoft.EnterpriseCloud.Monitoring"
              },
              {
                "field": "Microsoft.Compute/virtualMachines/extensions/provisioningState",
                "equals": "Succeeded"
              }
            ]
          },
          "deployment": {
            "properties": {
              "mode": "incremental",
              "template": {
                "$schema": "http://schema.management.azure.com/schemas/2015-01-01/deploymentTemplate.json#",
                "contentVersion": "1.0.0.0",
                "parameters": {
                  "vmName": {
                    "type": "string"
                  },
                  "location": {
                    "type": "string"
                  },
                  "logAnalytics": {
                    "type": "string"
                  }
                },
                "resources": [
                  {
                    "name": "[concat(parameters('vmName'), '/OmsAgentForLinux')]",
                    "type": "Microsoft.Compute/virtualMachines/extensions",
                    "location": "[parameters('location')]",
                    "apiVersion": "2018-06-01",
                    "properties": {
                      "publisher": "Microsoft.EnterpriseCloud.Monitoring",
                      "type": "OmsAgentForLinux",
                      "typeHandlerVersion": "1.7",
                      "autoUpgradeMinorVersion": true,
                      "settings": {
                        "workspaceId": "[reference(parameters('logAnalytics'), '2015-03-20').customerId]"
                      },
                      "protectedSettings": {
                        "workspaceKey": "[listKeys(parameters('logAnalytics'), '2015-03-20').primarySharedKey]"
                      }
                    }
                  }
                ],
                "outputs": {}
              },
              "parameters": {
                "vmName": {
                  "value": "[field('name')]"
                },
                "location": {
                  "value": "[field('location')]"
                },
                "logAnalytics": {
                  "value": "[parameters('logAnalytics')]"
                }
              }
            }
          }
        }
      }
    }
  }
}
