{
  "properties": {
    "type": "Microsoft.Authorization/policyDefinitions",
    "name": "diagnostics-windows-vmss-loganalyticsextension-deploy",
    "displayName": "Enable logs for windows virtual machines scalesets",
    "mode": "Indexed",
    "description": "Enable logs for windows virtual machine scalesets",
    "metadata": {
      "category": "Compute",
      "product": "New Signature DriveTrain"
    },
    "parameters": {
      "logAnalytics": {
        "type": "String",
        "metadata": {
          "displayName": "Log Analytics workspace",
          "description": "Select Log Analytics workspace from dropdown list. If this workspace is outside of the scope of the assignment you must manually grant 'Log Analytics Contributor' permissions (or similar) to the policy assignment's principal ID.",
          "strongType": "omsWorkspace",
          "assignPermissions": true
        }
      },
      "listOfImageIdToInclude": {
        "type": "Array",
        "metadata": {
          "displayName": "List of VM images that have supported Windows OS to add to scope"
        },
        "defaultValue": []
      }
    },
    "policyRule": {
      "if": {
        "allOf": [
          {
            "field": "type",
            "equals": "Microsoft.Compute/virtualMachineScaleSets"
          },
          {
            "anyOf": [
              {
                "field": "Microsoft.Compute/imageId",
                "in": "[parameters('listOfImageIdToInclude')]"
              },
              {
                "allOf": [
                  {
                    "field": "Microsoft.Compute/imagePublisher",
                    "equals": "MicrosoftWindowsServer"
                  },
                  {
                    "field": "Microsoft.Compute/imageOffer",
                    "equals": "WindowsServer"
                  },
                  {
                    "field": "Microsoft.Compute/imageSKU",
                    "in": [
                      "2008-R2-SP1",
                      "2008-R2-SP1-smalldisk",
                      "2012-Datacenter",
                      "2012-Datacenter-smalldisk",
                      "2012-R2-Datacenter",
                      "2012-R2-Datacenter-smalldisk",
                      "2016-Datacenter",
                      "2016-Datacenter-Server-Core",
                      "2016-Datacenter-Server-Core-smalldisk",
                      "2016-Datacenter-smalldisk",
                      "2016-Datacenter-with-Containers",
                      "2016-Datacenter-with-RDSH",
                      "2019-Datacenter",
                      "2019-Datacenter-Core",
                      "2019-Datacenter-Core-smalldisk",
                      "2019-Datacenter-Core-with-Containers",
                      "2019-Datacenter-Core-with-Containers-smalldisk",
                      "2019-Datacenter-smalldisk",
                      "2019-Datacenter-with-Containers",
                      "2019-Datacenter-with-Containers-smalldisk",
                      "2019-Datacenter-zhcn"
                    ]
                  }
                ]
              },
              {
                "allOf": [
                  {
                    "field": "Microsoft.Compute/imagePublisher",
                    "equals": "MicrosoftWindowsServer"
                  },
                  {
                    "field": "Microsoft.Compute/imageOffer",
                    "equals": "WindowsServerSemiAnnual"
                  },
                  {
                    "field": "Microsoft.Compute/imageSKU",
                    "in": [
                      "Datacenter-Core-1709-smalldisk",
                      "Datacenter-Core-1709-with-Containers-smalldisk",
                      "Datacenter-Core-1803-with-Containers-smalldisk"
                    ]
                  }
                ]
              },
              {
                "allOf": [
                  {
                    "field": "Microsoft.Compute/imagePublisher",
                    "equals": "MicrosoftWindowsServerHPCPack"
                  },
                  {
                    "field": "Microsoft.Compute/imageOffer",
                    "equals": "WindowsServerHPCPack"
                  }
                ]
              },
              {
                "allOf": [
                  {
                    "field": "Microsoft.Compute/imagePublisher",
                    "equals": "MicrosoftSQLServer"
                  },
                  {
                    "anyOf": [
                      {
                        "field": "Microsoft.Compute/imageOffer",
                        "like": "*-WS2016"
                      },
                      {
                        "field": "Microsoft.Compute/imageOffer",
                        "like": "*-WS2016-BYOL"
                      },
                      {
                        "field": "Microsoft.Compute/imageOffer",
                        "like": "*-WS2012R2"
                      },
                      {
                        "field": "Microsoft.Compute/imageOffer",
                        "like": "*-WS2012R2-BYOL"
                      }
                    ]
                  }
                ]
              },
              {
                "allOf": [
                  {
                    "field": "Microsoft.Compute/imagePublisher",
                    "equals": "MicrosoftRServer"
                  },
                  {
                    "field": "Microsoft.Compute/imageOffer",
                    "equals": "MLServer-WS2016"
                  }
                ]
              },
              {
                "allOf": [
                  {
                    "field": "Microsoft.Compute/imagePublisher",
                    "equals": "MicrosoftVisualStudio"
                  },
                  {
                    "field": "Microsoft.Compute/imageOffer",
                    "in": ["VisualStudio", "Windows"]
                  }
                ]
              },
              {
                "allOf": [
                  {
                    "field": "Microsoft.Compute/imagePublisher",
                    "equals": "MicrosoftDynamicsAX"
                  },
                  {
                    "field": "Microsoft.Compute/imageOffer",
                    "equals": "Dynamics"
                  },
                  {
                    "field": "Microsoft.Compute/imageSKU",
                    "equals": "Pre-Req-AX7-Onebox-U8"
                  }
                ]
              },
              {
                "allOf": [
                  {
                    "field": "Microsoft.Compute/imagePublisher",
                    "equals": "microsoft-ads"
                  },
                  {
                    "field": "Microsoft.Compute/imageOffer",
                    "equals": "windows-data-science-vm"
                  }
                ]
              },
              {
                "allOf": [
                  {
                    "field": "Microsoft.Compute/imagePublisher",
                    "equals": "MicrosoftWindowsDesktop"
                  },
                  {
                    "field": "Microsoft.Compute/imageOffer",
                    "equals": "Windows-10"
                  }
                ]
              }
            ]
          }
        ]
      },
      "then": {
        "effect": "deployIfNotExists",
        "details": {
          "type": "Microsoft.Compute/virtualMachineScaleSets/extensions",
          "roleDefinitionIds": [
            "/providers/microsoft.authorization/roleDefinitions/92aaf0da-9dab-42b6-94a3-d43ce8d16293",
            "/providers/microsoft.authorization/roleDefinitions/9980e02c-c2be-4d73-94e8-173b1dc7cf3c"
          ],
          "existenceCondition": {
            "allOf": [
              {
                "field": "Microsoft.Compute/virtualMachineScaleSets/extensions/type",
                "equals": "IaaSDiagnostics"
              },
              {
                "field": "Microsoft.Compute/virtualMachineScaleSets/extensions/publisher",
                "equals": "Microsoft.Azure.Diagnostics"
              }
            ]
          },
          "deployment": {
            "properties": {
              "mode": "incremental",
              "template": {
                "$schema": "http://schema.management.azure.com/schemas/2015-01-01/deploymentTemplate.json#",
                "contentVersion": "1.0.0.0",
                "parameters": {
                  "vmssName": {
                    "type": "string"
                  },
                  "location": {
                    "type": "string"
                  },
                  "logAnalytics": {
                    "type": "string"
                  }
                },
                "variables": {
                  "vmssExtensionName": "WindowsVMSSExtension",
                  "vmssExtensionPublisher": "Microsoft.Azure.Diagnostics",
                  "vmssExtensionType": "IaaSDiagnostics"

                },
                "resources": [
                  {
                    "name": "[concat(parameters('vmssName'), '/', variables('vmssExtensionName'))]",
                    "type": "Microsoft.Compute/virtualMachineScaleSets/extensions",
                    "location": "[parameters('location')]",
                    "apiVersion": "2018-06-01",
                    "properties": {
                      "publisher": "[variables('vmExtensionPublisher')]",
                      "type": "[variables('vmssExtensionType')]",

                      "autoUpgradeMinorVersion": true,
                      "settings": {
                        "workspaceId": "[reference(parameters('logAnalytics'), '2015-03-20').customerId]",
                        "stopOnMultipleConnections": "true"
                      }
                    }
                  }
                ],
                "outputs": {
                  "policy": {
                    "type": "string",
                    "value": "[concat('Enabled extension for: ', parameters('vmssName'))]"
                  }
                }
              },
              "parameters": {
                "vmssName": {
                  "value": "[field('name')]"
                },
                "location": {
                  "value": "[field('location')]"
                },
                "logAnalytics": {
                  "value": "[parameters('logAnalytics')]"
                }
              }
            }
          }
        }
      }
    }
  }
}
