{
  "properties": {
    "displayName": "Key Vault - Enforce Soft-Delete and Purge Protection",
    "type": "Microsoft.Authorization/policyDefinitions",
    "name": "keyvault-softdeletepurgeprotection-append",
    "policyType": "Custom",
    "mode": "All",
    "description": "This policy checks and enforces if key vault objects are not recoverable. Soft Delete feature helps to effectively hold the resources for a given retention period (90 days) even after a DELETE operation, while giving the appearance that the object is deleted. When 'Purge protection' is on, a vault or an object in deleted state cannot be purged until the retention period of 90 days has passed. These vaults and objects can still be recovered, assuring customers that the retention policy will be followed.",
    "metadata": {
      "category": "Key Vault"
    },
    "parameters": {},
    "policyRule": {
      "if": {
        "allOf": [
          {
            "field": "type",
            "equals": "Microsoft.KeyVault/vaults"
          },
          {
            "anyOf": [
              {
                "field": "Microsoft.KeyVault/vaults/enableSoftDelete",
                "exists": "false"
              },
              {
                "field": "Microsoft.KeyVault/vaults/enablePurgeProtection",
                "exists": "false"
              },
              {
                "field": "Microsoft.KeyVault/vaults/enableSoftDelete",
                "equals": "false"
              },
              {
                "field": "Microsoft.KeyVault/vaults/enablePurgeProtection",
                "equals": "false"
              }
            ]
          }
        ]
      },
      "then": {
        "effect": "append",
        "details": [
          {
            "field": "Microsoft.KeyVault/vaults/enableSoftDelete",
            "value": "true"
          },
          {
            "field": "Microsoft.KeyVault/vaults/enablePurgeProtection",
            "value": "true"
          }
        ]
      }
    }
  }
}