{
  "properties": {
    "type": "Microsoft.Authorization/policyDefinitions",
    "displayName": "NS: Allowed Load Balancer SKUs",
    "name": "loadbalancer-allowedskus-deny",
    "policyType": "custom",
    "mode": "All",
    "description": "Restricted deployment of Load Balancers to authorised SKUs",
    "metadata": {
      "category": "Network",
      "source": "Microsoft Sample"
    },
    "parameters": {
      "listOfAllowedSKUs": {
        "type": "Array",
        "metadata": {
          "description": "The list of SKUs that can be specified for load balancer.",
          "displayName": "Allowed SKUs"
        }
      }
    },
    "policyRule": {
      "if": {
        "allOf": [
            {
                "field": "type",
                "equals": "Microsoft.Network/loadbalancers"
            },
            {
                "not": {
                    "field": "Microsoft.Network/loadbalancers/sku.name",
                    "in": "[parameters('listOfAllowedSKUs')]"
                }
            }
        ]
      },
      "then": {
          "effect": "audit"
      }
    }
  }
}


