{
  "properties": {
    "type": "Microsoft.Authorization/policyDefinitions",
    "displayName": "NS: Deny Public IP on Load Balancer",
    "name": "loadbalancer-publicip-deny",
    "policyType": "custom",
    "mode": "All",
    "description": "This policy denies load balancers from having public IP addresses assigned. To prevent backdoors into the environment when edge firewalls are enforced.",
    "metadata": {
      "category": "Network",
      "source": "Custom New Signature"
    },
    "parameters": {},
    "policyRule": {
      "if": {
        "allOf": [
          {
            "field": "type",
            "equals": "Microsoft.Network/loadBalancers"
          },
          {
            "not": {
              "field": "Microsoft.Network/loadBalancers/frontendIPConfigurations[*].publicIPAddress.id",
              "notLike": "*"
            }
          }
        ]
      },
      "then": {
        "effect": "deny"
      }
    }
  }
}


