{
  "properties": {
    "type": "Microsoft.Authorization/policyDefinitions",
    "displayName": "Append encryption settings to Storage Account for customer-provided key",
    "name": "storage-userdefinedencryptionkey-append",
    "description": "If customer-provided key isn't configured, append encryption settings to Storage Account using customer-provided key",
    "policyType": "Custom",
    "mode": "All",
    "metadata": {
      "category": "Storage"
    },
    "parameters": {
      "keyvaulturi": {
        "type": "String",
        "metadata": {
          "description": "Uri location of the Key Vault to use for Storage Service Encryption"
        }
      },
      "keyname": {
        "type": "String",
        "metadata": {
          "description": "Name of the Key to use for Storage Service Encryption"
        }
      }
    },
    "policyRule": {
      "if": {
        "allof": [
          {
            "field": "type",
            "equals": "Microsoft.Storage/storageAccounts"
          },
          {
            "field": "Microsoft.Storage/storageAccounts/encryption.KeySource",
            "equals": "Microsoft.Storage"
          }
        ]
      },
      "then": {
        "effect": "append",
        "details": [
          {
            "field": "Microsoft.Storage/storageAccounts/encryption.KeySource",
            "value": "Microsoft.Keyvault"
          },
          {
            "field": "Microsoft.Storage/storageAccounts/encryption.keyvaultproperties.keyvaulturi",
            "value": "[parameters('keyvaulturi')]"
          },
          {
            "field": "Microsoft.Storage/storageAccounts/encryption.keyvaultproperties.keyname",
            "value": "[parameters('keyname')]"
          }
        ]
      }
    }
  }
}