{

  "properties": {
    "type": "Microsoft.Authorization/policyDefinitions",
  "name": "lockdown-public-sql-database",
    "displayName": "lockdown-public-sql-database",
	 "Mode": "All",
    "description": "This policy restrict creation of that are SQL server without firewall settings restricing access to approved IP's.",
    "metadata": {
      "category": "Storage"
    },
    "parameters": {},
    "policyRule": {
      "if": {
        "allOf": [
          {
            "field": "type",
            "equals": "Microsoft.Sql/servers/firewallRules"
          },
          {
            "field": "Microsoft.Sql/servers/firewallRules/startIpAddress",
            "notequals": ""
          },
	  {
            "field": "Microsoft.Sql/servers/firewallRules/endIpAddress",
            "notequals": ""
          }
        ]
      },
      "then": {
        "effect": "deny"
      }
    }
  }
}