{
  "properties": {
    "type": "Microsoft.Authorization/policyDefinitions",
    "displayName": "NS: Check Azure SQL Server Level Auditing enabled",
    "name": "sql-serverauditenabled-audit",
    "policyType": "custom",
    "mode": "All",
    "description": "Checks that Auditing has been enabled on a Azure SQL Service instance at the server level.",
    "metadata": {
      "category": "SQL",
      "source": "Microsoft Sample"
    },
    "parameters": {},
    "policyRule": {
      "if": {
        "field": "type",
        "equals": "Microsoft.Sql/servers"
     },
     "then": {
        "effect": "AuditIfNotExists",
        "details": {
           "type": "Microsoft.Sql/servers/auditingSettings",
           "name": "default",
           "existenceCondition": {
              "field": "Microsoft.Sql/auditingSettings.state",
              "equals": "Enabled"
           }
        }
     }
    }
  }
}


