{
  "properties": {
    "type": "Microsoft.Authorization/policyDefinitions",
    "displayName": "NS: No AAD Admin assigned to Azure SQL Server",
    "name": "sql-aadadmin-audit",
    "policyType": "custom",
    "mode": "All",
    "description": "Audits whether or not an AAD Admin has been assigned to an Azure SQL Server instance",
    "metadata": {
      "category": "SQL",
      "source": "Microsoft Sample"
    },
    "parameters": {},
    "policyRule": {
      "if": {
        "field": "type",
        "equals": "Microsoft.SQL/servers"
      },
      "then": {
          "effect": "auditIfNotExists",
          "details": {
              "type": "Microsoft.SQL/servers/administrators"
          }
      }
    }
  }
}


