{
  "properties": {
    "type": "Microsoft.Authorization/policyDefinitions",
    "displayName": "NS: Check Azure SQL Database Auditing enabled",
    "name": "sql-dbauditenabled-audit",
    "policyType": "custom",
    "mode": "All",
    "description": "Checks that Auditing has been enabled on a Azure SQL Database (at the DB level).",
    "metadata": {
      "category": "SQL",
      "source": "Microsoft Sample"
    },
    "parameters": {},
    "policyRule": {
      "if": {
        "allOf": [
           {
              "field": "type",
              "equals": "Microsoft.SQL/servers/databases"
           },
           {
              "field": "name",
              "notEquals": "master"
           }
        ]
     },
     "then": {
        "effect": "auditIfNotExists",
        "details": {
           "type": "Microsoft.SQL/servers/databases/auditingSettings",
           "name": "default",
          "existenceCondition": {
            "field": "Microsoft.Sql/auditingSettings.state",
            "equals": "enabled"
          }
        }
      }
    }
  }
}


