{
  "properties": {
    "displayName": "Azure Storage - Audit non-https-only Storage Accounts",
    "type": "Microsoft.Authorization/policyDefinitions",
    "name": "httpstorageaccounts-audit",
    "policyType": "custom",
    "mode": "All",
    "description": "Ensure https traffic only for storage account",
    "metadata": {
      "category": "StorageAccounts"
    },
    "parameters": {},
    "policyRule": {
      "if": {
        "allOf": [
          {
            "field": "type",
            "equals": "Microsoft.Storage/storageAccounts"
          },
          {
            "not": {
              "field": "Microsoft.Storage/storageAccounts/supportsHttpsTrafficOnly",
              "equals": "true"
            }
          }
        ]
      },
      "then": {
        "effect": "Audit"
      }
    }
  }
}