  {
    "properties": {
      "displayName": "Azure Storage - DeployifNotExists Require HTTPS on Storage Accounts",
      "type": "Microsoft.Authorization/policyDefinitions",
      "name": "storage-https-deployifnotexists",
      "description": "Ensure / Remediate Storage Accounts which are not set for Secure Transfer",
      "metadata": {
        "category": "StorageAccounts"
      },
      "mode": "All",
      "parameters": {},
      "policyRule": {
        "if": {
          "allof": [
            {
              "field": "type",
              "equals": "Microsoft.Storage/storageAccounts"
            },
            {
              "not": {
                "field": "Microsoft.Storage/storageAccounts/supportsHttpsTrafficOnly",
                "equals": "true"
              }
            }
          ]
        },
        "then": {
          "effect": "DeployIfNotExists",
          "details": {
            "type": "Microsoft.Storage/storageAccounts",
            "existenceCondition": {
              "field": "Microsoft.Storage/storageAccounts/supportsHttpsTrafficOnly",
              "equals": "true"
            },
            "roleDefinitionIds": [
              "/providers/microsoft.authorization/roleDefinitions/b24988ac-6180-42a0-ab88-20f7382dd24c"
            ],
            "deployment": {
              "properties": {
                "mode": "incremental",
                "template": {
                  "$schema": "http://schema.management.azure.com/schemas/2015-01-01/deploymentTemplate.json#",
                  "contentVersion": "1.0.0.0",
                  "parameters": {
                    "storageAccountName": {
                      "type": "string"
                    },
                    "storageAccountLocation": {
                      "type": "string"
                    }
                  },
                  "variables": {},
                  "resources": [
                    {
                      "name": "[parameters('storageAccountName')]",
                      "location": "[parameters('storageAccountLocation')]",
                      "type": "Microsoft.Storage/storageAccounts",
                      "apiVersion": "2018-11-01,",
                      "properties": {
                        "supportsHttpsTrafficOnly": "true"
                      }
                    }
                  ]
                },
                "parameters": {
                  "storageAccountName": {
                    "value": "[field('name')]"
                  },
                  "storageAccountLocation": {
                    "value": "[field('location')]"
                  }
                }
              }
            }
          }
        }
      }
    }
  }