{
  "properties": {
    "displayName": "NS: Enforce tag to restricted list of values",
    "type": "Microsoft.Authorization/policyDefinitions",
    "name": "tagging-validateagainstlist-deny",
    "policyType": "Custom",
    "description": "Enforces the specified tag on all Resource Types and validates against a list of supplied values, unless a Resource Type has been excluded.",
    "metadata": {
      "category": "General",
      "source": "Custom New Signature"
    },
    "Mode": "Indexed",
    "parameters": {
      "tagName": {
        "type": "String",
        "metadata": {
          "displayName": "tagName",
          "description": "Name of the tag, such as costCenter"
        }
      },
      "tagValues": {
        "type": "Array",
        "metadata": {
          "displayName": "tagValues",
          "description": "Allowed values of the tag"
        }
      },
      "excludedResourceTypes": {
        "type": "Array",
        "metadata": {
          "displayName": "excludedResourceTypes",
          "description": "Resource Types to exclude from enforcement"
        }
      }
    },
    "policyRule": {
      "if": {
        "allOf": [
          {
            "not": {
              "field": "[concat('tags[', parameters('tagName'), ']')]",
              "in": "[parameters('tagValues')]"
            }
          },
          {
            "field": "type",
            "notIn": "[parameters('excludedResourceTypes')]"
          }
        ]
      },
      "then": {
        "effect": "deny"
      }
    }
  }
}