{
  "properties": {
    "displayName": "Copy RG Support Level tag to resource",
    "name": "tagging-childrenofrg-supportlevel-append",
    "mode": "Indexed",
    "description": "Append the Support Level tag from the parent resource group to the resource if tag on RG is not 'notset' ",
    "metadata": {
      "category": "Tags"
    },
    "parameters": {
      "tagName": {
        "type": "String",
        "defaultValue": "Support Level",
        "metadata": {
          "description": "Name of the tag"
        }
      }
    },
    "policyRule": {
      "if": {
        "allOf": [
          {
            "field": "[concat('tags[', parameters('tagName'), ']')]",
            "Equals": "notset"
          },
          {
            "value": "[resourceGroup().tags[parameters('tagName')]]",
            "exists": "true"
          },
          {
            "value": "[resourceGroup().tags[parameters('tagName')]]",
            "notEquals": "notset"
          }
        ]
      },
      "then": {
        "effect": "append",
        "details": [
          {
            "field": "[concat('tags[', parameters('tagName'), ']')]",
            "value": "[resourceGroup().tags[parameters('tagName')]]"
          }
        ]
      }
    }
  }
}