{
  "properties": {
    "displayName": "Tagging: Apply Environment tag and its default value",
    "type": "Microsoft.Authorization/policyDefinitions",
    "name": "tagging-environment-append",
    "policyType": "Custom",
    "description": "Applies the required environment tag from the NS tagging schema with a default value if tag is not specified by the user.",
    "metadata": {
      "category": "New Signature DriveTrain"
    },
    "Mode": "Indexed",
    "parameters": {
      "tagName": {
        "type": "String",
        "defaultValue": "Environment",
        "metadata": {
          "description": "Name of the tag"
        }
      },
      "defaultTagValue": {
        "type": "String",
        "defaultValue": "notset",
        "metadata": {
          "description": "Default value of the tag"
        }
      }
    },
    "policyRule": {
      "if": {
        "field": "[concat('tags[', parameters('tagName'), ']')]",
        "exists": "false"
      },
      "then": {
        "effect": "append",
        "details": [
          {
            "field": "[concat('tags[', parameters('tagName'), ']')]",
            "value": "[parameters('defaultTagValue')]"
          }
        ]
      }
    }
  }
}