{
  "properties": {
    "displayName": "NS: Enforce tag on VM to restricted list of values",
    "type": "Microsoft.Authorization/policyDefinitions",
    "name": "tagging-vm-validateagainstlist-deny",
    "policyType": "Custom",
    "description": "Enforces a tag specifically on Virtual Machines and validates against a list of supplied values.",
    "metadata": {
      "category": "General",
      "source": "Custom New Signature"
    },
    "Mode": "Indexed",
    "parameters": {
      "tagName": {
        "type": "String",
        "metadata": {
          "displayName": "tagName",
          "description": "Name of the tag, such as costCenter"
        }
      },
      "tagValues": {
        "type": "Array",
        "metadata": {
          "displayName": "tagValues",
          "description": "Allowed values of the tag"
        }
      }
        },
    "policyRule": {
      "if": {
        "allOf": [
          {
            "not": {
              "field": "[concat('tags[', parameters('tagName'), ']')]",
              "in": "[parameters('tagValues')]"
            }
          },
          {
            "field": "type",
            "equals": "Microsoft.Compute/virtualMachines"
          }
        ]
      },
      "then": {
        "effect": "deny"
      }
    }
  }
}