{
  "properties": {
    "displayName": "Azure Managed Disks - Not Encrypted - Deny",
    "type": "Microsoft.Authorization/policyDefinitions",
    "name": "unencrypted-manageddisks-deny",
    "policyType": "Custom",
    "Mode": "All",
    "description": "This policy Deny's VMs that do not have disk encryption enabled on an OS disk.",
    "metadata": {
      "category": "Compute"
    },
    "parameters": {},
    "policyRule": {
      "if": {
        "allOf": [
          {
            "field": "type",
            "equals": "Microsoft.Compute/disks"
          },
          {
            "field": "Microsoft.Compute/disks/encryptionSettings.enabled",
            "notequals": "true"
          }
        ]
      },
      "then": {
        "effect": "Deny"
      }
    }
  }
}