{
  "properties": {
    "displayName": "Azure Storage - File and Blob Encryption Not Set - Audit",
    "type": "Microsoft.Authorization/policyDefinitions",
    "name": "unencrypted-storage-audit",
    "policyType": "custom",
    "mode": "All",
    "description": "It is important to enable encryption on storage account assets when storing sensitive data",
    "metadata": {
      "category": "StorageAccounts"
    },
    "parameters": {},
    "policyRule": {
      "if": {
        "allOf": [
          {
            "field": "type",
            "equals": "Microsoft.Storage/storageAccounts"
          },
          {
            "anyof": [
              {
                "field": "Microsoft.Storage/storageAccounts/enableFileEncryption",
                "notEquals": "true"
              },
              {
                "field": "Microsoft.Storage/storageAccounts/enableblobEncryption",
                "notEquals": "true"
              }
            ]
          }
        ]
      },
      "then": {
        "effect": "Audit"
      }
    }
  }
}