{
  "properties": {
    "displayName": "Azure SQL - No TDE configured - Audit",
    "type": "Microsoft.Authorization/policyDefinitions",
    "name": "unencrypted-azuresql-audit",
    "policyType": "custom",
    "mode": "Indexed",
    "description": "It is important to enable encryption on sql to protect the data",
    "metadata": {
      "category": "SQL"
    },
    "parameters": {},
    "policyRule": {
      "if": {
        "allOf": [
          {
            "field": "type",
            "equals": "Microsoft.Sql/servers/databases"
          },
          {
            "field": "name",
            "notEquals": "master"
          }
        ]
      },
      "then": {
        "effect": "AuditIfNotExists",
        "details": {
          "type": "Microsoft.Sql/servers/databases/transparentDataEncryption",
          "name": "current",
          "existenceCondition": {
            "allOf": [
              {
                "field": "Microsoft.Sql/transparentDataEncryption.status",
                "equals": "enabled"
              }
            ]
          }
        }
      }
    }
  }
}