{
  "properties": {
    "displayName": "Automation Accounts - Unencrypted Variables - Audit",
    "type": "Microsoft.Authorization/policyDefinitions",
    "name": "unencrypted-automationaccounts-audit",
    "policyType": "custom",
    "mode": "All",
    "description": "It is important to enable encryption of Automation account variable assets when storing sensitive data",
    "metadata": {
      "category": "Automation"
    },
    "parameters": {},
    "policyRule": {
      "if": {
        "allOf": [
          {
            "field": "type",
            "equals": "Microsoft.Automation/automationAccounts/variables"
          },
          {
            "field": "Microsoft.Automation/automationAccounts/variables/isEncrypted",
            "notEquals": "true"
          }
        ]
      },
      "then": {
        "effect": "Audit"
      }
    }
  }
}