{
  "properties": {
    "displayName": "Azure Managed Disks - Not Encrypted - Audit",
    "type": "Microsoft.Authorization/policyDefinitions",
    "name": "unencrypted-manageddisks-audit",
    "description": "This policy Audits Managed Disks that do not have disk encryption enabled.",
    "policyType": "Custom",
    "Mode": "All",
    "metadata": {
      "category": "Compute"
    },
    "parameters": {},
    "policyRule": {
      "if": {
        "allOf": [
          {
            "field": "type",
            "equals": "Microsoft.Compute/disks"
          },
          {
            "field": "Microsoft.Compute/disks/encryptionSettings.enabled",
            "notequals": "true"
          }
        ]
      },
      "then": {
        "effect": "Audit"
      }
    }
  }
}