{
  "properties": {
    "displayName": "Azure SQL - No TDE configured - Deny",
    "type": "Microsoft.Authorization/policyDefinitions",
    "name": "unencrypted-azuresql-deny",
    "policyType": "Custom",
    "mode": "All",
    "description": "Deny the ability to deploy sql if transparent data encryption status is disabled",
    "metadata": {
      "category": "SQL"
    },
    "parameters": {},
    "policyRule": {
      "if": {
        "allOf": [
          {
            "field": "type",
            "equals": "Microsoft.SQL/servers/databases/transparentDataEncryption"
          },
          {
            "field": "Microsoft.Sql/transparentDataEncryption.status",
            "notEquals": "enabled"
          }
        ]
      },
      "then": {
        "effect": "Deny"
      }
    }
  }
}