{
  "properties": {
    "displayName": "Azure Storage - File and Blob Encryption Not Set - Deny",
    "type": "Microsoft.Authorization/policyDefinitions",
    "name": "unencryptedstorageaccounts-deny",
    "policyType": "Custom",
    "mode": "All",
    "description": "Encryption needs to be enabled or the deployment will be denied",
    "metadata": {
      "category": "StorageAccounts"
    },
    "parameters": {},
    "policyRule": {
      "if": {
        "allOf": [
          {
            "field": "type",
            "equals": "Microsoft.Storage/storageAccounts"
          },
          {
            "anyof": [
              {
                "field": "Microsoft.Storage/storageAccounts/enableFileEncryption",
                "notEquals": "true"
              },
              {
                "field": "Microsoft.Storage/storageAccounts/enableblobEncryption",
                "notEquals": "true"
              }
            ]
          }
        ]
      },
      "then": {
        "effect": "Deny"
      }
    }
  }
}