{
  "properties": {
    "type": "Microsoft.Authorization/policyDefinitions",
    "displayName": "Audit Log Analytics for VMs",
    "name": "vm-log-analytics-audit",
    "policyType": "custom",
    "Mode": "All",
    "description": "Audits Virtual Machines that are not connected to Log Analytics",
    "metadata": {
      "category": "VirtualMachines"
    },
    "parameters": {},
    "policyRule": {
      "if": {
        "field": "type",
        "equals": "Microsoft.Compute/virtualMachines"
      },
      "then": {
        "effect": "auditIfNotExists",
        "details": {
          "type": "Microsoft.Insights/diagnosticSettings",
          "existenceCondition": {
            "allOf": [
              {
                "field": "Microsoft.Insights/diagnosticSettings/logs.enabled",
                "equals": "true"
              },
              {
                "field": "Microsoft.Insights/diagnosticSettings/metrics.enabled",
                "equals": "true"
              }
            ]
          }
        }
      }
    }
  }
}