{
  "properties": {
    "displayName": "VM Backup Status Audit",
    "type": "Microsoft.Authorization/policyDefinitions",
    "name": "vmback-status-audit",
    "policyType": "Custom",
    "Mode": "All",
    "description": "This policy checks and audits if virtual machines are not protected via Recovery Services.",
    "metadata": {
      "category": "Compute"
    },
    "parameters": {},
    "policyRule": {
      "if": {
        "field": "type",
        "equals": "Microsoft.Compute/virtualMachines"
      },
      "then": {
        "effect": "auditIfNotExists",
        "details": {
          "type": "Microsoft.RecoveryServices/backupprotecteditems",
          "existenceCondition": {
            "field": "name",
            "like": "*"
          }
        }
      }
    }
  }
}