{
  "properties": {
    "type": "Microsoft.Authorization/policyDefinitions",
    "displayName": "VMs - Deny Unmanaged Disks",
    "name": "unmanageddisks-deny",
    "policyType": "Custom",
    "Mode": "All",
    "description": "Ensures all Disks for Virtual Machines are managed",
    "metadata": {
      "category": "VirtualMachines"
    },
    "parameters": {},
    "policyRule": {
      "if": {
        "anyOf": [
          {
            "allOf": [
              {
                "field": "type",
                "equals": "Microsoft.Compute/virtualMachines"
              },
              {
                "field": "Microsoft.Compute/virtualMachines/osDisk.uri",
                "exists": true
              }
            ]
          },
          {
            "allOf": [
              {
                "field": "type",
                "equals": "Microsoft.Compute/VirtualMachineScaleSets"
              },
              {
                "anyOf": [
                  {
                    "field": "Microsoft.Compute/VirtualMachineScaleSets/osDisk.vhdContainers",
                    "exists": true
                  },
                  {
                    "field": "Microsoft.Compute/VirtualMachineScaleSets/osdisk.imageUrl",
                    "exists": true
                  }
                ]
              }
            ]
          }
        ]
      },
      "then": {
        "effect": "deny"
      }
    }
  }
}