{
  "properties": {
    "displayName": "VM - Backup - Deploy Backup for VMs",
    "type": "Microsoft.Authorization/policyDefinitions",
    "name": "vms-backup-deploy",
    "policyType": "Custom",
    "mode": "All",
    "description": "This policy checks and audits if virtual machines are not protected via Recovery Services.",
    "metadata": {
      "category": "Compute"
    },
    "parameters": {
      "existingRecoveryServicesVaultResourceGroup": {
        "type": "string",
        "metadata": {
          "strongType": "existingResourceGroups",
          "description": "Resource Group containing recovery services vault name where the VMs will be backed up to. "
        }
      },
      "existingRecoveryServicesVault": {
        "type": "string",
        "metadata": {
          "description": "Name of recovery services vault name where the VMs will be backed up to. "
        }
      },
      "existingBackupPolicy": {
        "type": "string",
        "defaultValue": "DefaultPolicy",
        "metadata": {
          "description": "Backup policy to be used to backup VMs. Backup Policy defines the schedule of the backup and how long to retain backup copies. By default every vault comes with a 'DefaultPolicy' which canbe used here."
        }
      }
    },
    "policyRule": {
      "if": {
        "field": "type",
        "equals": "Microsoft.Compute/virtualMachines"
      },
      "then": {
        "effect": "deployIfNotExists",
        "details": {
          "type": "Microsoft.RecoveryServices/backupprotecteditems",
          "roleDefinitionIds": [
            "/providers/Microsoft.Authorization/roleDefinitions/b24988ac-6180-42a0-ab88-20f7382dd24c"
          ],
          "existenceCondition": {
            "field": "name",
            "like": "*"
          },
          "deployment": {
            "properties": {
              "mode": "incremental",
              "template": {
                "$schema": "http://schema.management.azure.com/schemas/2015-01-01/deploymentTemplate.json#",
                "contentVersion": "1.0.0.0",
                "parameters": {
                  "existingRecoveryServicesVaultResourceGroup": {
                    "type": "string"
                  },
                  "existingRecoveryServicesVault": {
                    "type": "string"
                  },
                  "existingBackupPolicy": {
                    "type": "string"
                  },
                  "location": {
                    "type": "string"
                  },
                  "vmName": {
                    "type": "string"
                  },
                  "resourceGroupName": {
                    "type": "string"
                  }
                },
                "variables": {
                  "backupFabric": "Azure",
                  "v2VmType": "Microsoft.Compute/virtualMachines",
                  "v2VmContainer": "iaasvmcontainer;iaasvmcontainerv2;",
                  "v2Vm": "vm;iaasvmcontainerv2;"
                },
                "resources": [
                  {
                    "name": "[concat('setByPolicy',uniqueString(parameters('resourceGroupName'), parameters('vmName')))]",
                    "type": "Microsoft.Resources/deployments",
                    "apiVersion": "2018-05-01",
                    "resourceGroup": "[parameters('existingRecoveryServicesVaultResourceGroup')]",
                    "properties": {
                      "mode": "incremental",
                      "template": {
                        "$schema": "http://schema.management.azure.com/schemas/2015-01-01/deploymentTemplate.json#",
                        "contentVersion": "1.0.0.0",
                        "parameters": {
                          "existingRecoveryServicesVaultResourceGroup": {
                            "type": "string"
                          },
                          "existingRecoveryServicesVault": {
                            "type": "string"
                          },
                          "existingBackupPolicy": {
                            "type": "string"
                          },
                          "location": {
                            "type": "string"
                          },
                          "vmName": {
                            "type": "string"
                          },
                          "resourceGroupName": {
                            "type": "string"
                          }
                        },
                        "variables": {
                          "backupFabric": "Azure",
                          "v2VmType": "Microsoft.Compute/virtualMachines",
                          "v2VmContainer": "iaasvmcontainer;iaasvmcontainerv2;",
                          "v2Vm": "vm;iaasvmcontainerv2;"
                        },
                        "resources": [
                          {
                            "name": "[concat(parameters('existingRecoveryServicesVault'), '/', variables('backupFabric'), '/', concat(variables('v2VmContainer'),parameters('resourceGroupName'), ';' ,parameters('vmName')), '/', concat(variables('v2Vm'),parameters('resourceGroupName'), ';' ,parameters('vmName')))]",
                            "apiVersion": "2016-06-01",
                            "location": "[parameters('location')]",
                            "type": "Microsoft.RecoveryServices/vaults/backupFabrics/protectionContainers/protectedItems",
                            "properties": {
                              "protectedItemType": "[variables('v2VmType')]",
                              "policyId": "[resourceId(parameters('existingRecoveryServicesVaultResourceGroup'),'Microsoft.RecoveryServices/vaults/backupPolicies',parameters('existingRecoveryServicesVault'),parameters('existingBackupPolicy') )]",
                              "sourceResourceId": "[resourceID(parameters('resourceGroupName'),'Microsoft.Compute/virtualMachines',parameters('vmName'))]"
                            }
                          }
                        ]
                      },
                      "parameters": {
                        "existingRecoveryServicesVaultResourceGroup": {
                          "value": "[parameters('existingRecoveryServicesVaultResourceGroup')]"
                        },
                        "existingRecoveryServicesVault": {
                          "value": "[parameters('existingRecoveryServicesVault')]"
                        },
                        "existingBackupPolicy": {
                          "value": "[parameters('existingBackupPolicy')]"
                        },
                        "location": {
                          "value": "[parameters('location')]"
                        },
                        "vmName": {
                          "value": "[parameters('vmName')]"
                        },
                        "resourceGroupName": {
                          "value": "[parameters('resourceGroupName')]"
                        }
                      }
                    }
                  }
                ]
              },
              "parameters": {
                "existingRecoveryServicesVaultResourceGroup": {
                  "value": "[parameters('existingRecoveryServicesVaultResourceGroup')]"
                },
                "existingRecoveryServicesVault": {
                  "value": "[parameters('existingRecoveryServicesVault')]"
                },
                "existingBackupPolicy": {
                  "value": "[parameters('existingBackupPolicy')]"
                },
                "location": {
                  "value": "[field('location')]"
                },
                "vmName": {
                  "value": "[field('name')]"
                },
                "resourceGroupName": {
                  "value": "[resourcegroup().name]"
                }
              }
            }
          }
        }
      }
    }
  }
}