{
  "type": "Microsoft.Blueprint/blueprints",
  "properties": {
    "description": "NS Drivetrain Monitoring.",
    "targetScope": "subscription",
    "parameters": {
      "Environment": {
        "metadata": {
          "description": "Log Analytics instance: DEV, TEST, PROD or DIAG"
        },
        "type": "string",
        "allowedValues": [
          "DEV",
          "TEST",
          "PROD",
          "DIAG"
        ]
      },
      "actionGroupResourceId": {
        "type": "string",
        "metadata": {
          "description": "The resource id of the action group"
        }
      },
      "logAnalyticsWorkspaceId": {
        "type": "string",
        "metadata": {
          "description": "The resource id of the log analytics workspace"
        }
      },
      "WebhookUri": {
        "type": "string"
      },
      "enableSecurityCenter": {
        "type": "bool",
        "defaultValue": false
      },
      "pricing": {
        "type": "string",
        "defaultValue": "Standard",
        "allowedValues": [
          "Standard",
          "Free"
        ]
      },
      "resourceType": {
        "type": "array",
        "defaultValue": [
          "VirtualMachines",
          "SqlServers",
          "AppServices",
          "StorageAccounts",
          "SqlServerVirtualMachines",
          "KubernetesService",
          "ContainerRegistry",
          "KeyVaults"
        ]
      }
    },
    "resourceGroups": {
      "RG-Monitoring": { }
    }
  }
}