{
  "$schema": "https://schema.management.azure.com/schemas/2019-04-01/deploymentParameters.json#",
  "contentVersion": "1.0.0.0",
  "parameters": {
      "location": {
          "value": "uksouth"
      },
      "vnetResourceGroupName": {
          "value": "smoketest-spoked0ead04c"
      },
      "tags": {
          "value": {
              "environment": "spoke"
          }
      },
      "vnetName": {
          "value": "vnetsmoketest-spoked0ead04c"
      },
      "dnsForwarders": {
        "value": [
          "168.63.129.16"
        ]
      },
      "bastionName": {
          "value": "bastionspoked0ead04c"
      },
      "bastionNsgName": {
          "value": "bastionspoked0ead04c"
      },
      "bastionIpName": {
          "value": "bastionspoked0ead04c"
      },
      "routeTableName": {
          "value": "rtsmoketestspoked0ead04c"
      },
      "firewallInternalIp": {
        "value": "10.10.10.10"
      },
      "vnetIpSpace": {
          "value": "10.0.0.0/23"
      },
      "workloadSubnetName" : {
        "value": "workloadSubnet0ead04c"
      },
      "workloadIpSubnet": {
          "value": "10.0.0.0/24"
      },
      "workloadIpSubnetNsgName": {
          "value": "workloadnsgspoked0ead04c"
      },
      "bastionIpSubnet": {
          "value": "10.0.1.128/27"
      },
      "enableSecurityCenter": {
          "value": true
      },
      "ascResourceType": {
          "value": [
              "VirtualMachines",
              "SqlServers",
              "AppServices",
              "StorageAccounts",
              "SqlServerVirtualMachines",
              "KubernetesService",
              "ContainerRegistry",
              "KeyVaults"
          ]
      },
      "ascPricing": {
          "value": "Standard"
      },
      "ascLogAnalyticsWorkspaceId": {
          "value": ""
      },
      "hubVnetSubscriptionId": {
        "value": ""
      },
      "hubVnetName": {
        "value": ""
      },
      "hubVnetRgName": {
        "value": ""
      }
  }
}