{
  "$schema": "https://schema.management.azure.com/schemas/2019-08-01/managementGroupDeploymentTemplate.json#",
  "contentVersion": "1.0.0.0",
  "parameters": {
    "location": {
      "type": "string",
      "metadata": {
        "description": "The location to deploy resources to."
      }
    },
    "hubSubscriptionID": {
      "type": "string",
      "metadata": {
        "description": "The Subscription ID to deploy the Hub configuration to."
      }
    },
    "sharedServicesSubscriptionID": {
      "type": "string",
      "metadata": {
        "description": "The Subscription ID to deploy the Core / Shared Services configuration to."
      }
    },
    "spokeSubscriptionID": {
      "type": "string",
      "metadata": {
        "description": "The Subscription ID to deploy the first Spoke configuration to."
      }
    },
    "hubVnetResourceGroupName": {
      "type": "string",
      "metadata": {
        "description": "Name of the Hub Resource Group to create, and to create Azure Resources in."
      }
    },
    "dnsForwarders": {
      "type": "array",
      "metadata": {
        "description": "Values to be set as the default DNS servers for the virtual network to be created."
      },
      "defaultValue": [
      ]
    },
    "azureIpSpace": {
      "type": "string",
      "metadata": {
        "description": "The total Azure IP Address Space (CIDR Block) that needs to be reachable via the VPN Gateway."
      }
    },
    "enableSecurityCenter": {
      "type": "bool",
      "metadata": {
        "description": "Enable Azure Security Center : TRUE | FALSE"
      },
      "defaultValue": true
    },
    "ascResourceType": {
      "type": "array",
      "metadata": {
        "description": "Resource-Specific Security Center Instances: See GET https://management.azure.com/subscriptions/{subscription-id}/providers/Microsoft.Security/pricings/?api-version=2018-06-01"
      },
      "defaultValue": [
        "VirtualMachines",
        "SqlServers",
        "AppServices",
        "StorageAccounts",
        "SqlServerVirtualMachines",
        "KubernetesService",
        "ContainerRegistry",
        "KeyVaults"
      ]
    },
    "ascPricing": {
      "type": "string",
      "defaultValue": "Standard",
      "metadata": {
        "description": "Enable Azure Security Center Tier : Standard | Free."
      },
      "allowedValues": [
        "Standard",
        "Free"
      ]
    },
    "ascLogAnalyticsWorkspaceId": {
      "type": "string",
      "metadata": {
        "description": "Optional property to enable ASC <-> Log Analytics integration. Resource ID of workspace to enable ASC integration for this subscription"
      },
      "defaultValue": ""
    },
    "hubTags": {
      "type": "object",
      "metadata": {
        "description": "Object of tags to apply to hub resources to be created."
      },
      "defaultValue": {
        "environment": "hub"
      }
    },
    "hubVnetName": {
      "type": "string",
      "metadata": {
        "description": "Name of the hub virtual network to be created."
      }
    },
    "hubVpnGwName": {
      "type": "string",
      "metadata": {
        "description": "Name for the hub VPN Gateway to be created.."
      }
    },
    "hubVpnGwSku": {
      "type": "string",
      "metadata": {
        "description": "SKU for the hub VPN Gateway to be created."
      }
    },
    "hubVpnGwIpName": {
      "type": "string",
      "metadata": {
        "description": "Name for the hub VPN Gateway public ip to be created.."
      }
    },
    "hubFirewallName": {
      "type": "string",
      "metadata": {
        "description": "Name for the hub Azure Firewall to be created."
      }
    },
    "hubFirewallIpName": {
      "type": "string",
      "metadata": {
        "description": "Name for the hub Azure Firewall Public IP to be created."
      }
    },
    "hubBastionName": {
      "type": "string",
      "metadata": {
        "description": "Name for the Azure Bastion resource"
      }
    },
    "hubBastionNsgName": {
      "type": "string",
      "metadata": {
        "description": "Name for the Azure Bastion NSG"
      }
    },
    "hubBastionIpName": {
      "type": "string",
      "metadata": {
        "description": "Name for the hub Azure Bastion Public IP to be created."
      }
    },
    "hubRouteTableName": {
      "type": "string",
      "metadata": {
        "description": "Name for the hub Azure Route Table to be created."
      }
    },
    "hubVnetIpSpace": {
      "type": "string",
      "metadata": {
        "description": "The IP Address Space (CIDR Block) for the Hub virtual network to be created."
      }
    },
    "hubWorkloadSubnetName": {
      "type": "string",
      "metadata": {
        "description": "Name for the Hub Workload Subnet to be created."
      }
    },
    "hubWorkloadIpSubnet": {
      "type": "string",
      "metadata": {
        "description": "IP Address Space (CIDR Block) for the Hub Workload Subnet to be created."
      }
    },
    "hubWorkloadIpSubnetNsgName": {
      "type": "string",
      "metadata": {
        "description": "Name for the Network Security Group to be attached to the Hub Workload Subnet to be created."
      }
    },
    "hubBastionIpSubnet": {
      "type": "string",
      "metadata": {
        "description": "IP Address Space (CIDR Block) for the Hub Azure Bastion Subnet to be created."
      }
    },
    "hubGatewayIpSubnet": {
      "type": "string",
      "metadata": {
        "description": "IP Address Space (CIDR Block) for the Hub Gateway Subnet to be created."
      }
    },
    "hubApplicationGatewayIpSubnet": {
      "type": "string",
      "metadata": {
        "description": "IP Address Space (CIDR Block) for the Hub Application Gateway Subnet to be created."
      }
    },
    "hubFirewallIpSubnet": {
      "type": "string",
      "metadata": {
        "description": "IP Address Space (CIDR Block) for the Hub Firewall Subnet to be created."
      }
    },
    "hubFirewallAvailabilityZones": {
      "type": "array",
      "metadata": {
        "description": "Array of availability zones for the Hub Azure Firewall to be deployed in."
      },
      "defaultValue": [
        "1"
      ]
    },
    "hubApplicationGatewaySubnetName": {
      "type": "string",
      "metadata": {
        "description": "Name for the Application Gateway subnet to be created."
      }
    },
    "hubApplicationGatewayRouteTableName": {
      "type": "string",
      "metadata": {
        "description": "Name for the application gateway subnet Azure Route Table to be created."
      }
    },
    "hubApplicationGatewaySubnetNsgName": {
      "type": "string",
      "metadata": {
        "description": "Name for the application gateway subnet Network Security Group to be created."
      }
    },
    "hubApplicationGatewayName": {
      "type": "string",
      "defaultValue": "",
      "metadata": {
        "description": "Name for the Application Gateway to be created. If this parameter is not supplied, none will be created."
      }
    },
    "hubApplicationGatewayPublicIpName": {
      "type": "string",
      "defaultValue": "",
      "metadata": {
        "description": "Name for the Application Gateway Public IP to be created. Can be left blank if hubApplicationGatewayName parameter is not supplied."
      }
    },
    "hubApplicationGatewayInstanceCount": {
      "type": "int",
      "defaultValue": 2,
      "metadata": {
        "description": "Number of instances to be created for the Application Gateway that is to be created. Can be left null if hubApplicationGatewayName parameter is not supplied."
      }
    },
    "sharedServicesVnetResourceGroupName": {
      "type": "string",
      "metadata": {
        "description": "Name of the Shared Services Resource Group to create, and to create Azure Resources in."
      }
    },
    "sharedServicesTags": {
      "type": "object",
      "metadata": {
        "description": "Object of tags to apply to Shared Services resources to be created."
      },
      "defaultValue": {
        "environment": "core"
      }
    },
    "sharedServicesVnetName": {
      "type": "string",
      "metadata": {
        "description": "Name of the Shared Services virtual network to be created."
      }
    },
    "sharedServicesBastionName": {
      "type": "string",
      "metadata": {
        "description": "Name for the Azure Bastion resource"
      }
    },
    "sharedServicesBastionNsgName": {
      "type": "string",
      "metadata": {
        "description": "Name for the Azure Bastion NSG"
      }
    },
    "sharedServicesBastionIpName": {
      "type": "string",
      "metadata": {
        "description": "Name for the Shared Services Azure Bastion Public IP to be created."
      }
    },
    "sharedServicesRouteTableName": {
      "type": "string",
      "metadata": {
        "description": "Name for the Shared Services Azure Route Table to be created."
      }
    },
    "sharedServicesVnetIpSpace": {
      "type": "string",
      "metadata": {
        "description": "The IP Address Space (CIDR Block) for the Shared Services virtual network to be created."
      }
    },
    "sharedServicesWorkloadSubnetName": {
      "type": "string",
      "metadata": {
        "description": "Name for the Shared ServicesWorkload Subnet to be created."
      }
    },
    "sharedServicesWorkloadIpSubnet": {
      "type": "string",
      "metadata": {
        "description": "IP Address Space (CIDR Block) for the Shared Services Workload Subnet to be created."
      }
    },
    "sharedServicesWorkloadIpSubnetNsgName": {
      "type": "string",
      "metadata": {
        "description": "Name for the Network Security Group to be attached to the Shared Services Workload Subnet to be created."
      }
    },
    "sharedServicesBastionIpSubnet": {
      "type": "string",
      "metadata": {
        "description": "IP Address Space (CIDR Block) for the Shared Services Azure Bastion Subnet to be created."
      }
    },
    "sharedServicesAvailabilitySetName": {
      "type": "string",
      "metadata": {
        "description": "Name for the availability set to create that Shared Services VMs will be deployed into."
      }
    },
    "sharedServicesAvailabilitySetPlatformFaultDomainCount": {
      "type": "string",
      "metadata": {
        "description": "Number of Fault Domains for the availability set to create that Shared Services VMs will be deployed into."
      }
    },
    "sharedServicesAvailabilitySetPlatformUpdateDomainCount": {
      "type": "string",
      "metadata": {
        "description": "Disk Type for the Shared Services VMs that will be deployed"
      }
    },
    "sharedServicesVmAdminUsername": {
      "type": "string",
      "metadata": {
        "description": "Name for the default administrator account of Shared Services VMs that will be deployed. "
      }
    },
    "sharedServicesVmAdminPassword": {
      "type": "securestring",
      "metadata": {
        "description": "Password for the default administrator account of Shared Services VMs that will be deployed."
      }
    },
    "sharedServicesVmNames": {
      "type": "array",
      "metadata": {
        "description": "Array of names for the Shared Services VMs that will be deployed."
      },
      "defaultValue": [
        "dc1",
        "dc2"
      ]
    },
    "sharedServicesVmIpAddresses": {
      "type": "array",
      "metadata": {
        "description": "Array of IP Addresses for the Shared Services VMs that will be deployed."
      },
      "defaultValue": [
        "10.10.10.10",
        "10.10.10.11"
      ]
    },
    "sharedServicesVmSize": {
      "type": "string",
      "metadata": {
        "description": "Size for the Shared Services VMs that will be deployed"
      }
    },
    "sharedServicesVmDiskType": {
      "type": "string",
      "metadata": {
        "description": "Disk Type for the Shared Services VMs that will be deployed"
      }
    },
    "sharedServicesVmDataDiskSize": {
      "type": "string",
      "metadata": {
        "description": "Data disk size for the Shared Services VMs that will be deployed"
      }
    },
    "spokeVnetResourceGroupName": {
      "type": "string",
      "metadata": {
        "description": "Name of the Spoke Resource Group to create, and to create Azure Resources in."
      }
    },
    "spokeTags": {
      "type": "object",
      "metadata": {
        "description": "Object of tags to apply to Spoke resources to be created."
      },
      "defaultValue": {
        "environment": "core"
      }
    },
    "spokeVnetName": {
      "type": "string",
      "metadata": {
        "description": "Name of the Spoke virtual network to be created."
      }
    },
    "spokeBastionName": {
      "type": "string",
      "metadata": {
        "description": "Name for the Azure Bastion resource"
      }
    },
    "spokeBastionNsgName": {
      "type": "string",
      "metadata": {
        "description": "Name for the Azure Bastion NSG"
      }
    },
    "spokeBastionIpName": {
      "type": "string",
      "metadata": {
        "description": "Name for the Spoke Azure Bastion Public IP to be created."
      }
    },
    "spokeRouteTableName": {
      "type": "string",
      "metadata": {
        "description": "Name for the Spoke Azure Route Table to be created."
      }
    },
    "spokeVnetIpSpace": {
      "type": "string",
      "metadata": {
        "description": "The IP Address Space (CIDR Block) for the Spoke virtual network to be created."
      }
    },
    "spokeWorkloadSubnetName": {
      "type": "string",
      "metadata": {
        "description": "Name for the SpokeWorkload Subnet to be created."
      }
    },
    "spokeWorkloadIpSubnet": {
      "type": "string",
      "metadata": {
        "description": "IP Address Space (CIDR Block) for the Spoke Workload Subnet to be created."
      }
    },
    "spokeWorkloadIpSubnetNsgName": {
      "type": "string",
      "metadata": {
        "description": "Name for the Network Security Group to be attached to the Spoke Workload Subnet to be created."
      }
    },
    "spokeBastionIpSubnet": {
      "type": "string",
      "metadata": {
        "description": "IP Address Space (CIDR Block) for the Spoke Azure Bastion Subnet to be created."
      }
    }
  },
  "variables": {
    "SAStoken": "[concat('?',split(deployment().properties.templateLink.uri,'?')[1])]",
    "deploymentUniqueString": "[uniquestring(deployment().properties.templateLink.uri)]"
  },
  "resources": [
    {
      "type": "Microsoft.Resources/deployments",
      "apiVersion": "2019-10-01",
      "name": "[concat('hub','-', variables('deploymentUniqueString'))]",
      "subscriptionId": "[parameters('hubSubscriptionID')]",
      "location": "[parameters('location')]",
      "dependsOn": [
      ],
      "properties": {
        "mode": "Incremental",
        "templateLink": {
          "uri": "[concat(uri(deployment().properties.templateLink.uri,'hub.json'), variables('SAStoken'))]"
        },
        "parameters": {
          "location": {
            "value": "[parameters('location')]"
          },
          "azureIpSpace": {
            "value": "[parameters('azureIpSpace')]"
          },
          "vnetResourceGroupName": {
            "value": "[parameters('hubVnetResourceGroupName')]"
          },
          "tags": {
            "value": "[parameters('hubTags')]"
          },
          "vnetName": {
            "value": "[parameters('hubVnetName')]"
          },
          "dnsForwarders": {
            "value": "[parameters('dnsForwarders')]"
          },
          "vpnGwName": {
            "value": "[parameters('hubVpnGwName')]"
          },
          "vpnGwSku": {
            "value": "[parameters('hubVpnGwSku')]"
          },
          "vpnGwIpName": {
            "value": "[parameters('hubVpnGwIpName')]"
          },
          "firewallName": {
            "value": "[parameters('hubFirewallName')]"
          },
          "firewallIpName": {
            "value": "[parameters('hubFirewallIpName')]"
          },
          "bastionName": {
            "value": "[parameters('hubBastionName')]"
          },
          "bastionNsgName": {
            "value": "[parameters('hubBastionNsgName')]"
          },
          "bastionIpName": {
            "value": "[parameters('hubBastionIpName')]"
          },
          "routeTableName": {
            "value": "[parameters('hubRouteTableName')]"
          },
          "vnetIpSpace": {
            "value": "[parameters('hubVnetIpSpace')]"
          },
          "workloadSubnetName": {
            "value": "[parameters('hubWorkloadSubnetName')]"
          },
          "workloadIpSubnet": {
            "value": "[parameters('hubWorkloadIpSubnet')]"
          },
          "workloadIpSubnetNsgName": {
            "value": "[parameters('hubWorkloadIpSubnetNsgName')]"
          },
          "bastionIpSubnet": {
            "value": "[parameters('hubBastionIpSubnet')]"
          },
          "gatewayIpSubnet": {
            "value": "[parameters('hubGatewayIpSubnet')]"
          },
          "firewallIpSubnet": {
            "value": "[parameters('hubFirewallIpSubnet')]"
          },
          "FirewallAvailabilityZones": {
            "value": "[parameters('hubFirewallAvailabilityZones')]"
          },
          "enableSecurityCenter": {
            "value": "[parameters('enableSecurityCenter')]"
          },
          "ascResourceType": {
            "value": "[parameters('ascResourceType')]"
          },
          "ascPricing": {
            "value": "[parameters('ascPricing')]"
          },
          "ascLogAnalyticsWorkspaceId": {
            "value": "[parameters('ascLogAnalyticsWorkspaceId')]"
          },
          "applicationGatewayIpSubnet": {
            "value": "[parameters('hubApplicationGatewayIpSubnet')]"
          },
          "applicationGatewaySubnetName": {
            "value": "[parameters('hubApplicationGatewaySubnetName')]"
          },
          "applicationGatewaySubnetNsgName": {
            "value": "[parameters('hubApplicationGatewaySubnetNsgName')]"
          },
          "applicationGatewayRouteTableName": {
            "value": "[parameters('hubApplicationGatewayRouteTableName')]"
          },
          "applicationGatewayName": {
            "value": "[parameters('hubApplicationGatewayName')]"
          },
          "applicationGatewayPublicIpName": {
            "value": "[parameters('hubApplicationGatewayPublicIpName')]"
          },
          "applicationGatewayInstanceCount": {
            "value": "[parameters('hubApplicationGatewayInstanceCount')]"
          }
        }
      }
    },
    {
      "type": "Microsoft.Resources/deployments",
      "apiVersion": "2019-10-01",
      "name": "[concat('core','-',variables('deploymentUniqueString'))]",
      "subscriptionId": "[parameters('sharedServicesSubscriptionID')]",
      "location": "[parameters('location')]",
      "dependsOn": [
        "[concat('hub','-',variables('deploymentUniqueString'))]"
      ],
      "properties": {
        "mode": "Incremental",
        "templateLink": {
          "uri": "[concat(uri(deployment().properties.templateLink.uri,'core.json'), variables('SAStoken'))]"
        },
        "parameters": {
          "location": {
            "value": "[parameters('location')]"
          },
          "vnetResourceGroupName": {
            "value": "[parameters('sharedServicesVnetResourceGroupName')]"
          },
          "tags": {
            "value": "[parameters('sharedServicesTags')]"
          },
          "vnetName": {
            "value": "[parameters('sharedServicesVnetName')]"
          },
          "dnsForwarders": {
            "value": "[parameters('dnsForwarders')]"
          },
          "bastionName": {
            "value": "[parameters('sharedServicesBastionName')]"
          },
          "bastionNsgName": {
            "value": "[parameters('sharedServicesBastionNsgName')]"
          },
          "bastionIpName": {
            "value": "[parameters('sharedServicesBastionIpName')]"
          },
          "routeTableName": {
            "value": "[parameters('sharedServicesRouteTableName')]"
          },
          "firewallInternalIp": {
            "value": "[reference(concat('hub','-',variables('deploymentUniqueString'))).outputs.firewallInternalIp.value]"
          },
          "vnetIpSpace": {
            "value": "[parameters('sharedServicesVnetIpSpace')]"
          },
          "workloadSubnetName": {
            "value": "[parameters('sharedServicesWorkloadSubnetName')]"
          },
          "workloadIpSubnet": {
            "value": "[parameters('sharedServicesWorkloadIpSubnet')]"
          },
          "workloadIpSubnetNsgName": {
            "value": "[parameters('sharedServicesWorkloadIpSubnetNsgName')]"
          },
          "bastionIpSubnet": {
            "value": "[parameters('sharedServicesBastionIpSubnet')]"
          },
          "enableSecurityCenter": {
            "value": "[parameters('enableSecurityCenter')]"
          },
          "ascResourceType": {
            "value": "[parameters('ascResourceType')]"
          },
          "ascPricing": {
            "value": "[parameters('ascPricing')]"
          },
          "ascLogAnalyticsWorkspaceId": {
            "value": "[parameters('ascLogAnalyticsWorkspaceId')]"
          },
          "sharedServicesAvailabilitySetName": {
            "value": "[parameters('sharedServicesAvailabilitySetName')]"
          },
          "sharedServicesAvailabilitySetPlatformFaultDomainCount": {
            "value": "[parameters('sharedServicesAvailabilitySetPlatformFaultDomainCount')]"
          },
          "sharedServicesAvailabilitySetPlatformUpdateDomainCount": {
            "value": "[parameters('sharedServicesAvailabilitySetPlatformUpdateDomainCount')]"
          },
          "sharedServicesVmAdminUsername": {
            "value": "[parameters('sharedServicesVmAdminUsername')]"
          },
          "sharedServicesVmAdminPassword": {
            "value": "[parameters('sharedServicesVmAdminPassword')]"
          },
          "sharedServicesVmNames": {
            "value": "[parameters('sharedServicesVmNames')]"
          },
          "sharedServicesVmIpAddresses": {
            "value": "[parameters('sharedServicesVmIpAddresses')]"
          },
          "sharedServicesVmSize": {
            "value": "[parameters('sharedServicesVmSize')]"
          },
          "sharedServicesVmDiskType": {
            "value": "[parameters('sharedServicesVmDiskType')]"
          },
          "sharedServicesVmDataDiskSize": {
            "value": "[parameters('sharedServicesVmDataDiskSize')]"
          },
          "hubVnetSubscriptionId": {
            "value": "[parameters('hubSubscriptionID')]"
          },
          "hubVnetName": {
            "value": "[parameters('hubVnetName')]"
          },
          "hubVnetRgName": {
            "value": "[parameters('hubVnetResourceGroupName')]"
          }
        }
      }
    },
    {
      "type": "Microsoft.Resources/deployments",
      "apiVersion": "2019-10-01",
      "name": "[concat('spoke','-',variables('deploymentUniqueString'))]",
      "subscriptionId": "[parameters('spokeSubscriptionID')]",
      "location": "[parameters('location')]",
      "dependsOn": [
        "[concat('hub','-',variables('deploymentUniqueString'))]"
      ],
      "properties": {
        "mode": "Incremental",
        "templateLink": {
          "uri": "[concat(uri(deployment().properties.templateLink.uri,'spoke.json'), variables('SAStoken'))]"
        },
        "parameters": {
          "location": {
            "value": "[parameters('location')]"
          },
          "vnetResourceGroupName": {
            "value": "[parameters('spokeVnetResourceGroupName')]"
          },
          "tags": {
            "value": "[parameters('spokeTags')]"
          },
          "vnetName": {
            "value": "[parameters('spokeVnetName')]"
          },
          "dnsForwarders": {
            "value": "[parameters('dnsForwarders')]"
          },
          "bastionName": {
            "value": "[parameters('spokeBastionName')]"
          },
          "bastionNsgName": {
            "value": "[parameters('spokeBastionNsgName')]"
          },
          "bastionIpName": {
            "value": "[parameters('spokeBastionIpName')]"
          },
          "routeTableName": {
            "value": "[parameters('spokeRouteTableName')]"
          },
          "firewallInternalIp": {
            "value": "[reference(concat('hub','-',variables('deploymentUniqueString'))).outputs.firewallInternalIp.value]"
          },
          "vnetIpSpace": {
            "value": "[parameters('spokeVnetIpSpace')]"
          },
          "workloadSubnetName": {
            "value": "[parameters('spokeWorkloadSubnetName')]"
          },
          "workloadIpSubnet": {
            "value": "[parameters('spokeWorkloadIpSubnet')]"
          },
          "workloadIpSubnetNsgName": {
            "value": "[parameters('spokeWorkloadIpSubnetNsgName')]"
          },
          "bastionIpSubnet": {
            "value": "[parameters('spokeBastionIpSubnet')]"
          },
          "enableSecurityCenter": {
            "value": "[parameters('enableSecurityCenter')]"
          },
          "ascResourceType": {
            "value": "[parameters('ascResourceType')]"
          },
          "ascPricing": {
            "value": "[parameters('ascPricing')]"
          },
          "ascLogAnalyticsWorkspaceId": {
            "value": "[parameters('ascLogAnalyticsWorkspaceId')]"
          },
          "hubVnetSubscriptionId": {
            "value": "[parameters('hubSubscriptionID')]"
          },
          "hubVnetName": {
            "value": "[parameters('hubVnetName')]"
          },
          "hubVnetRgName": {
            "value": "[parameters('hubVnetResourceGroupName')]"
          }
        }
      }
    }
  ]
}
