{
  "$schema": "https://schema.management.azure.com/schemas/2019-04-01/deploymentParameters.json#",
  "contentVersion": "1.0.0.0",
  "parameters": {
    "location": {
      "value": "westeurope"
    },
    "hubSubscriptionID": {
      "value": "4546bda8-59f8-4f50-8a28-5fedf19ca93d"
    },
    "sharedServicesSubscriptionID": {
      "value": "079b558e-9348-4e85-9d69-768372b414bb"
    },
    "spokeSubscriptionID": {
      "value": "b05df282-99f8-44d9-99f2-fc4eefe5bd9b"
    },
    "hubVnetResourceGroupName": {
      "value": "hubRg0fc8fafb"
    },
    "dnsForwarders": {
      "value": [
        "168.63.129.16"
      ]
    },
    "azureIpSpace": {
      "value": "10.0.0.0/8"
    },
    "hubVnetIpSpace": {
      "value": "10.0.0.0/23"
    },
    "hubWorkloadIpSubnet": {
      "value": "10.0.0.0/24"
    },
    "hubFirewallIpSubnet": {
      "value": "10.0.1.128/26"
    },
    "hubBastionIpSubnet": {
      "value": "10.0.1.192/27"
    },
    "hubGatewayIpSubnet": {
      "value": "10.0.1.224/27"
    },
    "hubApplicationGatewayIpSubnet": {
      "value": "10.0.1.64/26"
    },
    "sharedServicesVnetIpSpace": {
      "value": "10.0.2.0/23"
    },
    "sharedServicesWorkloadIpSubnet": {
      "value": "10.0.2.0/24"
    },
    "sharedServicesVmIpAddresses": {
      "value": [
        "10.0.2.11",
        "10.0.2.12"
      ]
    },
    "sharedServicesBastionIpSubnet": {
      "value": "10.0.3.224/27"
    },
    "spokeVnetIpSpace": {
      "value": "10.0.4.0/23"
    },
    "spokeWorkloadIpSubnet": {
      "value": "10.0.4.0/24"
    },
    "spokeBastionIpSubnet": {
      "value": "10.0.5.224/27"
    },
    "enableSecurityCenter": {
      "value": true
    },
    "ascResourceType": {
      "value": [
        "VirtualMachines",
        "SqlServers",
        "AppServices",
        "StorageAccounts",
        "SqlServerVirtualMachines",
        "KubernetesService",
        "ContainerRegistry",
        "KeyVaults"
      ]
    },
    "ascPricing": {
      "value": "Standard"
    },
    "ascLogAnalyticsWorkspaceId": {
      "value": ""
    },
    "hubTags": {
      "value": {
        "environment": "hub"
      }
    },
    "hubVnetName": {
      "value": "hubVnet0fc8fafb"
    },
    "hubVpnGwName": {
      "value": "hubVpnGw0fc8fafb"
    },
    "hubVpnGwSku": {
      "value": "Standard"
    },
    "hubVpnGwIpName": {
      "value": "hubVpnGwIp0fc8fafb"
    },
    "hubFirewallName": {
      "value": "hubfirewall0fc8fafb"
    },
    "hubFirewallIpName": {
      "value": "hubfirewallpip0fc8fafb"
    },
    "hubBastionName": {
      "value": "hubbastion0fc8fafb"
    },
    "hubBastionNsgName": {
      "value": "hubbastion0fc8fafb"
    },
    "hubBastionIpName": {
      "value": "hubbastion0fc8fafb"
    },
    "hubRouteTableName": {
      "value": "hubroutes0fc8fafb"
    },
    "hubWorkloadSubnetName": {
      "value": "hubWorkload0fc8fafb"
    },
    "hubWorkloadIpSubnetNsgName": {
      "value": "hubWorkload0fc8fafb"
    },
    "hubApplicationGatewaySubnetName": {
      "value": "hubAppGw0fc8fafb"
    },
    "hubApplicationGatewaySubnetNsgName": {
      "value": "hubAppGw0fc8fafb"
    },
    "hubApplicationGatewayRouteTableName": {
      "value": "hubAppGw0fc8fafb"
    },
    "hubApplicationGatewayName": {
      "value": "hubAppGw0fc8fafb"
    },
    "hubApplicationGatewayPublicIpName": {
      "value": "hubAppGw0fc8fafb-pip"
    },
    "hubApplicationGatewayInstanceCount": {
      "value": 2
    },
    "sharedServicesVmNames": {
      "value": [
        "dc1",
        "dc2"
      ]
    },
    "hubFirewallAvailabilityZones": {
      "value": [
        "1"
      ]
    },
    "sharedServicesVnetResourceGroupName": {
      "value": "sharedServicesRg0fc8fafb"
    },
    "sharedServicesTags": {
      "value": {
        "environment": "core"
      }
    },
    "sharedServicesVnetName": {
      "value": "sharedServices0fc8fafb"
    },
    "sharedServicesBastionName": {
      "value": "sharedServices0fc8fafb"
    },
    "sharedServicesBastionNsgName": {
      "value": "sharedServices0fc8fafb"
    },
    "sharedServicesBastionIpName": {
      "value": "sharedServices0fc8fafb"
    },
    "sharedServicesRouteTableName": {
      "value": "sharedServicesRouteTable0fc8fafb"
    },
    "sharedServicesWorkloadSubnetName": {
      "value": "sharedServicesWorkload0fc8fafb"
    },
    "sharedServicesWorkloadIpSubnetNsgName": {
      "value": "sharedServicesWorkload0fc8fafb"
    },
    "sharedServicesAvailabilitySetName": {
      "value": "avsSharedServices0fc8fafb"
    },
    "sharedServicesAvailabilitySetPlatformFaultDomainCount": {
      "value": "2"
    },
    "sharedServicesAvailabilitySetPlatformUpdateDomainCount": {
      "value": "2"
    },
    "sharedServicesVmAdminUsername": {
      "value": "breakglass"
    },
    "sharedServicesVmAdminPassword": {
      "value": "il0v3ch33se!"
    },
    "sharedServicesVmSize": {
      "value": "Standard_D2_v3"
    },
    "sharedServicesVmDiskType": {
      "value": "Standard_LRS"
    },
    "sharedServicesVmDataDiskSize": {
      "value": "100"
    },
    "spokeVnetResourceGroupName": {
      "value": "spokeRg0fc8fafb"
    },
    "spokeTags": {
      "value": {
        "environment": "spoke"
      }
    },
    "spokeVnetName": {
      "value": "spoke0fc8fafb"
    },
    "spokeBastionName": {
      "value": "spoke0fc8fafb"
    },
    "spokeBastionNsgName": {
      "value": "spoke0fc8fafb"
    },
    "spokeBastionIpName": {
      "value": "spoke0fc8fafb"
    },
    "spokeRouteTableName": {
      "value": "spokeRouteTable0fc8fafb"
    },
    "spokeWorkloadSubnetName": {
      "value": "spokeWorkload0fc8fafb"
    },
    "spokeWorkloadIpSubnetNsgName": {
      "value": "spokeWorkload0fc8fafb"
    }
  }
}