{
  "$schema": "https://schema.management.azure.com/schemas/2015-01-01/deploymentTemplate.json#",
  "contentVersion": "1.0.0.0",
  "parameters": {
    "aasName": {
      "type": "string",
      "metadata": {
        "description": "Name of the Analysis Services Server. Must be globally unique."
      }
    },
    "sku": {
      "type": "object",
      "defaultValue": {
        "name": "B1",
        "tier": "Basic",
        "capacity": 1
      }
    }
  },
  "variables": {},
  "resources": [
    {
      "type": "Microsoft.AnalysisServices/servers",
      "apiVersion": "2017-08-01",
      "name": "[parameters('aasName')]",
      "location": "[resourceGroup().location]",
      "sku": "[parameters('sku')]",
      "properties": {
        "managedMode": 1,
        "querypoolConnectionMode": "All",
        "serverMonitorMode": 1
      }
    }
  ]
}
