{
  "$schema": "https://schema.management.azure.com/schemas/2015-01-01/deploymentTemplate.json#",
  "contentVersion": "2.0.0.0",
  "parameters": {
    "accountName": {
      "type": "string"
    },
    "sku": {
      "type": "string",
      "defaultValue": "Basic"
    }
  },
  "resources": [
    {
      "type": "Microsoft.Automation/automationAccounts",
      "apiVersion": "2015-10-31",
      "name": "[parameters('accountName')]",
      "location": "[resourceGroup().location]",
      "dependsOn": [],
      "tags": {},
      "properties": {
        "sku": {
          "name": "[parameters('sku')]"
        }
      }
    }
  ]
}
