{
  "$schema": "https://schema.management.azure.com/schemas/2015-01-01/deploymentTemplate.json#",
  "contentVersion": "1.0.0.0",
  "parameters": {
    "adAvailabilitySetName": {
      "type": "string",
      "metadata": {
        "description": "The name of Availability Set"
      }
    }
  },
  "variables": {
  },
  "resources": [
    {
      "apiVersion": "2017-03-30",
      "type": "Microsoft.Compute/availabilitySets",
      "location": "[resourceGroup().location]",
      "name": "[parameters('adAvailabilitySetName')]",
      "properties": {
        "PlatformUpdateDomainCount": 20,
        "PlatformFaultDomainCount": 2
      },
      "sku": {
        "name": "Aligned"
      }
    }
  ]
}