{
  "$schema": "https://schema.management.azure.com/schemas/2015-01-01/deploymentTemplate.json#",
  "contentVersion": "1.0.0.0",
  "parameters": {
    "registries_name": {
      "defaultValue": "drivetrain",
      "type": "string"
    },
    "sku": {
      "type": "object",
      "defaultValue": {
        "name": "Basic",
        "tier": "Basic"
      }
    }
  },
  "variables": {},
  "resources": [
    {
      "type": "Microsoft.ContainerRegistry/registries",
      "apiVersion": "2017-10-01",
      "name": "[parameters('registries_name')]",
      "location": "[resourceGroup().location]",
      "sku": "[parameters('sku')]",
      "properties": {
        "adminUserEnabled": false
      }
    }
  ]
}