{
  "$schema": "http://schema.management.azure.com/schemas/2015-01-01/deploymentTemplate.json#",
  "contentVersion": "1.0.0.0",
  "parameters": {
    "batchAccountName": {
      "type": "string"
    }
  },
  "variables": {},
  "resources": [
    {
      "type": "Microsoft.Batch/batchAccounts",
      "apiVersion": "2019-04-01",
      "name": "[parameters('batchAccountName')]",
      "location": "[resourceGroup().location]",
      "dependsOn": [],
      "tags": {},
      "properties": {
        "poolAllocationMode": "BatchService"
      }
    }
  ]
}
