{
  "$schema": "https://schema.management.azure.com/schemas/2015-01-01/deploymentTemplate.json#",
  "contentVersion": "1.0.0.0",
  "parameters": {
    "containerName": {
      "type": "string"
    },
    "imageName": {
      "type": "string"
    },
    "osType": {
      "allowedValues": [
        "Linux",
        "Windows"
      ],
      "type": "string"
    },
    "numberCpuCores": {
      "type": "string"
    },
    "memory": {
      "type": "string"
    },
    "restartPolicy": {
      "allowedValues": [
        "OnFailure",
        "Always",
        "Never"
      ],
      "type": "string"
    },
    "ipAddressType": {
      "type": "string"
    },
    "ports": {
      "type": "array"
    },
    "dnsNameLabel": {
      "type": "string"
    }
  },
  "resources": [
    {
      "type": "Microsoft.ContainerInstance/containerGroups",
      "apiVersion": "2018-10-01",
      "name": "[parameters('containerName')]",
      "location": "[resourceGroup().location]",
      "tags": {},
      "properties": {
        "containers": [
          {
            "name": "[parameters('containerName')]",
            "properties": {
              "image": "[parameters('imageName')]",
              "resources": {
                "requests": {
                  "cpu": "[int(parameters('numberCpuCores'))]",
                  "memoryInGB": "[float(parameters('memory'))]"
                }
              },
              "ports": "[parameters('ports')]"
            }
          }
        ],
        "restartPolicy": "[parameters('restartPolicy')]",
        "osType": "[parameters('osType')]",
        "ipAddress": {
          "type": "[parameters('ipAddressType')]",
          "ports": "[parameters('ports')]",
          "dnsNameLabel": "[parameters('dnsNameLabel')]"
        }
      }
    }
  ]
}