{
  "$schema": "https://schema.management.azure.com/schemas/2015-01-01/deploymentTemplate.json#",
  "contentVersion": "1.0.0.0",
  "parameters": {
    "profileName": {
      "type": "string"
    },
    "endpointName": {
      "type": "string"
    },
    "sku": {
      "type": "object"
    },
    "profileProperties": {
      "type": "object"
    },
    "endpointProperties": {
      "type": "object"
    }
  },
  "resources": [
    {
      "apiVersion": "2019-04-15",
      "name": "[parameters('profileName')]",
      "location": "[resourceGroup().location]",
      "sku": "[parameters('sku')]",
      "properties": "[parameters('profileProperties')]",
      "type": "microsoft.cdn/profiles"
    },
    {
      "apiVersion": "2019-04-15",
      "dependsOn": [
        "[concat('Microsoft.Cdn/profiles/', parameters('profileName'))]"
      ],
      "name": "[concat(parameters('profileName'),'/',parameters('endpointName'))]",
      "location": "[resourceGroup().location]",
      "properties": "[parameters('endpointProperties')]",
      "type": "microsoft.cdn/profiles/endpoints"
    }
  ]
}