{
  "$schema": "https://schema.management.azure.com/schemas/2015-01-01/deploymentTemplate.json#",
  "contentVersion": "1.0.0.0",
  "parameters": {
    "accounts_cognitiveservice_name": {
      "defaultValue": "defaultcognitiveservice",
      "type": "string"
    },
    "sku": {
      "type": "string",
      "defaultValue": "S0"
    }
  },
  "variables": {},
  "resources": [
    {
      "type": "Microsoft.CognitiveServices/accounts",
      "apiVersion": "2016-02-01-preview",
      "name": "[parameters('accounts_cognitiveservice_name')]",
      "location": "[resourceGroup().location]",
      "sku": "[parameters('sku')]",
      "kind": "CognitiveServices",
      "properties": {}
    }
  ]
}