{
  "$schema": "https://schema.management.azure.com/schemas/2015-01-01/deploymentTemplate.json#",
  "contentVersion": "1.0.0.0",
  "parameters": {
    "adBDCVMName": {
      "type": "string"
    },
    "adminUsername": {
      "type": "string"
    },
    "adminPassword": {
      "type": "securestring"
    },
    "domainName": {
      "type": "string"
    },
    "adBDCConfigurationFunction": {
      "type": "string"
    },
    "adBDCConfigurationModulesURL": {
      "type": "string"
    }
  },
  "variables": {
    "SAStoken" : "[concat('?',split(deployment().properties.templateLink.uri,'?')[1])]",
    "adBDCConfigurationModulesURL": "[concat(uri(deployment().properties.templateLink.uri, parameters('adBDCConfigurationModulesURL')), variables('SAStoken'))]"
  },
  "resources": [
    {
      "type": "Microsoft.Compute/virtualMachines/extensions",
      "name": "[concat(parameters('adBDCVMName'),'/PrepareBDC')]",
      "apiVersion": "2016-03-30",
      "location": "[resourceGroup().location]",
      "properties": {
        "publisher": "Microsoft.Powershell",
        "type": "DSC",
        "typeHandlerVersion": "2.21",
        "autoUpgradeMinorVersion": true,
        "settings": {
          "modulesURL": "[variables('adBDCConfigurationModulesURL')]",
          "wmfVersion": "4.0",
          "configurationFunction": "[parameters('adBDCConfigurationFunction')]",
          "properties": {
            "domainName": "[parameters('domainName')]",
            "adminCreds": {
              "userName": "[parameters('adminUsername')]",
              "password": "privateSettingsRef:adminPassword"
            }
          }
        },
        "protectedSettings": {
          "items": {
            "adminPassword": "[parameters('adminPassword')]"
          }
        }
      }
    }
  ],
  "outputs": {}
}
