{
  "$schema": "http://schema.management.azure.com/schemas/2014-04-01-preview/deploymentTemplate.json#",
  "contentVersion": "0.9.0.0",
  "parameters": {
    "dataLakeAnalyticsName": {
      "type": "string",
      "defaultValue": "[concat('adla', uniqueString(resourceGroup().id))]"
    },
    "dataLakeStorageAccountName": {
      "type": "string",
      "defaultValue": "[toLower(concat('adls', uniqueString(resourceGroup().id)))]"
    },
    "dataLakeNewTier": {
      "type": "string",
      "defaultValue": "Consumption"
    },
    "analyticsNewTier": {
      "type": "string",
      "defaultValue": "Consumption"
    }
  },
  "resources": [
    {
      "type": "Microsoft.DataLakeStore/accounts",
      "apiVersion": "2016-11-01",
      "name": "[parameters('dataLakeStorageAccountName')]",
      "location": "[resourceGroup().location]",
      "properties": {
        "newTier": "[parameters('dataLakeNewTier')]",
        "encryptionState": "Enabled",
        "encryptionConfig": {
          "type": "ServiceManaged"
        }
      }
    },
    {
      "type": "Microsoft.DataLakeAnalytics/accounts",
      "apiVersion": "2016-11-01",
      "name": "[parameters('dataLakeAnalyticsName')]",
      "location": "[resourceGroup().location]",

      "dependsOn": [
        "[concat('Microsoft.DataLakeStore/accounts/', parameters('dataLakeStorageAccountName'))]",
        "[resourceId('Microsoft.DataLakeStore/accounts', parameters('dataLakeStorageAccountName'))]"
      ],
      "properties": {
        "defaultDataLakeStoreAccount": "[parameters('dataLakeStorageAccountName')]",
        "dataLakeStoreAccounts": [
          {
            "name": "[parameters('dataLakeStorageAccountName')]"
          }
        ],
        "newTier": "[parameters('analyticsNewTier')]"
      }
    }
  ]
}