{
  "contentVersion": "1.0.0.0",
  "$schema": "https://schema.management.azure.com/schemas/2015-01-01/deploymentTemplate.json#",
  "parameters": {
    "dataFactoryName": {
      "type": "string",
      "defaultValue": "[concat('adf-', uniqueString(resourceGroup().id))]",
      "metadata": {
        "description": "Name of the data factory. Must be globally unique."
      }
    }
  },
  "variables": {},
  "resources": [
    {
      "type": "Microsoft.DataFactory/factories",
      "apiVersion": "2018-06-01",
      "name": "[parameters('dataFactoryName')]",
      "location": "[resourceGroup().location]",
      "identity": {
        "type": "SystemAssigned"
      }
    }
  ]
}