{
  "$schema": "https://schema.management.azure.com/schemas/2018-05-01/subscriptionDeploymentTemplate.json#",
  "contentVersion": "1.0.0.0",
  "parameters": {
    "companyAbbreviation": {
      "type": "string",
      "defaultValue": "DriveTrain",
      "metadata": {
        "description": "The abbreviation of the Company to be used within Azure object names."
      }
    },
    "environment": {
      "type": "string",
      "defaultValue": "DV",
      "metadata": {
        "description": "Environment for resource names."
      }
    },
    "locations": {
      "type": "string",
      "defaultValue": "West Europe",
      "metadata": {
        "description": "Location for all resources."
      }
    }
  },
  "variables": {
    "locationCode": "[if(equals(parameters('locations'), 'West Europe'), 'WEU', 'NEU')]",
    "SAStoken": "[concat('?',split(deployment().properties.templateLink.uri,'?')[1])]",
    "RG-Core": "[concat('RG-', parameters('companyAbbreviation') , '-', variables('locationCode') ,'-', parameters('environment'), '-UNB')]",
    "AASName": "[toLower(concat('aas', parameters('companyAbbreviation') , variables('locationCode'), parameters('environment')))]",
    "PublisherEmail": "drivetrainadmin@newsignature.com",
    "PublisherName": "New signature Drive Train Admin",
    "AccountName": "[concat('AA-', parameters('companyAbbreviation') , '-', variables('locationCode') ,'-', parameters('environment'), '-UNB')]",
    "BatchAccountName": "[toLower(concat('abs', parameters('companyAbbreviation') , variables('locationCode'), parameters('environment')))]",
    "ContainerName": "[toLower(concat('ACI-', parameters('companyAbbreviation') , '-', variables('locationCode') ,'-', parameters('environment'), '-UNB'))]",
    "ImageType": "Public",
    "ImageName": "hello-world",
    "OsType": "Linux",
    "NumberCpuCores": "1",
    "Memory": "1.5",
    "RestartPolicy": "OnFailure",
    "IpAddressType": "Public",
    "Ports": [
      {
        "port": "80",
        "protocol": "TCP"
      }
    ],
    "DnsNameLabel": "DT-Hello-World",
    "ContainerRegistryName": "[concat('ACR', parameters('companyAbbreviation'), variables('locationCode'), parameters('environment'), 'UNB')]",
    "Cdn_StorageAccountName": "firstdt11",
    "Cdn_EndpointName": "cdn-endpoint-drivetrain",
    "Cdn_ProfileName": "DriveTrainCdnProfile",
    "Cdn_Profile_Sku": {
      "name": "Standard_Akamai"
    },
    "Cdn_ProfileProperties": {},
    "Cdn_originHostHeader": "[replace(replace(concat(variables('Cdn_StorageAccountName'), '.primaryEndpoints.blob'),'https://',''),'/','')]",
    "Cdn_EndpointProperties": {
      "originHostHeader": "[variables('Cdn_originHostHeader')]",
      "isHttpAllowed": true,
      "isHttpsAllowed": true,
      "queryStringCachingBehavior": "IgnoreQueryString",
      "contentTypesToCompress": [
        "text/plain",
        "text/html",
        "text/css",
        "application/x-javascript",
        "text/javascript"
      ],
      "isCompressionEnabled": true,
      "origins": [
        {
          "name": "origin1",
          "properties": {
            "hostName": "[variables('Cdn_originHostHeader')]"
          }
        }
      ]
    }
  },
  "resources": [
    {
      "type": "Microsoft.Resources/resourceGroups",
      "apiVersion": "2018-05-01",
      "location": "[parameters('locations')]",
      "name": "[variables('RG-Core')]",
      "properties": {}
    },
    {
      "name": "URIProvider",
      "dependsOn": ["[variables('RG-Core')]"],
      "type": "Microsoft.Resources/deployments",
      "apiVersion": "2018-05-01",
      "resourceGroup": "[variables('RG-Core')]",
      "properties": {
        "templateLink": {
          "uri": "[concat(uri(deployment().properties.templateLink.uri,'URI-Provider-All.json'), variables('SAStoken'))]"
        },
        "mode": "Incremental",
        "debugSetting": {
          "detailLevel": "none"
        }
      }
    },
    {
      "condition": true,
      "name": "AnalysisService",
      "dependsOn": ["[variables('RG-Core')]"],
      "type": "Microsoft.Resources/deployments",
      "apiVersion": "2018-05-01",
      "resourceGroup": "[variables('RG-Core')]",
      "properties": {
        "templateLink": {
          "uri": "[reference('URIProvider', '2015-01-01').outputs.AnalysisServiceTemplateURI.value]"
        },
        "parameters": {
          "aasName": {
            "value": "[variables('AASName')]"
          }
        },
        "mode": "Incremental",
        "debugSetting": {
          "detailLevel": "none"
        }
      }
    },
    {
      "condition": true,
      "name": "APIManagementService",
      "dependsOn": ["[variables('RG-Core')]"],
      "type": "Microsoft.Resources/deployments",
      "apiVersion": "2018-05-01",
      "resourceGroup": "[variables('RG-Core')]",
      "properties": {
        "templateLink": {
          "uri": "[reference('URIProvider', '2015-01-01').outputs.APIManagementServiceTemplateURI.value]"
        },
        "parameters": {
          "publisherEmail": {
            "value": "[variables('PublisherEmail')]"
          },
          "publisherName": {
            "value": "[variables('PublisherName')]"
          }
        },
        "mode": "Incremental",
        "debugSetting": {
          "detailLevel": "none"
        }
      }
    },
    {
      "condition": true,
      "name": "AutomationAccount",
      "dependsOn": ["[variables('RG-Core')]"],
      "type": "Microsoft.Resources/deployments",
      "apiVersion": "2018-05-01",
      "resourceGroup": "[variables('RG-Core')]",
      "properties": {
        "templateLink": {
          "uri": "[reference('URIProvider', '2015-01-01').outputs.AutomationAccountTemplateURI.value]"
        },
        "parameters": {
          "accountName": {
            "value": "[variables('accountName')]"
          }
        },
        "mode": "Incremental",
        "debugSetting": {
          "detailLevel": "none"
        }
      }
    },
    {
      "condition": true,
      "name": "AzureBatchService",
      "dependsOn": ["[variables('RG-Core')]"],
      "type": "Microsoft.Resources/deployments",
      "apiVersion": "2018-05-01",
      "resourceGroup": "[variables('RG-Core')]",
      "properties": {
        "templateLink": {
          "uri": "[reference('URIProvider', '2015-01-01').outputs.AzureBatchServiceTemplateURI.value]"
        },
        "parameters": {
          "batchAccountName": {
            "value": "[variables('BatchAccountName')]"
          }
        },
        "mode": "Incremental",
        "debugSetting": {
          "detailLevel": "none"
        }
      }
    },
    {
      "condition": true,
      "name": "AzureContainerInstance",
      "dependsOn": ["[variables('RG-Core')]"],
      "type": "Microsoft.Resources/deployments",
      "apiVersion": "2018-05-01",
      "resourceGroup": "[variables('RG-Core')]",
      "properties": {
        "templateLink": {
          "uri": "[reference('URIProvider', '2015-01-01').outputs.AzureContainerInstanceTemplateURI.value]"
        },
        "parameters": {
          "containerName": {
            "value": "[variables('ContainerName')]"
          },
          "imageType": {
            "value": "[variables('ImageType')]"
          },
          "imageName": {
            "value": "[variables('ImageName')]"
          },
          "osType": {
            "value": "[variables('OsType')]"
          },
          "numberCpuCores": {
            "value": "[variables('NumberCpuCores')]"
          },
          "memory": {
            "value": "[variables('Memory')]"
          },
          "restartPolicy": {
            "value": "[variables('RestartPolicy')]"
          },
          "ipAddressType": {
            "value": "[variables('IpAddressType')]"
          },
          "ports": {
            "value": "[variables('Ports')]"
          },
          "dnsNameLabel": {
            "value": "[variables('DnsNameLabel')]"
          }
        },
        "mode": "Incremental",
        "debugSetting": {
          "detailLevel": "none"
        }
      }
    },
    {
      "condition": true,
      "name": "azureContainerRegistry",
      "dependsOn": ["[variables('RG-Core')]"],
      "type": "Microsoft.Resources/deployments",
      "apiVersion": "2018-05-01",
      "resourceGroup": "[variables('RG-Core')]",
      "properties": {
        "templateLink": {
          "uri": "[reference('URIProvider', '2015-01-01').outputs.AzureContainerRegistryTemplateURI.value]"
        },
        "parameters": {
          "registries_name": {
            "value": "[variables('ContainerRegistryName')]"
          }
        },
        "mode": "Incremental",
        "debugSetting": {
          "detailLevel": "none"
        }
      }
    },
    {
      "condition": true,
      "name": "cdnEndpoint",
      "dependsOn": [ "[variables('RG-Core')]" ],
      "type": "Microsoft.Resources/deployments",
      "apiVersion": "2018-05-01",
      "resourceGroup": "[variables('RG-Core')]",
      "properties": {
        "templateLink": {
          "uri": "[reference('URIProvider', '2015-01-01').outputs.CdnEndpointTemplateURI.value]"
        },
        "parameters": {
          "profileName": {
            "value": "[variables('Cdn_ProfileName')]"
          },
          "endpointName": {
            "value": "[variables('Cdn_EndpointName')]"
          },
          "sku": {
            "value": "[variables('Cdn_Profile_Sku')]"
          },
          "storageAccountName": {
            "value": "[variables('Cdn_StorageAccountName')]"
          },
          "profileProperties": {
            "value": "[variables('Cdn_ProfileProperties')]"
          },
          "endpointProperties": {
            "value": "[variables('Cdn_EndpointProperties')]"
          }
        },
        "mode": "Incremental",
        "debugSetting": {
          "detailLevel": "none"
        }
      }
    },
    {
      "condition": true,
      "name": "CognitiveService",
      "dependsOn": ["[variables('RG-Core')]"],
      "type": "Microsoft.Resources/deployments",
      "apiVersion": "2018-05-01",
      "resourceGroup": "[variables('RG-Core')]",
      "properties": {
        "templateLink": {
          "uri": "[reference('URIProvider', '2015-01-01').outputs.cognitiveServiceTemplateURI.value]"
        },
        "parameters": {},
        "mode": "Incremental",
        "debugSetting": {
          "detailLevel": "none"
        }
      }
    },
    {
      "condition": true,
      "name": "Datafactory",
      "dependsOn": ["[variables('RG-Core')]"],
      "type": "Microsoft.Resources/deployments",
      "apiVersion": "2018-05-01",
      "resourceGroup": "[variables('RG-Core')]",
      "properties": {
        "templateLink": {
          "uri": "[reference('URIProvider', '2015-01-01').outputs.DataFactoryTemplateURI.value]"
        },
        "parameters": {},
        "mode": "Incremental",
        "debugSetting": {
          "detailLevel": "none"
        }
      }
    },
    {
      "condition": true,
      "name": "DataLakeStoreAndAnalytics",
      "dependsOn": ["[variables('RG-Core')]"],
      "type": "Microsoft.Resources/deployments",
      "apiVersion": "2018-05-01",
      "resourceGroup": "[variables('RG-Core')]",
      "properties": {
        "templateLink": {
          "uri": "[reference('URIProvider', '2015-01-01').outputs.DataLakeStoreAndAnalyticsTemplateURI.value]"
        },
        "parameters": {},
        "mode": "Incremental",
        "debugSetting": {
          "detailLevel": "none"
        }
      }
    },
    {
      "condition": true,
      "name": "EventGridTopic",
      "dependsOn": ["[variables('RG-Core')]"],
      "type": "Microsoft.Resources/deployments",
      "apiVersion": "2018-05-01",
      "resourceGroup": "[variables('RG-Core')]",
      "properties": {
        "templateLink": {
          "uri": "[reference('URIProvider', '2015-01-01').outputs.EventGridTopicTemplateURI.value]"
        },
        "parameters": {},
        "mode": "Incremental",
        "debugSetting": {
          "detailLevel": "none"
        }
      }
    },
    {
      "condition": true,
      "name": "EventHub",
      "dependsOn": ["[variables('RG-Core')]"],
      "type": "Microsoft.Resources/deployments",
      "apiVersion": "2018-05-01",
      "resourceGroup": "[variables('RG-Core')]",
      "properties": {
        "templateLink": {
          "uri": "[reference('URIProvider', '2015-01-01').outputs.EventHubTemplateURI.value]"
        },
        "parameters": {},
        "mode": "Incremental",
        "debugSetting": {
          "detailLevel": "none"
        }
      }
    },
    {
      "condition": true,
      "name": "ExpressRoute",
      "dependsOn": ["[variables('RG-Core')]"],
      "type": "Microsoft.Resources/deployments",
      "apiVersion": "2018-05-01",
      "resourceGroup": "[variables('RG-Core')]",
      "properties": {
        "templateLink": {
          "uri": "[reference('URIProvider', '2015-01-01').outputs.ExpressRouteTemplateURI.value]"
        },
        "parameters": {},
        "mode": "Incremental",
        "debugSetting": {
          "detailLevel": "none"
        }
      }
    },
    {
      "condition": true,
      "name": "Firewall",
      "dependsOn": ["[variables('RG-Core')]"],
      "type": "Microsoft.Resources/deployments",
      "apiVersion": "2018-05-01",
      "resourceGroup": "[variables('RG-Core')]",
      "properties": {
        "templateLink": {
          "uri": "[reference('URIProvider', '2015-01-01').outputs.FirewallTemplateURI.value]"
        },
        "parameters": {},
        "mode": "Incremental",
        "debugSetting": {
          "detailLevel": "none"
        }
      }
    },
    {
      "condition": true,
      "name": "HDInsight",
      "dependsOn": ["[variables('RG-Core')]"],
      "type": "Microsoft.Resources/deployments",
      "apiVersion": "2018-05-01",
      "resourceGroup": "[variables('RG-Core')]",
      "properties": {
        "templateLink": {
          "uri": "[reference('URIProvider', '2015-01-01').outputs.HdInsightTemplateURI.value]"
        },
        "parameters": {},
        "mode": "Incremental",
        "debugSetting": {
          "detailLevel": "none"
        }
      }
    },
    {
      "condition": true,
      "name": "IOTHub",
      "dependsOn": ["[variables('RG-Core')]"],
      "type": "Microsoft.Resources/deployments",
      "apiVersion": "2018-05-01",
      "resourceGroup": "[variables('RG-Core')]",
      "properties": {
        "templateLink": {
          "uri": "[reference('URIProvider', '2015-01-01').outputs.IotHubTemplateURI.value]"
        },
        "parameters": {},
        "mode": "Incremental",
        "debugSetting": {
          "detailLevel": "none"
        }
      }
    },
    {
      "condition": true,
      "name": "AKSService",
      "dependsOn": ["[variables('RG-Core')]"],
      "type": "Microsoft.Resources/deployments",
      "apiVersion": "2018-05-01",
      "resourceGroup": "[variables('RG-Core')]",
      "properties": {
        "templateLink": {
          "uri": "[reference('URIProvider', '2015-01-01').outputs.KubernetesServiceTemplateURI.value]"
        },
        "parameters": {},
        "mode": "Incremental",
        "debugSetting": {
          "detailLevel": "none"
        }
      }
    },
    {
      "condition": true,
      "name": "LogicApp",
      "dependsOn": ["[variables('RG-Core')]"],
      "type": "Microsoft.Resources/deployments",
      "apiVersion": "2018-05-01",
      "resourceGroup": "[variables('RG-Core')]",
      "properties": {
        "templateLink": {
          "uri": "[reference('URIProvider', '2015-01-01').outputs.LogicAppTemplateURI.value]"
        },
        "parameters": {},
        "mode": "Incremental",
        "debugSetting": {
          "detailLevel": "none"
        }
      }
    },
    {
      "condition": true,
      "name": "MySqlServer",
      "dependsOn": ["[variables('RG-Core')]"],
      "type": "Microsoft.Resources/deployments",
      "apiVersion": "2018-05-01",
      "resourceGroup": "[variables('RG-Core')]",
      "properties": {
        "templateLink": {
          "uri": "[reference('URIProvider', '2015-01-01').outputs.MySqlServerServiceTemplateURI.value]"
        },
        "parameters": {},
        "mode": "Incremental",
        "debugSetting": {
          "detailLevel": "none"
        }
      }
    },
    {
      "condition": true,
      "name": "PostgradeSql",
      "dependsOn": ["[variables('RG-Core')]"],
      "type": "Microsoft.Resources/deployments",
      "apiVersion": "2018-05-01",
      "resourceGroup": "[variables('RG-Core')]",
      "properties": {
        "templateLink": {
          "uri": "[reference('URIProvider', '2015-01-01').outputs.PostgradeSqlTemplateURI.value]"
        },
        "parameters": {},
        "mode": "Incremental",
        "debugSetting": {
          "detailLevel": "none"
        }
      }
    },
    {
      "condition": true,
      "name": "PowerBI",
      "dependsOn": ["[variables('RG-Core')]"],
      "type": "Microsoft.Resources/deployments",
      "apiVersion": "2018-05-01",
      "resourceGroup": "[variables('RG-Core')]",
      "properties": {
        "templateLink": {
          "uri": "[reference('URIProvider', '2015-01-01').outputs.PowerBITemplateURI.value]"
        },
        "parameters": {},
        "mode": "Incremental",
        "debugSetting": {
          "detailLevel": "none"
        }
      }
    },
    {
      "condition": true,
      "name": "RedisCache",
      "dependsOn": ["[variables('RG-Core')]"],
      "type": "Microsoft.Resources/deployments",
      "apiVersion": "2018-05-01",
      "resourceGroup": "[variables('RG-Core')]",
      "properties": {
        "templateLink": {
          "uri": "[reference('URIProvider', '2015-01-01').outputs.RedisCacheTemplateURI.value]"
        },
        "parameters": {},
        "mode": "Incremental",
        "debugSetting": {
          "detailLevel": "none"
        }
      }
    },
    {
      "condition": true,
      "name": "RelayService",
      "dependsOn": ["[variables('RG-Core')]"],
      "type": "Microsoft.Resources/deployments",
      "apiVersion": "2018-05-01",
      "resourceGroup": "[variables('RG-Core')]",
      "properties": {
        "templateLink": {
          "uri": "[reference('URIProvider', '2015-01-01').outputs.RelayServiceTemplateURI.value]"
        },
        "parameters": {},
        "mode": "Incremental",
        "debugSetting": {
          "detailLevel": "none"
        }
      }
    },
    {
      "condition": true,
      "name": "SearchService",
      "dependsOn": ["[variables('RG-Core')]"],
      "type": "Microsoft.Resources/deployments",
      "apiVersion": "2018-05-01",
      "resourceGroup": "[variables('RG-Core')]",
      "properties": {
        "templateLink": {
          "uri": "[reference('URIProvider', '2015-01-01').outputs.SearchServiceTemplateURI.value]"
        },
        "parameters": {},
        "mode": "Incremental",
        "debugSetting": {
          "detailLevel": "none"
        }
      }
    },
    {
      "condition": true,
      "name": "SignalR",
      "dependsOn": ["[variables('RG-Core')]"],
      "type": "Microsoft.Resources/deployments",
      "apiVersion": "2018-05-01",
      "resourceGroup": "[variables('RG-Core')]",
      "properties": {
        "templateLink": {
          "uri": "[reference('URIProvider', '2015-01-01').outputs.SignalRServiceTemplateURI.value]"
        },
        "parameters": {},
        "mode": "Incremental",
        "debugSetting": {
          "detailLevel": "none"
        }
      }
    },
    {
      "condition": true,
      "name": "StreamingAnalyticsJob",
      "dependsOn": ["[variables('RG-Core')]"],
      "type": "Microsoft.Resources/deployments",
      "apiVersion": "2018-05-01",
      "resourceGroup": "[variables('RG-Core')]",
      "properties": {
        "templateLink": {
          "uri": "[reference('URIProvider', '2015-01-01').outputs.StreamAnalyticsJobTemplateURI.value]"
        },
        "parameters": {},
        "mode": "Incremental",
        "debugSetting": {
          "detailLevel": "none"
        }
      }
    },
    {
      "condition": true,
      "name": "TimeSeries",
      "dependsOn": ["[variables('RG-Core')]", "EventHub"],
      "type": "Microsoft.Resources/deployments",
      "apiVersion": "2018-05-01",
      "resourceGroup": "[variables('RG-Core')]",
      "properties": {
        "templateLink": {
          "uri": "[reference('URIProvider', '2015-01-01').outputs.TimeSeriesTemplateURI.value]"
        },
        "parameters": {},
        "mode": "Incremental",
        "debugSetting": {
          "detailLevel": "none"
        }
      }
    },
    {
      "condition": true,
      "name": "TrafficManager",
      "dependsOn": ["[variables('RG-Core')]"],
      "type": "Microsoft.Resources/deployments",
      "apiVersion": "2018-05-01",
      "resourceGroup": "[variables('RG-Core')]",
      "properties": {
        "templateLink": {
          "uri": "[reference('URIProvider', '2015-01-01').outputs.TrafficManagerTemplateURI.value]"
        },
        "parameters": {},
        "mode": "Incremental",
        "debugSetting": {
          "detailLevel": "none"
        }
      }
    },
    {
      "condition": true,
      "name": "VM-Windows",
      "dependsOn": ["[variables('RG-Core')]"],
      "type": "Microsoft.Resources/deployments",
      "apiVersion": "2018-05-01",
      "resourceGroup": "[variables('RG-Core')]",
      "properties": {
        "templateLink": {
          "uri": "[reference('URIProvider', '2015-01-01').outputs.VMWindowsTemplateURI.value]"
        },
        "parameters": {},
        "mode": "Incremental",
        "debugSetting": {
          "detailLevel": "none"
        }
      }
    },
    {
      "condition": true,
      "name": "VM-Linux",
      "dependsOn": ["[variables('RG-Core')]"],
      "type": "Microsoft.Resources/deployments",
      "apiVersion": "2018-05-01",
      "resourceGroup": "[variables('RG-Core')]",
      "properties": {
        "templateLink": {
          "uri": "[reference('URIProvider', '2015-01-01').outputs.VMLinuxTemplateURI.value]"
        },
        "parameters": {},
        "mode": "Incremental",
        "debugSetting": {
          "detailLevel": "none"
        }
      }
    },
    {
      "condition": true,
      "name": "VMSS",
      "dependsOn": ["[variables('RG-Core')]"],
      "type": "Microsoft.Resources/deployments",
      "apiVersion": "2018-05-01",
      "resourceGroup": "[variables('RG-Core')]",
      "properties": {
        "templateLink": {
          "uri": "[reference('URIProvider', '2015-01-01').outputs.VMSSTemplateURI.value]"
        },
        "parameters": {},
        "mode": "Incremental",
        "debugSetting": {
          "detailLevel": "none"
        }
      }
    },
    {
      "condition": true,
      "name": "WebApp-Windows",
      "dependsOn": ["[variables('RG-Core')]"],
      "type": "Microsoft.Resources/deployments",
      "apiVersion": "2018-05-01",
      "resourceGroup": "[variables('RG-Core')]",
      "properties": {
        "templateLink": {
          "uri": "[reference('URIProvider', '2015-01-01').outputs.WebAppWindowsTemplateURI.value]"
        },
        "parameters": {},
        "mode": "Incremental",
        "debugSetting": {
          "detailLevel": "none"
        }
      }
    },
    {
      "condition": true,
      "name": "ApplicationGateway",
      "dependsOn": ["[variables('RG-Core')]"],
      "type": "Microsoft.Resources/deployments",
      "apiVersion": "2018-05-01",
      "resourceGroup": "[variables('RG-Core')]",
      "properties": {
        "templateLink": {
          "uri": "[reference('URIProvider', '2015-01-01').outputs.ApplicationGatewayTemplateURI.value]"
        },
        "parameters": {},
        "mode": "Incremental",
        "debugSetting": {
          "detailLevel": "none"
        }
      }
    }
  ]
}
