{
    "$schema": "http://schema.management.azure.com/schemas/2015-01-01-preview/deploymentTemplate.json#",
    "contentVersion": "1.0.0.0",
    "parameters": {
      "topicname": {
        "type": "string",
        "defaultValue": "[toLower(concat('egt', uniqueString(resourceGroup().id)))]"
      },
      "inputSchema": {
        "type": "string",
        "defaultValue": "EventGridSchema"
      }
    },
    "resources": [
      {
        "type": "Microsoft.EventGrid/topics",
        "apiVersion": "2019-02-01-preview",
        "name": "[parameters('topicname')]",
        "location": "[resourceGroup().location]",
        "properties": {
          "inputSchema": "[parameters('inputSchema')]"
        }
      }
    ]
}