{
  "$schema": "http://schema.management.azure.com/schemas/2015-01-01-preview/deploymentTemplate.json#",
  "contentVersion": "1.0.0.0",
  "parameters": {
    "eventHubNamespacesName": {
      "type": "string",
      "defaultValue": "[concat('eh', uniqueString(resourceGroup().id))]"
    },
    "skuName": {
      "type": "string",
      "allowedValues": [ "Basic", "Standard" ],
      "defaultValue": "Standard"
    },
    "skuCapacity": {
      "type": "string",
      "defaultValue": "1"
    },
    "isAutoInflateEnabled": {
      "type": "string",
      "defaultValue": "false"
    },
    "maximumThroughputUnits": {
      "type": "string",
      "defaultValue": "0"
    },
    "kafkaEnabled": {
      "type": "bool",
      "defaultValue": false
    },
    "zoneRedundant": {
      "type": "bool",
      "defaultValue": true
    }
  },
  "resources": [
    {
      "type": "Microsoft.EventHub/namespaces",
      "apiVersion": "2018-01-01-preview",
      "name": "[parameters('eventHubNamespacesName')]",
      "location": "[resourceGroup().location]",
      "sku": {
        "name": "[parameters('skuName')]",
        "tier": "[parameters('skuName')]",
        "capacity": "[parameters('skuCapacity')]"
      },
      "properties": {
        "isAutoInflateEnabled": "[parameters('isAutoInflateEnabled')]",
        "maximumThroughputUnits": "[parameters('maximumThroughputUnits')]",
        "kafkaEnabled": "[parameters('kafkaEnabled')]",
        "zoneRedundant": "[parameters('zoneRedundant')]"
      }
    },
    {
      "type": "Microsoft.EventHub/namespaces/AuthorizationRules",
      "apiVersion": "2017-04-01",
      "name": "[concat(parameters('eventHubNamespacesName'), '/RootManageSharedAccessKey')]",
      "location": "[resourceGroup().location]",
      "dependsOn": [
        "[resourceId('Microsoft.EventHub/namespaces', parameters('eventHubNamespacesName'))]"
      ],
      "properties": {
        "rights": [
          "Listen",
          "Manage",
          "Send"
        ]
      }
    },
    {
      "type": "Microsoft.EventHub/namespaces/eventhubs",
      "apiVersion": "2017-04-01",
      "name": "[concat(parameters('eventHubNamespacesName'), '/', parameters('eventHubNamespacesName'))]",
      "location": "[resourceGroup().location]",
      "dependsOn": [
        "[resourceId('Microsoft.EventHub/namespaces', parameters('eventHubNamespacesName'))]"
      ],
      "properties": {
        "messageRetentionInDays": 1,
        "partitionCount": 2,
        "status": "Active"
      }
    },
    {
      "type": "Microsoft.EventHub/namespaces/NetworkRuleSets",
      "apiVersion": "2018-01-01-preview",
      "name": "[concat(parameters('eventHubNamespacesName'), '/default')]",
      "location": "[resourceGroup().location]",
      "dependsOn": [
        "[resourceId('Microsoft.EventHub/namespaces', parameters('eventHubNamespacesName'))]"
      ],
      "properties": {
        "defaultAction": "Deny",
        "virtualNetworkRules": [],
        "ipRules": []
      }
    },
    {
      "type": "Microsoft.EventHub/namespaces/eventhubs/authorizationRules",
      "apiVersion": "2017-04-01",
      "name": "[concat(parameters('eventHubNamespacesName'), '/', parameters('eventHubNamespacesName'), '/manage')]",
      "location": "[resourceGroup().location]",
      "dependsOn": [
        "[resourceId('Microsoft.EventHub/namespaces/eventhubs', parameters('eventHubNamespacesName'), parameters('eventHubNamespacesName'))]",
        "[resourceId('Microsoft.EventHub/namespaces', parameters('eventHubNamespacesName'))]"
      ],
      "properties": {
        "rights": [
          "Manage",
          "Listen",
          "Send"
        ]
      }
    },
    {
      "type": "Microsoft.EventHub/namespaces/eventhubs/consumergroups",
      "apiVersion": "2017-04-01",
      "name": "[concat(parameters('eventHubNamespacesName'), '/', parameters('eventHubNamespacesName'), '/$Default')]",
      "location": "[resourceGroup().location]",
      "dependsOn": [
        "[resourceId('Microsoft.EventHub/namespaces/eventhubs', parameters('eventHubNamespacesName'), parameters('eventHubNamespacesName'))]",
        "[resourceId('Microsoft.EventHub/namespaces', parameters('eventHubNamespacesName'))]"
      ],
      "properties": {}
    }
  ]
}