{
  "$schema": "https://schema.management.azure.com/schemas/2015-01-01/deploymentTemplate.json#",
  "contentVersion": "1.0.0.0",
  "parameters": {
    "circuitName": {
      "type": "string",
      "defaultValue": "[toLower(concat('er', uniqueString(resourceGroup().id)))]",
      "metadata": {
        "description": "This is the name of the ExpressRoute circuit"
      }
    },
    "serviceProviderName": {
      "type": "string",
      "defaultValue": "Equinix",
      "metadata": {
        "description": "This is the name of the ExpressRoute Service Provider. It must exactly match one of the Service Providers from List ExpressRoute Service Providers API call."
      }
    },
    "peeringLocation": {
      "type": "string",
      "defaultValue": "Silicon Valley",
      "metadata": {
        "description": "This is the name of the peering location and not the ARM resource location. It must exactly match one of the available peering locations from List ExpressRoute Service Providers API call."
      }
    },
    "bandwidthInMbps": {
      "type": "int",
      "defaultValue": 500,
      "metadata": {
        "description": "This is the bandwidth in Mbps of the circuit being created. It must exactly match one of the available bandwidth offers List ExpressRoute Service Providers API call."
      }
    },
    "sku_tier": {
      "type": "string",
      "defaultValue": "Standard",
      "allowedValues": [
        "Standard",
        "Premium"
      ],
      "metadata": {
        "description": "Chosen SKU Tier of ExpressRoute circuit. Choose from Premium or Standard SKU tiers."
      }
    },
    "sku_family": {
      "type": "string",
      "defaultValue": "MeteredData",
      "allowedValues": [
        "MeteredData",
        "UnlimitedData"
      ],
      "metadata": {
        "description": "Chosen SKU family of ExpressRoute circuit. Choose from MeteredData or UnlimitedData SKU families."
      }
    },
    "allowClassicOperations": {
      "type": "bool",
      "defaultValue": false,
      "metadata": {
        "description": "Allow the circuit to interact with classic (RDFE) resources"
      }
    }
  },
  "resources": [
    {
      "apiVersion": "2015-06-15",
      "type": "Microsoft.Network/expressRouteCircuits",
      "name": "[parameters('circuitName')]",
      "location": "[resourceGroup().location]",
      "sku": {
        "name": "[concat(parameters('sku_tier'),'_', parameters('sku_family'))]",
        "tier": "[parameters('sku_tier')]",
        "family": "[parameters('sku_family')]"
      },
      "properties": {
        "serviceProviderProperties": {
          "serviceProviderName": "[parameters('serviceProviderName')]",
          "peeringLocation": "[parameters('peeringLocation')]",
          "bandwidthInMbps": "[parameters('bandwidthInMbps')]"
        },
        "allowClassicOperations": "[parameters('allowClassicOperations')]"
      }
    }
  ]
}