{
    "$schema": "http://schema.management.azure.com/schemas/2015-01-01/deploymentTemplate.json#",
    "contentVersion": "1.0.0.0",
    "parameters": {
        "location": {
            "type": "string",
            "defaultValue": "[resourceGroup().location]",
            "metadata": {
              "description":"Location (region) to deploy the firewall into, defaults to the Resource Groups location."
            }
        },
        "azureFirewallName": {
            "type": "string",
            "metadata": {
              "description":"Name of the Azure Firewall."
            }
        },
        "VirtualNetworkName": {
            "type": "string",
            "metadata": {
              "description":"Name of the Virtual Network in which to deploy the firewall."
            }
        },
        "VirtualNetworkResourceGroupName": {
            "type": "string",
            "metadata": {
              "description":"Name of the Resource Group containing the Virtual Network."
            }
        },
        "zones": {
            "type": "array",
            "defaultValue": [],
            "metadata": {
                "description": "Zone numbers e.g. 1,2,3. or leave blank for non-specific region (default)."
            }
        },
        "natRules": {
            "type": "array",
            "defaultValue": [],
            "metadata": {
              "description":"Array of NAT rules to push into the firewall or leave blank for none."
            }
        },
        "networkRules": {
            "type": "array",
            "defaultValue": [],
            "metadata": {
              "description":"Array of Network rules to push into the firewall or leave blank for none."
            }
        },
        "applicationRules": {
            "type": "array",
            "defaultValue": [],
            "metadata": {
              "description":"Array of Application rules to push into the firewall or leave blank for none."
            }
        },
        "publicIPName": {
            "type": "string",
            "metadata": {
              "description":"Name of the existing Public IP resource to assign to the Firewall"
            }
        },
        "publicIPResourceGroupName": {
            "type": "string",
            "defaultValue": "[resourceGroup().name]",
            "metadata": {
              "description":"Name of the Resource Group containing the Public IP address specified on the last parameter, defaults to same the Resource Group as the deployment"
            }
        },
        "threatIntelMode": {
            "type": "string",
            "defaultValue": "Off",
            "allowedValues":[
                "Alert",
                "Deny",
                "Off"
            ],
            "metadata": {
              "description":"Specify one of Alert, Deny or Off for the Threat Intelligence mode, defaults to Off."
            }
        },
        "tags": {
            "type": "object",
            "defaultValue":{},
            "metadata": {
              "description":"Specify any Tags required on the Firewall"
            }
        }
    },
    "variables": {
    },
    "resources": [
        {
            "apiVersion": "2019-04-01",
            "type": "Microsoft.Network/azureFirewalls",
            "name": "[parameters('azureFirewallName')]",
            "location": "[parameters('location')]",
            "zones": "[parameters('zones')]",
            "tags": "[parameters('tags')]",
            "properties": {
                "ipConfigurations": [
                    {
                        "name": "IpConf",
                        "properties": {
                            "subnet": {
                                "id": "[concat(resourceId(parameters('VirtualNetworkResourceGroupName'),'Microsoft.Network/virtualNetworks',parameters('VirtualNetworkName')),'/subnets/AzureFirewallSubnet')]"
                            },
                            "publicIPAddress": {
                                "id": "[resourceId(parameters('publicIPResourceGroupName'), 'Microsoft.Network/publicIpAddresses', parameters('publicIPName'))]"
                            }
                        }
                    }
                ],
                "networkRuleCollections": "[parameters('networkRules')]",
                "applicationRuleCollections": "[parameters('applicationRules')]",
                "natRuleCollections": "[parameters('natRules')]",
                "threatIntelMode": "[parameters('threatIntelMode')]"
            }
        }
    ]
}