{
  "$schema": "http://schema.management.azure.com/schemas/2015-01-01/deploymentTemplate.json#",
  "contentVersion": "1.0.0.0",
  "parameters": {
    "azureFirewallName": {
      "type": "string",
      "defaultValue": "[concat('firewall', uniqueString(resourceGroup().id))]",
      "metadata": {
        "description": "Azure Firewall name"
      }
    },
    "vnetName": {
      "type": "string",
      "defaultValue": "[concat('firewallvnet', uniqueString(resourceGroup().id))]",
      "metadata": {
        "description": "Virtual network name"
      }
    },
    "vnetAddressSpace": {
      "type": "string",
      "defaultValue": "10.0.0.0/16",
      "metadata": {
        "description": "Virtual network address range"
      }
    },
    "subnetAddressSpace": {
      "type": "string",
      "defaultValue": "10.0.1.0/24",
      "metadata": {
        "description": "AzureFirewallSubnet prefix"
      }
    },
    "zones": {
      "type": "array",
      "defaultValue": [
        "1",
        "2",
        "3"
      ],
      "metadata": {
        "description": "Zone numbers e.g. 1,2,3."
      }
    },
    "publicIpAddressName": {
      "type": "string",
      "defaultValue": "[concat('firewallpip', uniqueString(resourceGroup().id))]",
      "metadata": {
        "description": "Public IP address name prefix - will be auto suffixed with a number (e.g. publicIP1)"
      }
    },
    "sku": {
      "type": "string",
      "defaultValue": "Standard"
    }
  },
  "variables": {},
  "resources": [
    {
      "name": "[parameters('publicIpAddressName')]",
      "type": "Microsoft.Network/publicIPAddresses",
      "apiVersion": "2019-04-01",
      "location": "[resourceGroup().location]",
      "sku": {
        "name": "[parameters('sku')]"
      },
      "properties": {
        "publicIPAllocationMethod": "Static",
        "publicIPAddressVersion": "IPv4"
      }
    },
    {
      "type": "Microsoft.Network/virtualNetworks",
      "name": "[parameters('vnetName')]",
      "location": "[resourceGroup().location]",
      "apiVersion": "2019-04-01",
      "properties": {
        "addressSpace": {
          "addressPrefixes": [
            "[parameters('vnetAddressSpace')]"
          ]
        },
        "subnets": [
          {
            "name": "AzureFirewallSubnet",
            "properties": {
              "addressPrefix": "[parameters('subnetAddressSpace')]"
            }
          }
        ]
      },
      "tags": {}
    },
    {
      "apiVersion": "2019-04-01",
      "type": "Microsoft.Network/azureFirewalls",
      "name": "[parameters('azureFirewallName')]",
      "location": "[resourceGroup().location]",
      "zones": "[parameters('zones')]",
      "dependsOn": [
        "[resourceId(resourceGroup().name, 'Microsoft.Network/virtualNetworks', parameters('vnetName'))]"
      ],
      "properties": {
        "ipConfigurations": [
          {
            "name": "IpConf",
            "properties": {
              "subnet": {
                "id": "[resourceId(resourceGroup().name, 'Microsoft.Network/virtualNetworks/subnets', parameters('vnetName'), 'AzureFirewallSubnet')]"
              },
              "publicIPAddress": {
                "id": "[resourceId(resourceGroup().name, 'Microsoft.Network/publicIpAddresses', parameters('publicIpAddressName'))]"
              }
            }
          }
        ]
      },
      "tags": {}
    }
  ]
}