{
  "$schema": "http://schema.management.azure.com/schemas/2014-04-01-preview/deploymentTemplate.json#",
  "contentVersion": "0.9.0.0",
  "parameters": {
    "clusterName": {
      "type": "string",
      "defaultValue": "[concat('hdi', uniqueString(resourceGroup().id))]",
      "metadata": {
        "description": "The name of the HDInsight cluster to create."
      }
    },
    "clusterLoginUserName": {
      "type": "string",
      "defaultValue": "hdiadmin",
      "metadata": {
        "description": "These credentials can be used to submit jobs to the cluster and to log into cluster dashboards."
      }
    },
    "clusterLoginPassword": {
      "type": "securestring",
      "defaultValue": "Nimdaidh1!",
      "metadata": {
        "description": "The password must be at least 10 characters in length and must contain at least one digit, one non-alphanumeric character, and one upper or lower case letter."
      }
    },
    "clusterVersion": {
      "type": "string",
      "defaultValue": "3.6.0",
      "metadata": {
        "description": "HDInsight cluster version."
      }
    },
    "clusterKind": {
      "type": "string",
      "defaultValue": "HADOOP",
      "metadata": {
        "description": "The type of the HDInsight cluster to create."
      }
    },
    "storageAccountName": {
      "type": "string",
      "defaultValue": "sadthdinsight"
    },
    "storageAccountNameContainerName": {
      "type": "string",
      "defaultValue": "sadthdinsightcontainer"
    },
    "sshUserName": {
      "type": "string",
      "defaultValue": "sshuser",
      "metadata": {
        "description": "These credentials can be used to remotely access the cluster."
      }
    },
    "sshPassword": {
      "type": "securestring",
      "defaultValue": "Nimdaidh1!",
      "metadata": {
        "description": "The password must be at least 10 characters in length and must contain at least one digit, one non-alphanumeric character, and one upper or lower case letter."
      }
    }
  },
  "resources": [
    {
      "apiVersion": "2015-03-01-preview",
      "name": "[parameters('clusterName')]",
      "type": "Microsoft.HDInsight/clusters",
      "location": "[resourceGroup().location]",
      "dependsOn": [],
      "properties": {
        "clusterVersion": "[parameters('clusterVersion')]",
        "osType": "Linux",
        "tier": "standard",
        "clusterDefinition": {
          "kind": "[parameters('clusterKind')]",
          "componentVersion": {
            "Hadoop": "2.7"
          },
          "configurations": {
            "gateway": {
              "restAuthCredential.isEnabled": true,
              "restAuthCredential.username": "[parameters('clusterLoginUserName')]",
              "restAuthCredential.password": "[parameters('clusterLoginPassword')]"
            }
          }
        },
        "storageProfile": {
          "storageaccounts": [
            {
              "name": "[concat(parameters('storageAccountName'), '.blob.core.windows.net')]",
              "isDefault": true,
              "container": "[parameters('storageAccountNameContainerName')]",
              "key": "[listKeys(concat(resourceGroup().id, '/providers/Microsoft.Storage/storageAccounts/', parameters('storageAccountName')), '2015-05-01-preview').key1]"
            }
          ]
        },
        "computeProfile": {
          "roles": [
            {
              "autoscale": null,
              "name": "headnode",
              "minInstanceCount": 1,
              "targetInstanceCount": 2,
              "hardwareProfile": {
                "vmSize": "Standard_D12_V2"
              },
              "osProfile": {
                "linuxOperatingSystemProfile": {
                  "username": "[parameters('sshUserName')]",
                  "password": "[parameters('sshPassword')]"
                }
              },
              "virtualNetworkProfile": null,
              "scriptActions": [],
              "dataDisksGroups": null
            },
            {
              "autoscale": null,
              "name": "workernode",
              "targetInstanceCount": 4,
              "hardwareProfile": {
                "vmSize": "Standard_D4_V2"
              },
              "osProfile": {
                "linuxOperatingSystemProfile": {
                  "username": "[parameters('sshUserName')]",
                  "password": "[parameters('sshPassword')]"
                }
              },
              "virtualNetworkProfile": null,
              "scriptActions": [],
              "dataDisksGroups": null
            },
            {
              "autoscale": null,
              "name": "zookeepernode",
              "minInstanceCount": 1,
              "targetInstanceCount": 3,
              "hardwareProfile": {
                "vmSize": "Small"
              },
              "osProfile": {
                "linuxOperatingSystemProfile": {
                  "username": "[parameters('sshUserName')]",
                  "password": "[parameters('sshPassword')]"
                }
              },
              "virtualNetworkProfile": null,
              "scriptActions": [],
              "dataDisksGroups": null
            }
          ]
        }
      }
    }
  ]
}