{
  "$schema": "http://schema.management.azure.com/schemas/2015-01-01/deploymentTemplate.json",
  "contentVersion": "1.0.0.0",
  "parameters": {
    "iotHubname": {
      "type": "string",
      "defaultValue": "[toLower(concat('ioh', uniqueString(resourceGroup().id)))]"
    },
    "sku_name": {
      "type": "string",
      "defaultValue": "F1"
    },
    "sku_units": {
      "type": "string",
      "defaultValue": "1"
    },
    "d2c_partitions": {
      "type": "string",
      "defaultValue": "2"
    },
    "features": {
      "type": "string",
      "defaultValue": "None"
    }
  },
  "resources": [
    {
      "type": "Microsoft.Devices/IotHubs",
      "apiVersion": "2019-07-01-preview",
      "name": "[parameters('iotHubname')]",
      "location": "[resourceGroup().location]",
      "sku": {
        "name": "[parameters('sku_name')]",
        "capacity": "[parameters('sku_units')]"
      },
      "properties": {
        "eventHubEndpoints": {
          "events": {
            "retentionTimeInDays": 1,
            "partitionCount": "[parameters('d2c_partitions')]"
          }
        },
        "features": "[parameters('features')]"
      }
    }
  ]
}