{
  "$schema": "https://schema.management.azure.com/schemas/2015-01-01/deploymentParameters.json#",
  "contentVersion": "1.0.0.0",
  "parameters": {
    "location": {
      "value": "uksouth"
    },
    "networkInterfaceName": {
      "value": "nva-uks-prd-juniper517"
    },
    "networkSecurityGroupName": {
      "value": "NVA-UKS-PRD-JUNIPER-nsg"
    },
    "networkSecurityGroupRules": {
      "value": [
        {
          "name": "SSH",
          "properties": {
            "priority": 300,
            "protocol": "TCP",
            "access": "Allow",
            "direction": "Inbound",
            "sourceAddressPrefix": "*",
            "sourcePortRange": "*",
            "destinationAddressPrefix": "*",
            "destinationPortRange": "22"
          }
        }
      ]
    },
    "subnetName": {
      "value": "SN-UKS-PRD-JUNIPER-FXP0"
    },
    "virtualNetworkId": {
//      "value": "/subscriptions/42f631d5-2ead-43ed-9cdf-1f11db4f845f/resourceGroups/RG-BG-UKS-PRD-INFRA/providers/Microsoft.Network/virtualNetworks/VNET-UKS-PRD-INFRAHUB"
     "value": ""
    },
    "publicIpAddressName": {
      "value": "PIP-UKS-PRD-JUNIPER-FXP0"
    },
    "publicIpAddressType": {
      "value": "Static"
    },
    "publicIpAddressSku": {
      "value": "Basic"
    },
    "virtualMachineName": {
      "value": "NVA-UKS-PRD-JUNIPER"
    },
    "virtualMachineRG": {
      "value": "RG-BG-UKS-PRD-JUNIPER"
    },
    "osDiskType": {
      "value": "Premium_LRS"
    },
    "virtualMachineSize": {
      "value": "Standard_DS3_v2"
    },
    "adminUsername": {
      "value": "btl"
    },
    "adminPassword": {
      "value": null
    },
    "diagnosticsStorageAccountName": {
      // "value": "rgbguksprdjuniperdiag"
      "value": ""
    },
    "diagnosticsStorageAccountId": {
      "value": ""
      // "value": "Microsoft.Storage/storageAccounts/rgbguksprdjuniperdiag"
    },
    "diagnosticsStorageAccountType": {
      "value": "Standard_LRS"
    },
    "diagnosticsStorageAccountKind": {
      "value": "Storage"
    }
  }
}