{
  "$schema": "http://schema.management.azure.com/schemas/2015-01-01/deploymentTemplate.json#",
  "contentVersion": "1.0.0.0",
  "parameters": {
    "location": {
      "type": "String"
    },
    "networkInterfaceName": {
      "type": "String"
    },
    "networkSecurityGroupName": {
      "type": "String"
    },
    "networkSecurityGroupRules": {
      "type": "Array"
    },
    "subnetName": {
      "type": "String"
    },
    "virtualNetworkId": {
      "type": "String"
    },
    "publicIpAddressName": {
      "type": "String"
    },
    "publicIpAddressType": {
      "type": "String"
    },
    "publicIpAddressSku": {
      "type": "String"
    },
    "virtualMachineName": {
      "type": "String"
    },
    "virtualMachineRG": {
      "type": "String"
    },
    "osDiskType": {
      "type": "String"
    },
    "virtualMachineSize": {
      "type": "String"
    },
    "adminUsername": {
      "type": "String"
    },
    "adminPassword": {
      "type": "SecureString"
    },
    "diagnosticsStorageAccountName": {
      "type": "String"
    },
    "diagnosticsStorageAccountId": {
      "type": "String"
    },
    "diagnosticsStorageAccountType": {
      "type": "String"
    },
    "diagnosticsStorageAccountKind": {
      "type": "String"
    }
  },
  "variables": {
    "nsgId": "[resourceId(resourceGroup().name, 'Microsoft.Network/networkSecurityGroups', parameters('networkSecurityGroupName'))]",
    "vnetId": "[parameters('virtualNetworkId')]",
    "subnetRef": "[concat(variables('vnetId'), '/subnets/', parameters('subnetName'))]"
  },
  "resources": [
    {
      "type": "Microsoft.Network/networkInterfaces",
      "apiVersion": "2019-07-01",
      "name": "[parameters('networkInterfaceName')]",
      "location": "[parameters('location')]",
      "dependsOn": [
        "[concat('Microsoft.Network/networkSecurityGroups/', parameters('networkSecurityGroupName'))]",
        "[concat('Microsoft.Network/publicIpAddresses/', parameters('publicIpAddressName'))]"
      ],
      "properties": {
        "ipConfigurations": [
          {
            "name": "ipconfig1",
            "properties": {
              "subnet": {
                "id": "[variables('subnetRef')]"
              },
              "privateIPAllocationMethod": "Dynamic",
              "publicIpAddress": {
                "id": "[resourceId(resourceGroup().name, 'Microsoft.Network/publicIpAddresses', parameters('publicIpAddressName'))]"
              }
            }
          }
        ],
        "networkSecurityGroup": {
          "id": "[variables('nsgId')]"
        }
      }
    },
    {
      "type": "Microsoft.Network/networkSecurityGroups",
      "apiVersion": "2019-02-01",
      "name": "[parameters('networkSecurityGroupName')]",
      "location": "[parameters('location')]",
      "properties": {
        "securityRules": "[parameters('networkSecurityGroupRules')]"
      }
    },
    {
      "type": "Microsoft.Network/publicIpAddresses",
      "apiVersion": "2019-02-01",
      "name": "[parameters('publicIpAddressName')]",
      "location": "[parameters('location')]",
      "sku": {
        "name": "[parameters('publicIpAddressSku')]"
      },
      "properties": {
        "publicIpAllocationMethod": "[parameters('publicIpAddressType')]"
      }
    },
    {
      "type": "Microsoft.Compute/virtualMachines",
      "apiVersion": "2019-03-01",
      "name": "[parameters('virtualMachineName')]",
      "location": "[parameters('location')]",
      "dependsOn": [
        "[concat('Microsoft.Network/networkInterfaces/', parameters('networkInterfaceName'))]",
        "[concat('Microsoft.Storage/storageAccounts/', parameters('diagnosticsStorageAccountName'))]"
      ],
      "plan": {
        "name": "vsrx-azure-image-payg-b1",
        "publisher": "juniper-networks",
        "product": "vsrx-next-generation-firewall-payg"
      },
      "properties": {
        "hardwareProfile": {
          "vmSize": "[parameters('virtualMachineSize')]"
        },
        "storageProfile": {
          "osDisk": {
            "createOption": "fromImage",
            "managedDisk": {
              "storageAccountType": "[parameters('osDiskType')]"
            }
          },
          "imageReference": {
            "publisher": "juniper-networks",
            "offer": "vsrx-next-generation-firewall-payg",
            "sku": "vsrx-azure-image-payg-b1",
            "version": "19.2.1"
          }
        },
        "networkProfile": {
          "networkInterfaces": [
            {
              "id": "[resourceId('Microsoft.Network/networkInterfaces', parameters('networkInterfaceName'))]"
            }
          ]
        },
        "osProfile": {
          "computerName": "[parameters('virtualMachineName')]",
          "adminUsername": "[parameters('adminUsername')]",
          "adminPassword": "[parameters('adminPassword')]"
        },
        "diagnosticsProfile": {
          "bootDiagnostics": {
            "enabled": true,
            "storageUri": "[concat('https://', parameters('diagnosticsStorageAccountName'), '.blob.core.windows.net/')]"
          }
        }
      }
    },
    {
      "type": "Microsoft.Storage/storageAccounts",
      "apiVersion": "2019-06-01",
      "name": "[parameters('diagnosticsStorageAccountName')]",
      "location": "[parameters('location')]",
      "sku": {
        "name": "[parameters('diagnosticsStorageAccountType')]"
      },
      "kind": "[parameters('diagnosticsStorageAccountKind')]",
      "properties": {
        "supportsHttpsTrafficOnly": true
      }
    }
  ],
  "outputs": {
    "adminUsername": {
      "type": "String",
      "value": "[parameters('adminUsername')]"
    }
  }
}