{
  "$schema": "https://schema.management.azure.com/schemas/2015-01-01/deploymentTemplate.json#",
  "contentVersion": "1.0.0.0",
  "parameters": {
    "keyVaultName": {
      "type": "string",
      "metadata": {
        "Description": "The name of the KeyVault to create - name is expected to be unique already"
      }
    },
    "enabledForDeployment": {
      "type": "bool",
      "defaultValue": true,
      "allowedValues": [
        true,
        false
      ],
      "metadata": {
        "description": "Specifies whether Azure Virtual Machines are permitted to retrieve certificates stored as secrets from the key vault."
      }
    },
    "enabledForDiskEncryption": {
      "type": "bool",
      "defaultValue": true,
      "allowedValues": [
        true,
        false
      ],
      "metadata": {
        "description": "Specifies whether Azure Disk Encryption is permitted to retrieve secrets from the vault and unwrap keys."
      }
    },
    "enabledForTemplateDeployment": {
      "type": "bool",
      "defaultValue": true,
      "allowedValues": [
        true,
        false
      ],
      "metadata": {
        "description": "Specifies whether Azure Resource Manager is permitted to retrieve secrets from the key vault."
      }
    },
    "skuName": {
      "type": "string",
      "defaultValue": "Standard",
      "allowedValues": [
        "Standard",
        "Premium"
      ],
      "metadata": {
        "description": "Specifies whether the key vault is a standard vault or a premium vault."
      }
    },
    "enableSoftDelete": {
      "type": "bool",
      "defaultValue": true,
      "allowedValues": [
        true,
        false
      ],
      "metadata": {
        "description": "Specifies whether the key vault should be enabled with Soft Delete."
      }
    }
  },
  "variables": { 
  },
  "resources": [
    {
      "type": "Microsoft.KeyVault/vaults",
      "apiVersion": "2015-06-01",
      "name": "[parameters('keyVaultName')]",
      "location": "[resourceGroup().location]",
      "properties": {
        "enabledForDeployment": "[parameters('enabledForDeployment')]",
        "enabledForDiskEncryption": "[parameters('enabledForDiskEncryption')]",
        "enabledForTemplateDeployment": "[parameters('enabledForTemplateDeployment')]",
        "enableSoftDelete": "[parameters('enableSoftDelete')]",
        "tenantId": "[subscription().tenantId]",
        "accessPolicies": [ ],
        "sku": {
          "name": "[parameters('skuName')]",
          "family": "A"
        },
        "networkAcls": {
          "value": {
            "defaultAction": "Allow",
            "bypass": "AzureServices"
          }
        }
      }
    }
  ]
}