{
  "$schema": "https://schema.management.azure.com/schemas/2019-04-01/deploymentTemplate.json#",
  "contentVersion": "1.0.0.0",
  "parameters": {
    "keyVaultName": {
      "type": "string",
      "metadata": {
        "description": "Specifies the name of the key vault."
      }
    },
    "location": {
      "type": "string",
      "defaultValue": "[resourceGroup().location]",
      "metadata": {
        "description": "Specifies the Azure location where the Key Vault should be created."
      }
    },
    "tenantId": {
      "type": "string",
      "defaultValue": "[subscription().tenantId]",
      "metadata": {
        "description": "Specifies the Azure Active Directory tenant ID that should be used for authenticating requests to the Key Vault."
      }
    },
    "keysPermissions": {
      "type": "array",
      "defaultValue":[],
      "metadata": {
        "description": "Array containing the permissions to be granted to Keys in the vault."
      }
    },
    "certificatesPermissions": {
      "type": "array",
      "defaultValue": [],
      "metadata": {
        "description": "Array containing the permissions to be granted to Certificates in the vault."
      }
    },
    "secretsPermissions": {
      "type": "array",
      "defaultValue": [],
      "metadata": {
        "description": "Array containing the permissions to be granted to Secrets in the vault."
      }
    },
    "idList": {
      "type": "array",
      "metadata": {
        "description": "Array of AzureAD objectID's for UPNs/SPNs to add to the list"
      }
    },
    "action": {
      "type": "string",
      "allowedValues": [
        "add",
        "replace",
        "remove"
      ],
      "defaultValue": "add",
      "metadata": {
        "description": "Set whether the accessPolicy deployment should 'add' to existing access policies, 'replace' the existing policies or 'remove' the ID's from the policy."
      }
    }
  },
  "variables": {
  },
  "resources": [
    {
      "name": "[concat(parameters('keyVaultName'), '/',parameters('action'))]",
      "type": "Microsoft.KeyVault/vaults/accessPolicies",
      "location": "[parameters('location')]",
      "apiVersion": "2018-02-14",
      "properties": {
        "mode": "Incremental",
        "copy": [
          {
            "name": "accessPolicies",
            "count": "[length(parameters('idList'))]",
            "input": {
              "tenantId": "[parameters('tenantId')]",
              "objectId": "[parameters('idList')[copyIndex('accessPolicies')]]",
              "permissions": {
                "keys": "[parameters('keysPermissions')]",
                "secrets": "[parameters('secretsPermissions')]",
                "certificates": "[parameters('certificatesPermissions')]",
                "storage": [
                ]
              }
            }
          }
        ]
      }
    }
  ]
}