{
  "$schema": "https://schema.management.azure.com/schemas/2015-01-01/deploymentTemplate.json",
  "contentVersion": "1.0.0.0",
  "parameters": {
    "localGatewayName": {
      "type": "string",
      "defaultValue": "localGateway",
      "metadata": {
        "description": "Arbitrary name for gateway resource representing "
      }
    },
    "localGatewayIpAddress": {
      "type": "string",
      "metadata": {
        "description": "Public IP of your StrongSwan Instance"
      }
    },
    "localAddressPrefix": {
      "type": "array",
      "defaultValue": [
        "192.168.0.0/16",
        "172.16.0.0/12"
      ],
      "metadata": {
        "description": "CIDR block representing the address space of the OnPremise VPN network's Subnet"
      }
    }
  },
  "variables": {
  },
  "resources": [
    {
      "apiVersion": "2015-06-15",
      "type": "Microsoft.Network/localNetworkGateways",
      "name": "[parameters('localGatewayName')]",
      "location": "[resourceGroup().location]",
      "properties": {
        "localNetworkAddressSpace": {
          "addressPrefixes": "[parameters('localAddressPrefix')]"
        },
        "gatewayIpAddress": "[parameters('localGatewayIpAddress')]"
      }
    }
  ]
}