{
  "$schema": "https://schema.management.azure.com/schemas/2019-04-01/deploymentTemplate.json#",
  "contentVersion": "1.0.0.0",
  "parameters": {
      "workspaceName": {
        "type": "string",
        "metadata": {
          "description": "Specifies the name of the workspace."
        }
      },
      "location": {
        "type": "string",
        "defaultValue": "[resourceGroup().location]",
        "metadata": {
          "description": "Specifies the location in which to create the workspace."
        }
      },
      "sku": {
        "type": "string",
        "allowedValues": [
          "Standalone",
          "PerNode",
          "PerGB2018"
        ],
        "defaultValue": "PerGB2018",
        "metadata": {
        "description": "Specifies the service tier of the workspace: Standalone, PerNode, PerGB2018"
      }
    }
  },
  "resources": [
    {
      "type": "Microsoft.OperationalInsights/workspaces",
      "name": "[parameters('workspaceName')]",
      "apiVersion": "2015-11-01-preview",
      "location": "[parameters('location')]",
      "properties": {
        "sku": {
          "name": "[parameters('sku')]"
        },
        "features": {
          "searchVersion": 1
        }
      },
      "resources":[
      ]
    }
  ]
}