{
  "$schema": "https://schema.management.azure.com/schemas/2015-01-01/deploymentTemplate.json#",
  "contentVersion": "1.0.0.0",
  "parameters": {
    "logicAppName": {
      "type": "string",
      "defaultValue": "[concat('la', uniqueString(resourceGroup().id))]",
      "metadata": {
        "description": "The name of the logic app to create."
      }
    },
    "testUri": {
      "type": "string",
      "defaultValue": "http://azure.microsoft.com/en-us/status/feed/",
      "metadata": {
        "description": "A test URI"
      }
    }
  },
  "variables": {},
  "resources": [
    {
      "type": "Microsoft.Logic/workflows",
      "apiVersion": "2016-06-01",
      "name": "[parameters('logicAppName')]",
      "location": "[resourceGroup().location]",
      "tags": {
        "displayName": "LogicApp"
      },
      "properties": {
        "definition": {
          "$schema": "https://schema.management.azure.com/providers/Microsoft.Logic/schemas/2016-06-01/workflowdefinition.json#",
          "contentVersion": "1.0.0.0",
          "parameters": {
            "testUri": {
              "type": "string",
              "defaultValue": "[parameters('testUri')]"
            }
          },
          "triggers": {
            "recurrence": {
              "type": "recurrence",
              "recurrence": {
                "frequency": "Hour",
                "interval": 1
              }
            }
          },
          "actions": {
            "http": {
              "type": "Http",
              "inputs": {
                "method": "GET",
                "uri": "@parameters('testUri')"
              },
              "runAfter": {}
            }
          },
          "outputs": {}
        },
        "parameters": {}
      }
    }
  ],
  "outputs": {}
}