{
  "$schema": "https://schema.management.azure.com/schemas/2015-01-01/deploymentTemplate.json#",
  "contentVersion": "1.0.0.0",
  "parameters": {
    "mysqlserver_name": {
      "defaultValue": "[concat('mysql', uniqueString(resourceGroup().id))]",
      "type": "string"
    },
    "sku": {
      "type": "object",
      "defaultValue": {
        "name": "B_Gen5_2",
        "tier": "Basic",
        "family": "Gen5",
        "capacity": 2
      }
    },
    "administratorLogin": {
      "type": "string",
      "defaultValue": "mysqladmin", 
      "minLength": 1,
      "metadata": {
        "description": "Database administrator login name"
      }
    },
    "administratorLoginPassword": {
      "type": "securestring",
      "defaultValue": "nimdalqsym1!",
      "minLength": 8,
      "metadata": {
        "description": "Database administrator password"
      }
    }
  },
  "variables": {},
  "resources": [
    {
      "type": "Microsoft.DBforMySQL/servers",
      "apiVersion": "2017-12-01-preview",
      "name": "[parameters('mysqlserver_name')]",
      "location": "[resourceGroup().location]",
      "sku": "[parameters('sku')]",
      "properties": {
        "storageProfile": {
          "storageMB": 51200,
          "backupRetentionDays": 7,
          "geoRedundantBackup": "Disabled"
        },
        "version": "8.0",
        "administratorLogin": "[parameters('administratorLogin')]",
        "administratorLoginPassword": "[parameters('administratorLoginPassword')]",
        "sslEnforcement": "Enabled"
      }
    }
  ]
}