{
    "$schema": "https://schema.management.azure.com/schemas/2015-01-01/deploymentTemplate.json#",
    "contentVersion": "1.0.0.0",
    "parameters": {
        "Name": {
            "type": "string",
            "metadata": {
                "description": "Friendly name to use as base for naming convention."
            }
        },
        "ResourceLocation": {
            "type": "string",
            "allowedValues": [
                "eastus",
                "westus2",
                "canadacentral",
                "australiasoutheast",
                "southeastasia",
                "centralindia",
                "japaneast",
                "uksouth",
                "westeurope",
                "usgovvirginia"
            ],
            "metadata": {
                "description": "Location of resource"
            }
        },
        "shortLocationLookupCodes": {
            "type": "object",
            "defaultValue": {
                "eastus": "eus",
                "westus2": "wus",
                "canadacentral": "cnc",
                "australiasoutheast": "aue",
                "southeastasia": "sea",
                "centralindia": "cia",
                "japaneast": "jpe",
                "uksouth": "uks",
                "westeurope": "weu",
                "usgovvirginia": "usv"
            }
        }
    },
    "variables": {
        "basename": "[toLower(parameters('name'))]",
        "shortLocationCode": "[parameters('shortLocationLookupCodes')[toLower(parameters('ResourceLocation'))]]",
        "uniqueId": "[uniqueString(subscription().id, resourceGroup().name)]"
    },
    "resources": [
    ],
    "outputs": {
        "vm": {
            "type": "string",
            "value": "[concat('vm', variables('basename'), variables('shortLocationCode'))]"
        },
        "keyvault": {
            "type": "string",
            "value": "[take(concat('kv', '-', variables('basename'), '-', variables('shortLocationCode'), '-', variables('uniqueId')), 24)]"
        },
        "StorageAccount": {
            "type": "string",
            "value": "[take(concat('sa', variables('basename'), variables('shortLocationCode'), variables('uniqueId')), 24)]"
        }
    }
}