{
  "$schema": "https://schema.management.azure.com/schemas/2015-01-01/deploymentTemplate.json",
  "contentVersion": "1.0.0.0",
  "parameters": {
    "localGatewayName": {
      "type": "string",
      "defaultValue": "localGateway",
      "metadata": {
        "description": "Arbitrary name for gateway resource representing "
      }
    },
    "gatewayName": {
      "type": "string",
      "defaultValue": "azureGateway",
      "metadata": {
        "description": "Arbitrary name for the new gateway"
      }
    },
    "connectionName": {
      "type": "string",
      "defaultValue": "Azure2Other",
      "metadata": {
        "description": "Arbitrary name for the new connection between Azure VNet and other network"
      }
    },
    "sharedKey": {
      "type": "securestring",
      "metadata": {
        "description": "Shared key (PSK) for IPSec tunnel"
      }
    }
  },
  "variables": {},
  "resources": [
    {
      "apiVersion": "2015-06-15",
      "name": "[parameters('connectionName')]",
      "type": "Microsoft.Network/connections",
      "location": "[resourceGroup().location]",
      "dependsOn": [],
      "properties": {
        "virtualNetworkGateway1": {
          "id": "[resourceId('Microsoft.Network/virtualNetworkGateways', parameters('gatewayName'))]"
        },
        "localNetworkGateway2": {
          "id": "[resourceId('Microsoft.Network/localNetworkGateways', parameters('localGatewayName'))]"
        },
        "connectionType": "IPsec",
        "routingWeight": 10,
        "sharedKey": "[parameters('sharedKey')]"
      }
    }
  ]
}