{
"$schema": "https://schema.management.azure.com/schemas/2015-01-01/deploymentTemplate.json#",
    "contentVersion": "1.0.0.0",
    "parameters": {
        "location": {
        "type": "string",
        "defaultValue": "[resourceGroup().location]",
          "metadata": {
            "description":"Location (region) to deploy the NSG, defaults to the same location as the target deployment Resource Group."
          }
      },
      "nsgName": {
        "type": "string",
          "metadata": {
            "description":"Name of the NSG"
          }
      },
      "customRules": {
        "type": "array",
        "defaultValue": [],
          "metadata": {
            "description":"Array of rules to pass through during scripted/CICD process."
          }
      }
    },
  "resources": [
        {
            "type": "Microsoft.Network/networkSecurityGroups",
            "apiVersion": "2019-08-01",
            "name": "[parameters('nsgName')]",
            "location": "[parameters('location')]",
             "properties": {
                 "securityRules": "[parameters('customRules')]"
             }
        }
  ],
   "outputs": {
    }
}
