{
  "$schema": "https://schema.management.azure.com/schemas/2015-01-01/deploymentTemplate.json#",
  "contentVersion": "1.0.0.0",
  "parameters": {
    "administratorLogin": {
      "type": "string",
      "defaultValue": "postgradesqladmin",
      "minLength": 1,
      "metadata": {
        "description": "Database administrator login name"
      }
    },
    "administratorLoginPassword": {
      "type": "securestring",
      "defaultValue": "Imdalqsedargtsop1!",
      "minLength": 8,
      "maxLength": 128,
      "metadata": {
        "description": "Database administrator password"
      }
    },
    "databaseSkuCapacity": {
      "type": "int",
      "defaultValue": 2,
      "allowedValues": [
        2,
        4,
        8,
        16,
        32
      ],
      "metadata": {
        "description": "Azure database for PostgreSQL compute capacity in vCores (2,4,8,16,32)"
      }
    },
    "databaseSkuName": {
      "type": "string",
      "defaultValue": "GP_Gen5_2",
      "allowedValues": [
        "GP_Gen5_2",
        "GP_Gen5_4",
        "GP_Gen5_8",
        "GP_Gen5_16",
        "GP_Gen5_32",
        "MO_Gen5_2",
        "MO_Gen5_4",
        "MO_Gen5_8",
        "MO_Gen5_16",
        "MO_Gen5_32"
      ],
      "metadata": {
        "description": "Azure database for PostgreSQL sku name "
      }
    },
    "databaseSkuSizeMB": {
      "type": "int",
      "allowedValues": [
        102400,
        51200
      ],
      "defaultValue": 51200,
      "metadata": {
        "description": "Azure database for PostgreSQL Sku Size "
      }
    },
    "databaseSkuTier": {
      "type": "string",
      "defaultValue": "GeneralPurpose",
      "allowedValues": [
        "GeneralPurpose",
        "MemoryOptimized"
      ],
      "metadata": {
        "description": "Azure database for PostgreSQL pricing tier"
      }
    },
    "postgresqlVersion": {
      "type": "string",
      "allowedValues": [
        "9.5",
        "9.6"
      ],
      "defaultValue": "9.6",
      "metadata": {
        "description": "PostgreSQL version"
      }
    },
    "databaseskuFamily": {
      "type": "string",
      "defaultValue": "Gen5",
      "metadata": {
        "description": "Azure database for PostgreSQL sku family"
      }
    },
    "firewall_startIpAddress": {
      "type": "string",
      "defaultValue": "0.0.0.0",
      "metadata": {
        "description": "Start IP address for PostgreSQL DB"
      }
    },
    "firewall_endIpAddress": {
      "type": "string",
      "defaultValue": "255.255.255.255",
      "metadata": {
        "description": "End IP address for PostgreSQL DB"
      }
    },
    "siteName": {
      "type": "string",
      "defaultValue": "drivetrain"
    }
  },
  "variables": {
    "databaseName": "[concat(parameters('siteName'), 'database')]",
    "serverName": "[concat(parameters('siteName'), 'pgserver')]"
  },
  "resources": [
    {
      "apiVersion": "2017-12-01",
      "type": "Microsoft.DBforPostgreSQL/servers",
      "location": "[resourceGroup().location]",
      "name": "[variables('serverName')]",
      "sku": {
        "name": "[parameters('databaseSkuName')]",
        "tier": "[parameters('databaseSkuTier')]",
        "capacity": "[parameters('databaseSkucapacity')]",
        "size": "[parameters('databaseSkuSizeMB')]",
        "family": "[parameters('databaseskuFamily')]"
      },
      "properties": {
        "version": "[parameters('postgresqlVersion')]",
        "administratorLogin": "[parameters('administratorLogin')]",
        "administratorLoginPassword": "[parameters('administratorLoginPassword')]",
        "storageMB": "[parameters('databaseSkuSizeMB')]"
      },
      "resources": [
        {
          "type": "firewallrules",
          "apiVersion": "2017-12-01",
          "dependsOn": [
            "[concat('Microsoft.DBforPostgreSQL/servers/', variables('serverName'))]"
          ],
          "location": "[resourceGroup().location]",
          "name": "[concat(variables('serverName'),'firewall')]",
          "properties": {
            "startIpAddress": "[parameters('firewall_startIpAddress')]",
            "endIpAddress": "[parameters('firewall_endIpAddress')]"
          }
        },
        {
          "name": "[variables('databaseName')]",
          "type": "databases",
          "apiVersion": "2017-12-01",
          "properties": {
            "charset": "utf8",
            "collation": "English_United States.1252"
          },
          "dependsOn": [
            "[concat('Microsoft.DBforPostgreSQL/servers/', variables('serverName'))]"
          ]
        }
      ]
    }
  ]
  }