{
  "$schema": "http://schema.management.azure.com/schemas/2014-04-01-preview/deploymentTemplate.json#",
  "contentVersion": "1.0.0.0",
  "parameters": {
    "name": {
      "type": "string",
      "defaultValue": "[concat('pbi', uniqueString(resourceGroup().id))]"
    },
    "sku": {
      "type": "string",
      "defaultValue": "A1",
      "allowedValues": [
        "A1",
        "A2",
        "A3",
        "A4",
        "A5",
        "A6"
      ]
    },
    "admin": {
      "type": "string",
      "defaultValue": "Rahul.Saraf@newsignature.com"
    },
    "tags": {
      "type": "object",
      "defaultValue": {}
    }
  },
  "resources": [
    {
      "apiVersion": "2017-10-01",
      "name": "[parameters('name')]",
      "location": "[resourceGroup().location]",
      "type": "Microsoft.PowerBIDedicated/capacities",
      "sku": {
        "name": "[parameters('sku')]"
      },
      "properties": {
        "administration": {
          "members": [
            "[parameters('admin')]"
          ]
        }
      },
      "tags": "[parameters('tags')]"
    }
  ]
}