{
    "$schema": "https://schema.management.azure.com/schemas/2019-04-01/deploymentTemplate.json#",
    "contentVersion": "1.0.0.0",
    "parameters": {
        "publicIPName": {
          "type": "string",
          "metadata": {
            "description": "Name to give the Public IP Address resource."
          }
        },
        "location": {
          "type": "string",
          "defaultValue": "[resourceGroup().location]",
          "metadata": {
            "description": "Location (region) in which to deploy the Public IP, defaults to location of the deployment Resource Group."
          }
        },
        "sku": {
          "type": "string",
          "defaultValue": "Standard",
          "allowedValues": [
              "Basic",
              "Standard"
          ],
          "metadata": {
            "description": "SKU of the IP address, can be Basic or Standard."
          }
        },
        "allocationMethod": {
          "type": "string",
          "defaultValue":"Static",
          "allowedValues": [
              "Dynamic",
              "Static"
          ],
          "metadata": {
            "description": "Allocation method of the IP, can be either Dynamic or Static."
          }
        },
        "idleTimeoutInMinutes": {
          "type": "int",
          "defaultValue":4,
          "metadata": {
            "description": "Idle Timeout In Minutes, defaults to 4 minutes."
          }
        },
        "publicIpAddressVersion": {
          "type": "string",
          "defaultValue":"IPv4",
          "allowedValues": [
            "IPv4",
            "IPv6"
          ],
          "metadata": {
            "description": "IP Address version, can be either IPv4 or IPv6, defaults to IPv4."
          }
        },
        "domainNameLabel": {
          "type": "string",
          "defaultValue": "",
          "metadata": {
            "description": "Domain name to apply to the DNS record if it is provided in this parameter."
          }
        },
        "addUniqueStringToDomainNameLabel": {
          "type": "bool",
          "defaultValue": false,
          "metadata": {
            "description": "Boolean value on whether to add a six character unique string to the end of the domainNameLabel"
          }
        },
        "tags": {
            "type": "object",
            "defaultValue": {},
          "metadata": {
            "description": "Object where tags can optionally be passed into the template."
          }
        }
    },
    "variables": {
        "uniqueSuffix": "[if(parameters('addUniqueStringToDomainNameLabel'),take(uniqueString(resourceGroup().id),6),'')]",
        "dnsLabel" : "[concat(parameters('domainNameLabel'), variables('uniqueSuffix'))]"
    },
    "resources": [
        {
            "apiVersion": "2019-02-01",
            "type": "Microsoft.Network/publicIPAddresses",
            "name": "[parameters('publicIPName')]",
            "location": "[parameters('location')]",
            "sku": {
                "name": "[parameters('sku')]"
            },
            "tags": "[parameters('tags')]",
            "properties": {
                "publicIPAllocationMethod": "[parameters('allocationMethod')]",
                "idleTimeoutInMinutes": "[parameters('idleTimeoutInMinutes')]",
                "publicIpAddressVersion": "[parameters('publicIpAddressVersion')]",
                "ipTags": [],
                "dnsSettings": "[if(not(empty(parameters('domainNameLabel'))),json(concat('{\"domainNameLabel\":\"',variables('dnsLabel'),'\"}')),json('null'))]"
            }
        }
    ],
    "outputs": {
        "IpAddress": {
            "type": "string",
            "value": "[reference(resourceId('Microsoft.Network/publicIPAddresses',parameters('publicIPName'))).IpAddress]"
        },
        "Fqdn": {
            "type": "string",
            "value": "[reference(resourceId('Microsoft.Network/publicIPAddresses',parameters('publicIPName'))).DnsSettings.Fqdn]"
        }
    }
}

