{
  "$schema": "http://schema.management.azure.com/schemas/2014-04-01-preview/deploymentTemplate.json#",
  "contentVersion": "1.0.0.0",
  "parameters": {
    "name": {
      "type": "string",
      "defaultValue": "[concat('rc', uniqueString(resourceGroup().id))]"
    },
    "sku": {
      "type": "object",
      "defaultValue": {
        "name": "Basic",
        "family": "C",
        "capacity": 0
      }
    }

  },
  "resources": [
    {
      "apiVersion": "2018-03-01",
      "type": "Microsoft.Cache/Redis",
      "name": "[parameters('name')]",
      "location": "[resourceGroup().location]",
      "properties": {
        "sku": "[parameters('sku')]",
        "redisConfiguration": {},
        "enableNonSslPort": false
      }
    }
  ]
}