{
  "$schema": "http://schema.management.azure.com/schemas/2015-01-01-preview/deploymentTemplate.json#",
  "contentVersion": "1.0.0.0",
  "parameters": {
    "name": {
      "type": "string",
      "defaultValue": "[concat('rs', uniqueString(resourceGroup().id))]"
    }
  },
  "resources": [
    {
      "type": "Microsoft.Relay/namespaces",
      "apiVersion": "2017-04-01",
      "name": "[parameters('name')]",
      "location": "[resourceGroup().location]",
      "properties": {
        "namespaceType": "Relay"
      }
    }
  ]
}