{
    "$schema": "https://schema.management.azure.com/schemas/2015-01-01/deploymentTemplate.json#",
    "contentVersion": "1.0.0.0",
    "parameters": {
      "location": {
        "type": "string",
        "defaultValue": "[resourceGroup().location]",
        "metadata": {
          "description": "Location to deploy the route table, defaults to the Resource Group location this template is deployed to."
        }
      },
      "routeTableName": {
        "type": "string",
        "metadata": {
          "description": "Name of the route table"
        }
      },
      "defaultRouteHopType": {
        "type": "string",
        "defaultValue": "Internet",
        "allowedValues": [
          "Internet",
          "VirtualAppliance"
        ],
        "metadata": {
          "description": "Next hop type of the default route (0.0.0./0) which will be added to the route table unless disabled by the another parameter."
        }
      },
      "defaultRouteNextHopIp": {
        "type": "string",
        "defaultValue": "",
        "metadata": {
          "description": "Next hop IP for the default route if set to VirtualAppliance"
        }
      },
      "customRoutes": {
        "type": "array",
        "defaultValue": [],
        "metadata": {
          "description": "Array of custom routes that can be added to the Route Table in addition to the default route."
        }
      },
      "disableDefaultRoute": {
        "type": "bool",
        "defaultValue": false,
        "metadata": {
          "description": "Disabled the addition of the default route (0.0.0.0/0) if set to true"
        }
      }
    },
    "variables": {
      "emptyArray": [],
      "defaultRoute": [
        {
          "name": "DefaultRoute",
          "properties":{
            "addressPrefix": "0.0.0.0/0",
            "nextHopIpAddress": "[if(not(empty(parameters('defaultRouteNextHopIp'))),parameters('defaultRouteNextHopIp'),json('null'))]",
            "nextHopType": "[parameters('defaultRouteHopType')]"
          }
        }
      ]
    },
    "resources": [
        {
          "apiVersion": "2019-04-01",
          "type": "Microsoft.Network/routeTables",
          "name": "[parameters('routeTableName')]",
          "location": "[parameters('location')]",
          "properties": {
            "routes": "[concat(if(parameters('disableDefaultRoute'),variables('emptyArray'),variables('defaultRoute')),parameters('customRoutes'))]"
          }
        }


    ],
    "outputs": {
    }
  }