{
    "$schema": "https://schema.management.azure.com/schemas/2015-01-01/deploymentTemplate.json#",
    "contentVersion": "1.0.0.0",
    "parameters": {
      "routeTableName": {
        "type": "string",
        "metadata": {
          "description": "Name of the target Route Table"
        }
      },
      "routeName": {
        "type": "string",
        "metadata": {
          "description": "Name of the route to add/amend."
        }
      },
      "addressPrefix": {
        "type": "string",
        "metadata": {
          "description": "The address prefix of the route"
        }
      },
      "routeHopType": {
        "type": "string",
        "allowedValues": [
          "VirtualNetworkGateway",
          "VnetLocal",
          "Internet",
          "VirtualAppliance",
          "None"
        ],
        "metadata": {
          "description": "Next hop type of the route. One of VirtualNetworkGateway, VnetLocal, Internet, VirtualAppliance or None"
        }
      },
      "routeNextHopIp": {
        "type": "string",
        "defaultValue": "",
        "metadata": {
          "description": "The IP address packets should be forwarded to. The value only needs to be provided if the next hop type is VirtualAppliance."
        }
      }
    },
    "variables": {
    },
    "resources": [
      {
        "name": "[concat(parameters('routeTableName'),'/',parameters('routeName'))]",
        "type": "Microsoft.Network/routeTables/routes",
        "apiVersion": "2019-09-01",
        "properties": {
          "addressPrefix": "[parameters('addressPrefix')]",
          "nextHopType": "[parameters('routeHopType')]",
          "nextHopIpAddress": "[if(equals(parameters('routeHopType'),'VirtualAppliance'),parameters('routeNextHopIp'),json('null'))]"
        }
      }
    ],
    "outputs": {
    }
  }