{
  "$schema": "https://schema.management.azure.com/schemas/2015-01-01/deploymentTemplate.json#",
  "contentVersion": "1.0.0.0",
  "parameters": {
    "serviceName": {
      "type": "string",
      "defaultValue": "[concat('ss', uniqueString(resourceGroup().id))]"
    },
    "sku": {
      "type": "string",
      "defaultValue": "free",
      "allowedValues": [
        "free",
        "basic",
        "standard",
        "standard2",
        "standard3"
      ],
      "metadata": {
        "description": "The SKU of the search service you want to create. E.g. free or standard"
      }
    },
    "hostingMode": {
      "type": "string",
      "defaultValue": "default"
    }
  },
  "resources": [
    {
      "apiVersion": "2015-08-19",
      "name": "[parameters('serviceName')]",
      "location": "[resourceGroup().location]",
      "sku": {
        "name": "[parameters('sku')]"
      },
      "type": "Microsoft.Search/searchServices",
      "properties": {
        "replicaCount": 1,
        "partitionCount": 1,
        "hostingMode": "[parameters('hostingMode')]"
      },
      "tags": {}
    }
  ]
}