{
  "$schema": "https://schema.management.azure.com/schemas/2019-04-01/deploymentTemplate.json#",
  "contentVersion": "1.0.0.0",
  "parameters": {
    "pricing": {
      "type": "string",
      "defaultValue": "Free",
      "allowedValues": [
        "Standard",
        "Free"
      ],
      "metadata": {
        "description": "The SKU of the Security Center to enable. E.g. free or standard"
      }
    },
    "resourceType": {
      "type": "array",
      "defaultValue": [
        "VirtualMachines",
        "SqlServers",
        "AppServices",
        "StorageAccounts",
        "SqlServerVirtualMachines",
        "KubernetesService",
        "ContainerRegistry",
        "KeyVaults"
      ],
      "metadata": {
        "description": "Array of the services to enable for Security Center"
      }
    }
  },
  "resources": [
    {
      "type": "Microsoft.Security/pricings",
      "apiVersion": "2018-06-01",
      "name": "[parameters('resourceType')[copyIndex()]]",
      "properties": {
        "pricingTier": "[parameters('pricing')]"
      },
      "copy": {
        "name": "ResourceTypeCopy",
        "count": "[length(parameters('ResourceType'))]"
      }
    }
  ]
}