{
  "$schema": "https://schema.management.azure.com/schemas/2015-01-01/deploymentTemplate.json#",
  "contentVersion": "1.0.0.0",
  "parameters": {
    "name": {
      "type": "string",
      "defaultValue": "[concat('sigr', uniqueString(resourceGroup().id))]"
    },
    "skuName": {
      "defaultValue": "Free_F1",
      "allowedValues": [
        "Free_F1",
        "Standard_S1"
      ],
      "type": "string"
    },
    "tier": {
      "allowedValues": [
        "Free",
        "Standard",
        "Premium"
      ],
      "type": "string",
      "defaultValue": "Free"
    },
    "capacity": {
      "type": "int",
      "defaultValue": 1,
      "allowedValues": [
        1,
        2,
        5,
        10,
        20,
        50,
        100
      ],
      "metadata": {
        "description": "The number of SignalR Unit."
      }
    },
    "serviceMode": {
      "defaultValue": "Default",
      "allowedValues": [
        "Default",
        "Serverless",
        "Classic",
        "PredefinedOnly"
      ],
      "type": "string"
    },
    "tags": {
      "type": "object",
      "defaultValue": {}
    }
  },
  "resources": [
    {
      "type": "Microsoft.SignalRService/SignalR",
      "apiVersion": "2018-10-01",
      "name": "[parameters('name')]",
      "location": "[resourceGroup().location]",
      "tags": "[parameters('tags')]",
      "sku": {
        "name": "[parameters('skuName')]",
        "tier": "[parameters('tier')]",
        "capacity": "[parameters('capacity')]"
      },
      "properties": {
        "hostNamePrefix": "[parameters('name')]",
        "features": [
          {
            "flag": "ServiceMode",
            "value": "[parameters('serviceMode')]"
          }
        ]
      }
    }
  ]
}