{
  "$schema": "http://schema.management.azure.com/schemas/2014-04-01-preview/deploymentTemplate.json#",
  "contentVersion": "1.0.0.0",
  "parameters": {
    "administratorLogin": {
      "type": "string"
    },
    "administratorLoginPassword": {
      "type": "securestring"
    },
    "collation": {
      "type": "string"
    },
    "databaseName": {
      "type": "string"
    },
    "skuName": {
      "type": "string"
    },
    "tier": {
      "type": "string"
    },
    "poolLimit": {
      "type": "string"
    },
    "poolSize": {
      "type": "int"
    },
    "perDatabasePerformanceMin": {
      "type": "string"
    },
    "perDatabasePerformanceMax": {
      "type": "string"
    },
    "serverName": {
      "type": "string"
    },
    "elasticPoolName": {
      "type": "string"
    },
    "sampleName": {
      "defaultValue": "",
      "type": "string"
    },
    "zoneRedundant": {
      "defaultValue": false,
      "type": "bool"
    },
    "licenseType": {
      "defaultValue": "",
      "type": "string"
    },
    "enableADS": {
      "defaultValue": false,
      "type": "bool"
    },
    "allowAzureIps": {
      "defaultValue": true,
      "type": "bool"
    },
    "databaseTags": {
      "defaultValue": {},
      "type": "object"
    },
    "serverTags": {
      "defaultValue": {},
      "type": "object"
    },
    "elasticPoolTags": {
      "defaultValue": {},
      "type": "object"
    },
    "enableVA": {
      "defaultValue": false,
      "type": "bool"
    },
    "firewall_startIpAddress": {
      "type": "string",
      "defaultValue": "0.0.0.0",
      "metadata": {
        "description": "Start IP address for SQL DB"
      }
    },
    "firewall_endIpAddress": {
      "type": "string",
      "defaultValue": "0.0.0.0",
      "metadata": {
        "description": "End IP address for SQL DB"
      }
    }
  },
  "variables": {
    "subscriptionId": "[subscription().subscriptionId]",
    "resourceGroupName": "[resourceGroup().name]",
    "uniqueStorage": "[uniqueString(variables('subscriptionId'), variables('resourceGroupName'), resourceGroup().location)]",
    "storageName": "[tolower(concat('sqlva', variables('uniqueStorage')))]"
  },
  "resources": [
    {
      "type": "Microsoft.Storage/storageAccounts",
      "apiVersion": "2018-11-01",
      "name": "[variables('storageName')]",
      "kind": "Storage",
      "location": "[resourceGroup().location]",
      "sku": {
        "name": "Standard_LRS"
      },
      "properties": {
        "supportsHttpsTrafficOnly": true
      },
      "condition": "[parameters('enableVA')]"
    },
    {
      "type": "Microsoft.Sql/servers",
      "apiVersion": "2015-05-01-preview",
      "name": "[parameters('serverName')]",
      "location": "[resourceGroup().location]",
      "tags": "[parameters('serverTags')]",
      "properties": {
        "administratorLogin": "[parameters('administratorLogin')]",
        "administratorLoginPassword": "[parameters('administratorLoginPassword')]",
        "version": "12.0"
      },
      "resources": [
        {
          "type": "Microsoft.Sql/servers/elasticpools",
          "apiVersion": "2017-10-01-preview",
          "name": "[concat(parameters('serverName'), '/', parameters('elasticPoolName'))]",
          "location": "[resourceGroup().location]",
          "dependsOn": [
            "[concat('Microsoft.Sql/servers/', parameters('serverName'))]"
          ],
          "tags": "[parameters('elasticPoolTags')]",
          "sku": {
            "name": "[parameters('skuName')]",
            "tier": "[parameters('tier')]",
            "capacity": "[parameters('poolLimit')]"
          },
          "properties": {
            "perDatabaseSettings": {
              "minCapacity": "[parameters('perDatabasePerformanceMin')]",
              "maxCapacity": "[parameters('perDatabasePerformanceMax')]"
            },
            "zoneRedundant": "[parameters('zoneRedundant')]",
            "licenseType": "[parameters('licenseType')]",
            "storageMB": "[parameters('poolSize')]"
          }
        },
        {
          "type": "databases",
          "apiVersion": "2017-10-01-preview",
          "name": "[parameters('databaseName')]",
          "location": "[resourceGroup().location]",
          "dependsOn": [
            "[concat('Microsoft.Sql/servers/', parameters('serverName'))]",
            "[concat('Microsoft.Sql/servers/', parameters('serverName'), '/elasticpools/', parameters('elasticPoolName'))]"
          ],
          "tags": "[parameters('databaseTags')]",
          "properties": {
            "collation": "[parameters('collation')]",
            "elasticPoolId": "[resourceId('Microsoft.Sql/servers/elasticpools', parameters('serverName') , parameters('elasticPoolName'))]",
            "sampleName": "[parameters('sampleName')]",
            "zoneRedundant": "[parameters('zoneRedundant')]",
            "licenseType": "[parameters('licenseType')]"
          },
          "resources": [
            {
              "comments": "Transparent Data Encryption",
              "name": "current",
              "type": "transparentDataEncryption",
              "apiVersion": "2014-04-01",
              "properties": {
                "status": "enabled"
              },
              "dependsOn": [
                "[parameters('databaseName')]"
              ]
            }
          ]
        },
        {
          "type": "firewallrules",
          "apiVersion": "2014-04-01-preview",
          "name": "AllowAllWindowsAzureIps",
          "location": "[resourceGroup().location]",
          "dependsOn": [
            "[concat('Microsoft.Sql/servers/', parameters('serverName'))]"
          ],
          "properties": {
            "startIpAddress": "[parameters('firewall_startIpAddress')]",
            "endIpAddress": "[parameters('firewall_endIpAddress')]"
          },
          "condition": "[parameters('allowAzureIps')]"
        },
        {
          "type": "securityAlertPolicies",
          "apiVersion": "2017-03-01-preview",
          "name": "Default",
          "dependsOn": [
            "[concat('Microsoft.Sql/servers/', parameters('serverName'))]",
            "[concat('Microsoft.Sql/servers/', parameters('serverName'), '/databases/', parameters('databaseName'))]"
          ],
          "properties": {
            "state": "Enabled",
            "disabledAlerts": [],
            "emailAddresses": [],
            "emailAccountAdmins": true
          },
          "condition": "[parameters('enableADS')]"
        },
        {
          "type": "vulnerabilityAssessments",
          "apiVersion": "2018-06-01-preview",
          "name": "Default",
          "dependsOn": [
            "[concat('Microsoft.Sql/servers/', parameters('serverName'))]",
            "[concat('Microsoft.Storage/storageAccounts/', variables('storageName'))]",
            "[concat('Microsoft.Sql/servers/', parameters('serverName'), '/securityAlertPolicies/Default')]"
          ],
          "properties": {
            "storageContainerPath": "[if(parameters('enableVA'), concat(reference(variables('storageName'), '2018-02-01').primaryEndpoints.blob, 'vulnerability-assessment'), '')]",
            "storageAccountAccessKey": "[if(parameters('enableVA'), listKeys(variables('storageName'), '2018-02-01').keys[0].value, '')]",
            "recurringScans": {
              "isEnabled": true,
              "emailSubscriptionAdmins": true,
              "emails": []
            }
          },
          "condition": "[parameters('enableVA')]"
        }
      ]
    }
  ]
}