{
    "$schema": "https://schema.management.azure.com/schemas/2015-01-01/deploymentTemplate.json#",
    "contentVersion": "1.0.0.0",
    "parameters": {
        "location": {
            "type": "string",
            "defaultValue": "[resourceGroup().location]",
            "metadata": {
                "description": "Location (region) in which to deploye the Storage Account, defaults to the target Resource Groups location."
            }
        },
        "storageAccountPrefix": {
            "type": "string",
            "defaultValue": "",
            "metadata": {
                "description": "Storage Account name prefix, if specified the name will be suffixed with a uniquestring."
            }
        },
        "storageAccountFullName": {
            "type": "string",
            "defaultValue": "",
            "metadata": {
                "description": "Alternatively specify a specific name to be assigned instead, this won't have a uniquestring applied to it."
            }
        },
        "storageAccountType": {
            "type": "string",
            "defaultValue": "Standard_LRS",
            "metadata": {
              "description": "Storage Account type, defaults to Standard_LRS"
            }
        },
        "storageKind": {
            "type": "string",
            "defaultValue": "StorageV2",
            "metadata": {
              "description": "Storage Account Kind, defaults to StorageV2"
            }
        },
        "accessTier": {
            "type": "string",
            "defaultValue": "Hot",
            "metadata": {
              "description": "Access tier, defaults to Hot"
            }
        },
        "httpsTrafficOnly": {
          "type": "bool",
          "defaultValue": true,
          "metadata":{
            "description": "Whether or not the storage account should enforce HTTPS traffic only, defaults to true"
          }
        },
        "tags": {
            "type": "object",
            "defaultValue": {},
            "metadata": {
              "description": "Optional object in which to supply any required tags."
            }
        }
    },
    "variables": {
        "storageAccountGeneratedName": "[take(concat(parameters('storageAccountPrefix'),uniqueString(resourceGroup().id)),24)]",
        "saName": "[toLower(if(not(empty(parameters('storageAccountFullName'))),parameters('storageAccountFullName'),variables('storageAccountGeneratedName')))]"
    },
    "resources": [
    {
        "type": "Microsoft.Storage/storageAccounts",
        "name": "[variables('saName')]",
        "apiVersion": "2018-07-01",
        "location": "[parameters('location')]",
        "tags": "[parameters('tags')]",
        "kind": "[parameters('storageKind')]",
        "sku": {
            "name": "[parameters('storageAccountType')]"
        },
        "properties": {
            "accessTier":"[parameters('accessTier')]",
            "supportsHttpsTrafficOnly": "[parameters('httpsTrafficOnly')]"
        },
        "resources": [
        ]
    }
    ],
    "outputs": {
    "storageAccountGeneratedName": {
      "value": "[variables('storageAccountGeneratedName')]",
      "type": "string"
    }
  }
}