{
  "$schema": "http://schema.management.azure.com/schemas/2015-01-01/deploymentTemplate.json",
  "contentVersion": "1.3.0.0",
  "parameters": {
    "streamAnalyticsName": {
      "type": "string",
      "defaultValue": "[concat('sa', uniqueString(resourceGroup().id))]"
    },
    "apiVersion": {
      "type": "string",
      "defaultValue":"2016-03-01"
    },
    "sku": {
      "type": "string",
      "defaultValue":"standard"
    },
    "jobType": {
      "defaultValue": "Cloud",
      "type": "string"
    },
    "numberOfStreamingUnits": {
      "type": "int",
      "minValue": 1,
      "maxValue": 48,
      "defaultValue": 1,
      "allowedValues": [
        1,
        3,
        6,
        12,
        18,
        24,
        30,
        36,
        42,
        48
      ],
      "metadata": {
        "description": "Number of Streaming Units"
      }
    }
  },
  "resources": [
    {
      "type": "Microsoft.StreamAnalytics/streamingjobs",
      "apiVersion": "[parameters('apiVersion')]",
      "name": "[parameters('streamAnalyticsName')]",
      "location": "[resourceGroup().location]",
      "properties": {
        "sku": {
          "name": "[parameters('sku')]"
        },
        "outputErrorPolicy": "stop",
        "eventsOutOfOrderPolicy": "adjust",
        "eventsOutOfOrderMaxDelayInSeconds": 0,
        "eventsLateArrivalMaxDelayInSeconds": 5,
        "dataLocale": "en-US",
        "jobType": "[parameters('jobType')]",
        "inputs": [],
        "transformation": {
          "name": "Transformation",
          "properties": {
            "query": "SELECT\r\n    *\r\nINTO\r\n    [YourOutputAlias]\r\nFROM\r\n    [YourInputAlias]",
            "streamingUnits": "[parameters('numberOfStreamingUnits')]"
          }
        },
        "compatibilityLevel": "1.1"
      }
    }
  ]
}