{
  "$schema": "http://schema.management.azure.com/schemas/2014-04-01-preview/deploymentTemplate.json#",
  "contentVersion": "1.0.0.0",
  "parameters": {
    "dataRetentionTime": {
      "type": "string",
      "defaultValue": "P30D"
    },
    "eventHubNamespaceName": {
      "type": "string",
      "defaultValue": "[concat('eh', uniqueString(resourceGroup().id))]"
    },
    "eventHubName": {
      "type": "string",
      "defaultValue": "[concat('eh', uniqueString(resourceGroup().id))]"
    },
    "consumerGroupName": {
      "type": "string",
      "defaultValue": "$Default"
    },
    "environmentName": {
      "type": "string",
      "defaultValue": "[concat('tsen', uniqueString(resourceGroup().id))]"
    },
    "environmentSkuName": {
      "type": "string",
      "defaultValue": "S1",
      "allowedValues": ["S1", "S2", "L1"]
    },
    "environmentKind": {
      "type": "string",
      "defaultValue": "Standard"
    },
    "environmentSkuCapacity": {
      "type": "int",
      "defaultValue": 1,
      "minValue": 1,
      "maxValue": 10,
      "metadata": {
        "description": "The unit capacity of the Sku."
      }
    },
    "eventSourceName": {
      "type": "string",
      "defaultValue": "[concat('tsesn', uniqueString(resourceGroup().id))]"
    },
    "eventSourceTimestampPropertyName": {
      "type": "string",
      "defaultValue": ""
    },
    "keyName": {
      "type": "string",
      "defaultValue": "manage"
    },
    "accessPolicyReaderObjectId": {
      "type": "string",
      "defaultValue": ""
    }
  },
  "variables": {
    "eventHubResourceId": "[if(empty(parameters('eventHubName')), '', resourceId('Microsoft.EventHub/Namespaces/EventHub', parameters('eventHubNamespaceName'), parameters('eventHubName')))]"
  },
  "resources": [
    {
      "apiVersion": "2018-08-15-preview",
      "name": "[parameters('environmentName')]",
      "location": "[resourceGroup().location]",
      "type": "Microsoft.TimeSeriesInsights/environments",
      "kind": "[parameters('environmentKind')]",
      "sku": {
        "name": "[parameters('environmentSkuName')]",
        "capacity": "[parameters('environmentSkuCapacity')]"
      },
      "properties": {
        "dataRetentionTime": "[parameters('dataRetentionTime')]"
      },
      "resources": [
        {
          "type": "eventsources",
          "kind": "Microsoft.EventHub",
          "name": "[parameters('eventSourceName')]",
          "apiVersion": "2018-08-15-preview",
          "location": "[resourceGroup().location]",
          "properties": {
            "eventSourceResourceId": "[variables('eventHubResourceId')]",
            "eventHubName": "[parameters('eventHubName')]",
            "serviceBusNamespace": "[parameters('eventHubNamespaceName')]",
            "keyName": "[parameters('keyName')]",
            "consumerGroupName": "[parameters('consumerGroupName')]",
            "sharedAccessKey": "[listkeys(resourceId(resourceGroup().name, 'Microsoft.EventHub/Namespaces/EventHubs/AuthorizationRules', parameters('eventHubNamespaceName'), parameters('eventHubName'), parameters('keyName')), '2017-04-01').primaryKey]",
            "timestampPropertyName": "[parameters('eventSourceTimestampPropertyName')]"
          },
          "dependsOn": [
            "[resourceId('Microsoft.TimeSeriesInsights/environments', parameters('environmentName'))]"
          ]
        }
      ],
      "dependsOn": []
    },
    {
      "condition": "[not(empty(parameters('accessPolicyReaderObjectId')))]",
      "apiVersion": "2018-08-15-preview",
      "name": "[concat(parameters('environmentName'), '/', 'ownerAccessPolicy')]",
      "type": "Microsoft.TimeSeriesInsights/environments/accesspolicies",
      "properties": {
        "principalObjectId": "[parameters('accessPolicyReaderObjectId')]",
        "roles": ["Reader", "Contributor"]
      },
      "dependsOn": [
        "[concat('Microsoft.TimeSeriesInsights/environments/', parameters('environmentName'))]"
      ]
    }
  ]
}
