{
  "$schema": "https://schema.management.azure.com/schemas/2015-01-01/deploymentTemplate.json#",
  "contentVersion": "1.0.0.0",
  "parameters": {
    "trafficeManagerName": {
      "type": "string",
      "defaultValue": "[concat('tm', uniqueString(resourceGroup().id))]"
    },
    "relativeName": {
      "type": "string",
      "defaultValue": "drivetraintrafficmanager"
    },
    "trafficRoutingMethod": {
      "defaultValue": "Performance",
      "allowedValues": [
        "Performance",
        "Weighted",
        "Priority",
        "Geographic",
        "MultiValue",
        "Subnet"
      ],
      "type": "string"
    }
  },
  "resources": [
    {
      "type": "Microsoft.Network/trafficmanagerprofiles",
      "apiVersion": "2018-08-01",
      "name": "[parameters('trafficeManagerName')]",
      "location": "global",
      "properties": {
        "trafficRoutingMethod": "[parameters('trafficRoutingMethod')]",
        "dnsConfig": {
          "relativeName": "[parameters('relativeName')]",
          "ttl": "60"
        },
        "monitorConfig": {
          "protocol": "https",
          "port": "443",
          "path": "/"
        }
      }
    }
  ]
}