{
  "$schema": "https://schema.management.azure.com/schemas/2015-01-01/deploymentTemplate.json#",
  "contentVersion": "1.0.0.0",
  "parameters": {
  },
  "variables": {
    "SAStoken": "[concat('?',split(deployment().properties.templateLink.uri,'?')[1])]",
    "analysisServiceTemplateURI": "[concat(uri(deployment().properties.templateLink.uri,'Analysis-Service.json'), variables('SAStoken'))]",
    "apiManagementServiceTemplateURI": "[concat(uri(deployment().properties.templateLink.uri,'APIManagement-Service.json'), variables('SAStoken'))]",
    "automationAccountTemplateURI": "[concat(uri(deployment().properties.templateLink.uri,'AutomationAccounts.json'), variables('SAStoken'))]",
    "azureBatchServiceTemplateURI": "[concat(uri(deployment().properties.templateLink.uri,'AzureBatch-Service.json'), variables('SAStoken'))]",
    "azureContainerInstanceTemplateURI": "[concat(uri(deployment().properties.templateLink.uri,'AzureContainerInstance.json'), variables('SAStoken'))]",
    "azureContainerRegistryTemplateURI": "[concat(uri(deployment().properties.templateLink.uri,'AzureContainerRegistry.json'), variables('SAStoken'))]",
    "applicationGatewayTemplateURI": "[concat(uri(deployment().properties.templateLink.uri,'ApplicationGateway.json'), variables('SAStoken'))]",
    "cdnEndpointTemplateURI": "[concat(uri(deployment().properties.templateLink.uri,'CDN-Endpoint.json'), variables('SAStoken'))]",
    "cognitiveServiceTemplateURI": "[concat(uri(deployment().properties.templateLink.uri,'Cognitive-Service.json'), variables('SAStoken'))]",
    "cosmosDBTemplateURI": "[concat(uri(deployment().properties.templateLink.uri,'CosmosDB.json'), variables('SAStoken'))]",
    "dataFactoryTemplateURI": "[concat(uri(deployment().properties.templateLink.uri,'DataFactory.json'), variables('SAStoken'))]",
    "dataLakeStoreAndAnalyticsTemplateURI": "[concat(uri(deployment().properties.templateLink.uri,'DataLake-StoreAndAnalytics.json'), variables('SAStoken'))]",
    "eventGridTopicTemplateURI": "[concat(uri(deployment().properties.templateLink.uri,'EventGrid-Topic.json'), variables('SAStoken'))]",
    "eventHubTemplateURI": "[concat(uri(deployment().properties.templateLink.uri,'EventHub.json'), variables('SAStoken'))]",
    "expressRouteTemplateURI": "[concat(uri(deployment().properties.templateLink.uri,'ExpressRoute.json'), variables('SAStoken'))]",
    "firewallTemplateURI": "[concat(uri(deployment().properties.templateLink.uri,'Firewall.json'), variables('SAStoken'))]",
    "hdInsightTemplateURI": "[concat(uri(deployment().properties.templateLink.uri,'HDInsight-Cluster.json'), variables('SAStoken'))]",
    "iotHubTemplateURI": "[concat(uri(deployment().properties.templateLink.uri,'IOTHub.json'), variables('SAStoken'))]",
    "kubernetesServiceTemplateURI": "[concat(uri(deployment().properties.templateLink.uri,'Kubernetes-Service.json'), variables('SAStoken'))]",
    "logicAppTemplateURI": "[concat(uri(deployment().properties.templateLink.uri,'LogicApp.json'), variables('SAStoken'))]",
    "mySqlServerServiceTemplateURI": "[concat(uri(deployment().properties.templateLink.uri,'MySqlServer-Service.json'), variables('SAStoken'))]",
    "namingConventionTemplateURI": "[concat(uri(deployment().properties.templateLink.uri,'NamingConvention.json'), variables('SAStoken'))]",
    "postGradeSqlTemplateURI": "[concat(uri(deployment().properties.templateLink.uri,'PostgradeSQL.json'), variables('SAStoken'))]",
    "powerBiTemplateURI": "[concat(uri(deployment().properties.templateLink.uri,'PowerBI.json'), variables('SAStoken'))]",
    "redisCacheTemplateURI": "[concat(uri(deployment().properties.templateLink.uri,'RedisCache.json'), variables('SAStoken'))]",
    "relayServiceTemplateURI": "[concat(uri(deployment().properties.templateLink.uri,'Relay-Service.json'), variables('SAStoken'))]",
    "searchServiceTemplateURI": "[concat(uri(deployment().properties.templateLink.uri,'SearchService.json'), variables('SAStoken'))]",
    "signalRServiceTemplateURI": "[concat(uri(deployment().properties.templateLink.uri,'SignalR.json'), variables('SAStoken'))]",
    "sqlServerElasticPoolTemplateURI": "[concat(uri(deployment().properties.templateLink.uri,'SqlServer-ElasticPool.json'), variables('SAStoken'))]",
    "streamAnalyticsJobTemplateURI": "[concat(uri(deployment().properties.templateLink.uri,'StreamAnalytics-Job.json'), variables('SAStoken'))]",
    "timeSeriesTemplateURI": "[concat(uri(deployment().properties.templateLink.uri,'TimeSeries.json'), variables('SAStoken'))]",
    "trafficManagerTemplateURI": "[concat(uri(deployment().properties.templateLink.uri,'TrafficManager.json'), variables('SAStoken'))]",
    "vmLinuxTemplateURI": "[concat(uri(deployment().properties.templateLink.uri,'VM-Linux.json'), variables('SAStoken'))]",
    "vmWindowsTemplateURI": "[concat(uri(deployment().properties.templateLink.uri,'VM-Windows.json'), variables('SAStoken'))]",
    "vmssTemplateURI": "[concat(uri(deployment().properties.templateLink.uri,'VMSS.json'), variables('SAStoken'))]",
    "webAppWindowsTemplateURI": "[concat(uri(deployment().properties.templateLink.uri,'WebApp-Windows.json'), variables('SAStoken'))]",
    "VNetVpnGatewaysURI": "[concat(uri(deployment().properties.templateLink.uri,'VNetVpnGateways.json'), variables('SAStoken'))]"
  },
  "resources": [
  ],
  "outputs": {
    "AnalysisServiceTemplateURI": {
      "type": "string",
      "value": "[variables('analysisServiceTemplateURI')]"
    },
    "APIManagementServiceTemplateURI": {
      "type": "string",
      "value": "[variables('apiManagementServiceTemplateURI')]"
    },
    "AutomationAccountTemplateURI": {
      "type": "string",
      "value": "[variables('automationAccountTemplateURI')]"
    },
    "AzureBatchServiceTemplateURI": {
      "type": "string",
      "value": "[variables('azureBatchServiceTemplateURI')]"
    },
    "AzureContainerInstanceTemplateURI": {
      "type": "string",
      "value": "[variables('azureContainerInstanceTemplateURI')]"
    },
    "AzureContainerRegistryTemplateURI": {
      "type": "string",
      "value": "[variables('azureContainerRegistryTemplateURI')]"
    },
    "ApplicationGatewayTemplateURI": {
      "type": "string",
      "value": "[variables('applicationGatewayTemplateURI')]"
    },
    "CdnEndpointTemplateURI": {
      "type": "string",
      "value": "[variables('cdnEndpointTemplateURI')]"
    },
    "CognitiveServiceTemplateURI": {
      "type": "string",
      "value": "[variables('cognitiveServiceTemplateURI')]"
    },
    "CosmosDBTemplateURI": {
      "type": "string",
      "value": "[variables('cosmosDBTemplateURI')]"
    },
    "DataFactoryTemplateURI": {
      "type": "string",
      "value": "[variables('dataFactoryTemplateURI')]"
    },
    "DataLakeStoreAndAnalyticsTemplateURI": {
      "type": "string",
      "value": "[variables('dataLakeStoreAndAnalyticsTemplateURI')]"
    },
    "EventGridTopicTemplateURI": {
      "type": "string",
      "value": "[variables('eventGridTopicTemplateURI')]"
    },
    "EventHubTemplateURI": {
      "type": "string",
      "value": "[variables('eventHubTemplateURI')]"
    },
    "ExpressRouteTemplateURI": {
      "type": "string",
      "value": "[variables('expressRouteTemplateURI')]"
    },
    "FirewallTemplateURI": {
      "type": "string",
      "value": "[variables('firewallTemplateURI')]"
    },
    "HdInsightTemplateURI": {
      "type": "string",
      "value": "[variables('hdInsightTemplateURI')]"
    },
    "IotHubTemplateURI": {
      "type": "string",
      "value": "[variables('iotHubTemplateURI')]"
    },
    "KubernetesServiceTemplateURI": {
      "type": "string",
      "value": "[variables('kubernetesServiceTemplateURI')]"
    },
    "LogicAppTemplateURI": {
      "type": "string",
      "value": "[variables('logicAppTemplateURI')]"
    },
    "MySqlServerServiceTemplateURI": {
      "type": "string",
      "value": "[variables('mySqlServerServiceTemplateURI')]"
    },
    "namingConventionTemplateURI": {
      "type": "string",
      "value": "[variables('namingConventionTemplateURI')]"
    },
    "PostGradeSqlTemplateURI": {
      "type": "string",
      "value": "[variables('postGradeSqlTemplateURI')]"
    },
    "PowerBiTemplateURI": {
      "type": "string",
      "value": "[variables('powerBiTemplateURI')]"
    },
    "RedisCacheTemplateURI": {
      "type": "string",
      "value": "[variables('redisCacheTemplateURI')]"
    },
    "RelayServiceTemplateURI": {
      "type": "string",
      "value": "[variables('relayServiceTemplateURI')]"
    },
    "SearchServiceTemplateURI": {
      "type": "string",
      "value": "[variables('searchServiceTemplateURI')]"
    },
    "SignalRServiceTemplateURI": {
      "type": "string",
      "value": "[variables('signalRServiceTemplateURI')]"
    },
    "SqlServerElasticPoolTemplateURI": {
      "type": "string",
      "value": "[variables('sqlServerElasticPoolTemplateURI')]"
    },
    "StreamAnalyticsJobTemplateURI": {
      "type": "string",
      "value": "[variables('streamAnalyticsJobTemplateURI')]"
    },
    "TimeSeriesTemplateURI": {
      "type": "string",
      "value": "[variables('timeSeriesTemplateURI')]"
    },
    "TrafficManagerTemplateURI": {
      "type": "string",
      "value": "[variables('trafficManagerTemplateURI')]"
    },
    "VMLinuxTemplateURI": {
      "type": "string",
      "value": "[variables('vmLinuxTemplateURI')]"
    },
    "VMWindowsTemplateURI": {
      "type": "string",
      "value": "[variables('vmWindowsTemplateURI')]"
    },
    "VMSSTemplateURI": {
      "type": "string",
      "value": "[variables('vmssTemplateURI')]"
    },
    "VNetVpnGatewaysURI": {
      "type": "string",
      "value": "[variables('VNetVpnGatewaysURI')]"
    },
    "WebAppWindowsTemplateURI": {
      "type": "string",
      "value": "[variables('webAppWindowsTemplateURI')]"
    }
  }
}