{
  "$schema": "https://schema.management.azure.com/schemas/2015-01-01/deploymentTemplate.json#",
  "contentVersion": "1.0.0.0",
  "parameters": {
    "adminUsername": {
      "type": "string",
      "defaultValue": "vmadmin",
      "metadata": {
        "description": "User name for the Virtual Machine."
      }
    },
    "authenticationType": {
      "type": "string",
      "defaultValue": "password",
      "allowedValues": [
        "sshPublicKey",
        "password"
      ],
      "metadata": {
        "description": "Type of authentication to use on the Virtual Machine. SSH key is recommended."
      }
    },
    "adminPasswordOrKey": {
      "type": "securestring",
      "defaultValue": "nimdamv1!",
      "metadata": {
        "description": "SSH Key or password for the Virtual Machine. SSH key is recommended."
      }
    },
    "vmName": {
      "type": "string",
      "defaultValue": "[substring(concat('vmlinux', uniqueString(resourceGroup().id)), 0, 15)]",
      "metadata": {
        "description": "Name for the Virtual Machine."
      }
    },
    "virtualNetworkName": {
      "type": "string",
      "defaultValue": "[concat('vnetvmlinux', uniqueString(resourceGroup().id))]",
      "metadata": {
        "description": "Name for the Virtual Network."
      }
    },
    "nicName": {
      "type": "string",
      "defaultValue": "[concat('nicvmlinux', uniqueString(resourceGroup().id))]",
      "metadata": {
        "description": "Name for the Network Interface Card."
      }
    },
    "addressPrefix": {
      "type": "string",
      "defaultValue": "10.0.0.0/16",
      "metadata": {
        "description": "Address Prefix for Virtual Network."
      }
    },
    "subnetPrefix": {
      "type": "string",
      "defaultValue": "10.0.0.0/24",
      "metadata": {
        "description": "Address Prefix for Subnet."
      }
    },
    "ubuntuOSVersion": {
      "type": "string",
      "defaultValue": "18.04-LTS",
      "allowedValues": [
        "12.04.5-LTS",
        "14.04.5-LTS",
        "16.04.0-LTS",
        "18.04-LTS"
      ],
      "metadata": {
        "description": "The Ubuntu version for the VM. This will pick a fully patched image of this given Ubuntu version."
      }
    }
  },
  "variables": {
    "imagePublisher": "Canonical",
    "imageOffer": "UbuntuServer",
    "subnetName": "subnet",
    "vmSize": "Standard_A1_v2",
    "linuxConfiguration": {
      "disablePasswordAuthentication": true,
      "ssh": {
        "publicKeys": [
          {
            "path": "[concat('/home/', parameters('adminUsername'), '/.ssh/authorized_keys')]",
            "keyData": "[parameters('adminPasswordOrKey')]"
          }
        ]
      }
    },
    "subnetRef": "[resourceId('Microsoft.Network/virtualNetworks/subnets', parameters('virtualNetworkName'), variables('subnetName'))]"
  },
  "resources": [
    {
      "type": "Microsoft.Network/virtualNetworks",
      "apiVersion": "2018-11-01",
      "name": "[parameters('virtualNetworkName')]",
      "location": "[resourceGroup().location]",
      "properties": {
        "addressSpace": {
          "addressPrefixes": [
            "[parameters('addressPrefix')]"
          ]
        },
        "subnets": [
          {
            "name": "[variables('subnetName')]",
            "properties": {
              "addressPrefix": "[parameters('subnetPrefix')]"
            }
          }
        ]
      }
    },
    {
      "type": "Microsoft.Network/networkInterfaces",
      "apiVersion": "2018-11-01",
      "name": "[parameters('nicName')]",
      "location": "[resourceGroup().location]",
      "dependsOn": [
        "[resourceId('Microsoft.Network/virtualNetworks/', parameters('virtualNetworkName'))]"
      ],
      "properties": {
        "ipConfigurations": [
          {
            "name": "ipconfig1",
            "properties": {
              "privateIPAllocationMethod": "Dynamic",
              "subnet": {
                "id": "[variables('subnetRef')]"
              }
            }
          }
        ]
      }
    },
    {
      "type": "Microsoft.Compute/virtualMachines",
      "apiVersion": "2018-10-01",
      "name": "[parameters('vmName')]",
      "location": "[resourceGroup().location]",
      "dependsOn": [
        "[resourceId('Microsoft.Network/networkInterfaces/', parameters('nicName'))]"
      ],
      "properties": {
        "hardwareProfile": {
          "vmSize": "[variables('vmSize')]"
        },
        "osProfile": {
          "computerName": "[parameters('vmName')]",
          "adminUsername": "[parameters('adminUsername')]",
          "adminPassword": "[parameters('adminPasswordOrKey')]",
          "linuxConfiguration": "[if(equals(parameters('authenticationType'), 'password'), json('null'), variables('linuxConfiguration'))]"
        },
        "storageProfile": {
          "imageReference": {
            "publisher": "[variables('imagePublisher')]",
            "offer": "[variables('imageOffer')]",
            "sku": "[parameters('ubuntuOSVersion')]",
            "version": "latest"
          },
          "osDisk": {
            "createOption": "FromImage"
          },
          "dataDisks": [
            {
              "diskSizeGB": 1023,
              "lun": 0,
              "createOption": "Empty"
            }
          ]
        },
        "networkProfile": {
          "networkInterfaces": [
            {
              "id": "[resourceId('Microsoft.Network/networkInterfaces',parameters('nicName'))]"
            }
          ]
        },
        "diagnosticsProfile": {
          "bootDiagnostics": {
            "enabled": false
          }
        }
      }
    }
  ],
  "outputs": { }
}