{
  "$schema": "https://schema.management.azure.com/schemas/2015-01-01/deploymentTemplate.json#",
  "contentVersion": "1.0.0.0",
  "parameters": {
    "adminUsername": {
      "type": "securestring",
      "metadata": {
        "description": "User name for the Virtual Machine."
      }
    },
    "vmName": {
      "type": "string",
      "metadata": {
        "description": "Name for the Virtual Machine."
      }
    },
    "virtualMachineCount": {
      "type": "int",
      "defaultValue": 1,
      "metadata": {
        "description": "Specifies the number of virtual machine(s) to be built."
      }
    },
    "vmSize": {
      "type": "string",
      "defaultValue": "Standard_B2s",
      "metadata": {
        "description": "Size for the Virtual Machine."
      }
    },
    "location": {
      "type": "string",
      "defaultValue": "[resourceGroup().location]",
      "metadata": {
        "description": "Location for all resources."
      }
    },
    "authenticationType": {
      "type": "string",
      "defaultValue": "sshPublicKey",
      "allowedValues": [
        "sshPublicKey",
        "password"
      ],
      "metadata": {
        "description": "Type of authentication to use on the Virtual Machine. SSH key is recommended."
      }
    },
    "adminPasswordOrKey": {
      "type": "securestring",
      "metadata": {
        "description": "SSH Key or password for the Virtual Machine. SSH key is recommended."
      }
    },
    "virtualNetworkName": {
      "type": "string",
      "defaultValue": "",
      "metadata": {
        "description": "Enter VNet Name"
      }
    },
    "virtualNetworkSubnetName": {
      "type": "string",
      "defaultValue": "",
      "metadata": {
        "description": "VM Network Interface Subnet Name"
      }
    },
    "virtualNetworkResourceGroup": {
      "type": "string",
      "metadata": {
        "description": "Specifies the Resource Group of the vNet which the VM(s) will be attached to."
      }
    },
    "virtualMachineDiskType": {
      "type": "string",
      "defaultValue": "Standard_LRS",
      "allowedValues": [
        "Standard_LRS",
        "Premium_LRS"
      ],
      "metadata": {
        "description": "Specifies the type of managed disk used by the virtual machine(s)."
      }
    }
  },
  "variables": {
    "vnetID": "[resourceId(parameters('virtualNetworkResourceGroup'), 'Microsoft.Network/virtualNetworks', parameters('virtualNetworkName'))]",
    "subnet1Ref": "[concat(variables('vnetID'),'/subnets/',parameters('virtualNetworkSubnetName'))]",
    "osDiskSize": "64",
    "imagePublisher": "RedHat",
    "imageOffer": "RHEL",
    "imageSku": "7-LVM",
    "nicName": "[concat('NIC-',parameters('vmName'))]",
    "nsgName": "[concat('NSG-',parameters('vmName'))]",
    "linuxConfiguration": {
      "disablePasswordAuthentication": true,
      "ssh": {
        "publicKeys": [
          {
            "path": "[concat('/home/', parameters('adminUsername'), '/.ssh/authorized_keys')]",
            "keyData": "[parameters('adminPasswordOrKey')]"
          }
        ]
      }
    }
  },
  "resources": [
    {
      "comments": "Default Network Security Group for template",
      "type": "Microsoft.Network/networkSecurityGroups",
      "apiVersion": "2019-08-01",
      "name": "[variables('nsgName')]",
      "location": "[parameters('location')]",
      "properties": {
        "securityRules": [
          {
            "name": "default-allow-22",
            "properties": {
              "priority": 1000,
              "access": "Allow",
              "direction": "Inbound",
              "destinationPortRange": "22",
              "protocol": "Tcp",
              "sourceAddressPrefix": "*",
              "sourcePortRange": "*",
              "destinationAddressPrefix": "*"
            }
          }
        ]
      }
    },
    {
      "apiVersion": "2015-06-15",
      "type": "Microsoft.Network/networkInterfaces",
      "name": "[concat(variables('nicName'), padLeft(copyIndex(1), 2, '0'))]",
      "location": "[parameters('location')]",
      "copy": {
        "name": "vmLoop",
        "count": "[parameters('virtualMachineCount')]"
      },
      "properties": {
        "ipConfigurations": [
          {
            "name": "ipconfig1",
            "properties": {
              "privateIPAllocationMethod": "Dynamic",
              "subnet": {
                "id": "[variables('subnet1Ref')]"
              }
            }
          }
        ]
      }
    },
    {
      "apiVersion": "2016-04-30-preview",
      "type": "Microsoft.Compute/virtualMachines",
      "name": "[concat(parameters('vmName'), padLeft(copyIndex(1), 2, '0'))]",

      "location": "[parameters('location')]",
      "tags": {
        "Tag1": "ManagedVM"
      },
      "copy": {
        "name": "vmLoop",
        "count": "[parameters('virtualMachineCount')]"
      },
      "dependsOn": [
        "[concat('Microsoft.Network/networkInterfaces/', variables('nicName'), padLeft(copyIndex(1), 2, '0'))]"
      ],
      "properties": {
        "hardwareProfile": {
          "vmSize": "[parameters('vmSize')]"
        },
        "osProfile": {
          "computerName": "[parameters('vmName')]",
          "adminUsername": "[parameters('adminUsername')]",
          "adminPassword": "[parameters('adminPasswordOrKey')]",
          "linuxConfiguration": "[if(equals(parameters('authenticationType'), 'password'), json('null'), variables('linuxConfiguration'))]"
        },
        "storageProfile": {
          "imageReference": {
            "publisher": "[variables('imagePublisher')]",
            "offer": "[variables('imageOffer')]",
            "sku": "[variables('imageSku')]",
            "version": "latest"
          },
          "osDisk": {
            "name": "[concat(parameters('vmName'), padLeft(copyIndex(1), 2, '0'),'_OSDisk')]",
            "createOption": "FromImage",
            "managedDisk": {
              "storageAccountType": "[parameters('virtualMachineDiskType')]"
            }
          },
          "dataDisks": [
          ]
        },
        "networkProfile": {
          "networkInterfaces": [
            {
              "id": "[resourceId('Microsoft.Network/networkInterfaces', concat(variables('nicName'), padLeft(copyIndex(1), 2, '0')))]"
            }
          ]
        }
      }
    }
  ] 
}
