{
  "$schema": "https://schema.management.azure.com/schemas/2015-01-01/deploymentParameters.json#",
  "contentVersion": "1.0.0.0",
  "parameters": {
    "location": {
      "value": "CanadaEast"
    },
    "networkInterfaceName": {
      "value": "NIC-UKSPDLSTINY01"
    },
    "enableAcceleratedNetworking": {
      "value": true
    },
    "subnetName": {
      "value": "default"
    },
    "virtualNetworkId": {
      "value": "xxx"
        },
    "virtualMachineName": {
      "value": "UKSPDLSTINY01"
    },
    "virtualMachineRG": {
      "value": "RG-BG-UKS-PRD-SEC"
    },
    "osDiskType": {
      "value": "Standard_LRS"
    },
    "dataDisks": {
      "value": [
        {
          "lun": 0,
          "createOption": "attach",
          "caching": "ReadOnly",
          "writeAcceleratorEnabled": false,
          "id": null,
          "name": "UKSPDLSTINY01_DataDisk_0",
          "storageAccountType": null,
          "diskSizeGB": null
        }
      ]
    },
    "dataDiskResources": {
      "value": [
        {
          "name": "UKSPDLSTINY01_DataDisk_0",
          "sku": "Standard_LRS",
          "properties": {
            "diskSizeGB": 256,
            "creationData": {
              "createOption": "empty"
            }
          }
        }
      ]
    },
    "virtualMachineSize": {
      "value": "Standard_D4s_v3"
    },
    "AdminPassword": {
      "reference": {
        "keyVault": {
          "id": "xxx"
                 },
        "secretName": "LocalAdminPassword"
      }
    },
    "AdminUsername": {
      "reference": {
        "keyVault": {
          "id": "xxx"
               },
        "secretName": "LocalAdminUsername"
      }
    },
    "diagnosticsStorageAccountName": {
      "value": "sa20191108diag"
    },
    "diagnosticsStorageAccountId": {
      "value": "xxx"
    },
    "diagnosticsStorageAccountType": {
      "value": "Standard_LRS"
    },
    "diagnosticsStorageAccountKind": {
      "value": "Storage"
    },
    "privateIpAddress": { "value": "10.8.0.6" },
    "ResourceTags": {
      "value": {
        "Environment": "Dev",
        "Project": "Tutorial"
      }
    }
  }
}