{
  "$schema": "https://schema.management.azure.com/schemas/2015-01-01/deploymentParameters.json#",
  "contentVersion": "1.0.0.0",
  "parameters": {
    "adminUsername": {
      "reference": {
        "keyVault": {
          "id": "/subscriptions/10975c56-e617-4397-8c02-f8248ca22f15/resourceGroups/RG-KEYVAULT/providers/Microsoft.KeyVault/vaults/KV-BECKY"
        },
        "secretName": "adminUsername"
      }
    },
    "vmName": {
      "value": "zwepchubftpv"
    },
    "adminPasswordOrKey": {
      "reference": {
        "keyVault": {
          "id": "/subscriptions/10975c56-e617-4397-8c02-f8248ca22f15/resourceGroups/RG-KEYVAULT/providers/Microsoft.KeyVault/vaults/KV-BECKY"
        },
        "secretName": "SSH-RSA"
      }
    },
    "virtualNetworkName": {
      "value": "VNET-BECKY"
    },
    "virtualNetworkSubnetName": {
      "value": "default"
    },
    "virtualNetworkResourceGroup": {
      "value": "RG-INFRA"
    },
    "virtualMachineCount": {
      "value": 2
    }
  }
}