{
  "$schema": "https://schema.management.azure.com/schemas/2015-01-01/deploymentTemplate.json#",
  "contentVersion": "1.0.0.0",
  "parameters": {
    "location": {
      "type": "string"
    },
    "networkInterfaceName": {
      "type": "string"
    },
    "enableAcceleratedNetworking": {
      "type": "bool"
    },
    "subnetName": {
      "type": "string"
    },
    "virtualNetworkId": {
      "type": "string"
    },
    "virtualMachineName": {
      "type": "string"
    },
    "virtualMachineRG": {
      "type": "string"
    },
    "osDiskType": {
      "type": "string"
    },
    "dataDisks": {
      "type": "array"
    },
    "dataDiskResources": {
      "type": "array"
    },
    "virtualMachineSize": {
      "type": "string"
    },
    "adminUsername": {
      "type": "string"
    },
    "adminPassword": {
      "type": "securestring"
    },
    "diagnosticsStorageAccountName": {
      "type": "string"
    },
    "diagnosticsStorageAccountId": {
      "type": "string"
    },
    "diagnosticsStorageAccountType": {
      "type": "string"
    },
    "diagnosticsStorageAccountKind": {
      "type": "string"
    },
    "privateIpaddress": {
      "type": "string"
    },
    "resourceTags": {
      "type": "object"
    }
  },
  "variables": {
    "vnetId": "[parameters('virtualNetworkId')]",
    "subnetRef": "[concat(variables('vnetId'), '/subnets/', parameters('subnetName'))]"
  },
  "resources": [
    {
      "name": "[parameters('networkInterfaceName')]",
      "type": "Microsoft.Network/networkInterfaces",
      "apiVersion": "2019-09-01" ,
      "location": "[parameters('location')]",
      "dependsOn": [],
      "properties": {
        "ipConfigurations": [
          {
            "name": "ipconfig1",
            "properties": {
              "subnet": {
                "id": "[variables('subnetRef')]"
              },
              "privateIPAllocationMethod": "Static",
              "privateIPAddress": "[parameters('privateIpAddress')]"
            }
          }
        ],
        "enableAcceleratedNetworking": "[parameters('enableAcceleratedNetworking')]"
      },
      "tags": "[parameters('resourceTags')]"
    },
    {
      "name": "[parameters('dataDiskResources')[copyIndex()].name]",
      "type": "Microsoft.Compute/disks",
      "apiVersion": "2018-06-01",
      "location": "[parameters('location')]",
      "properties": "[parameters('dataDiskResources')[copyIndex()].properties]",
      "sku": {
        "name": "[parameters('dataDiskResources')[copyIndex()].sku]"
      },
      "copy": {
        "name": "managedDiskResources",
        "count": "[length(parameters('dataDiskResources'))]"
      },
      "tags": "[parameters('resourceTags')]"
    },
    {
      "name": "[parameters('virtualMachineName')]",
      "type": "Microsoft.Compute/virtualMachines",
      "apiVersion": "2019-03-01",
      "location": "[parameters('location')]",
      "dependsOn": [
        "managedDiskResources",
        "[concat('Microsoft.Network/networkInterfaces/', parameters('networkInterfaceName'))]",
        "[concat('Microsoft.Storage/storageAccounts/', parameters('diagnosticsStorageAccountName'))]"
      ],
      "properties": {
        "hardwareProfile": {
          "vmSize": "[parameters('virtualMachineSize')]"
        },
        "storageProfile": {
          "osDisk": {
            "createOption": "FromImage",
            "managedDisk": {
              "storageAccountType": "[parameters('osDiskType')]"
            }
          },
          "imageReference": {
            "publisher": "OpenLogic",
            "offer": "CentOS",
            "sku": "7.5",
            "version": "latest"
          },
          "copy": [
            {
              "name": "dataDisks",
              "count": "[length(parameters('dataDisks'))]",
              "input": {
                "lun": "[parameters('dataDisks')[copyIndex('dataDisks')].lun]",
                "createOption": "[parameters('dataDisks')[copyIndex('dataDisks')].createOption]",
                "caching": "[parameters('dataDisks')[copyIndex('dataDisks')].caching]",
                "writeAcceleratorEnabled": "[parameters('dataDisks')[copyIndex('dataDisks')].writeAcceleratorEnabled]",
                "diskSizeGB": "[parameters('dataDisks')[copyIndex('dataDisks')].diskSizeGB]",
                "managedDisk": {
                  "id": "[coalesce(parameters('dataDisks')[copyIndex('dataDisks')].id, if(equals(parameters('dataDisks')[copyIndex('dataDisks')].name, json('null')), json('null'), resourceId('Microsoft.Compute/disks', parameters('dataDisks')[copyIndex('dataDisks')].name)))]",
                  "storageAccountType": "[parameters('dataDisks')[copyIndex('dataDisks')].storageAccountType]"
                }
              }
            }
          ]
        },
        "networkProfile": {
          "networkInterfaces": [
            {
              "id": "[resourceId('Microsoft.Network/networkInterfaces', parameters('networkInterfaceName'))]"
            }
          ]
        },
        "osProfile": {
          "computerName": "[parameters('virtualMachineName')]",
          "adminUsername": "[parameters('adminUsername')]",
          "adminPassword": "[parameters('adminPassword')]"
        },
        "diagnosticsProfile": {
          "bootDiagnostics": {
            "enabled": true,
            "storageUri": "[concat('https://', parameters('diagnosticsStorageAccountName'), '.blob.core.windows.net/')]"
          }
        }
      },
      "tags": "[parameters('resourceTags')]"
    },
    {
      "name": "[parameters('diagnosticsStorageAccountName')]",
      "type": "Microsoft.Storage/storageAccounts",
      "apiVersion": "2019-04-01",
      "location": "[parameters('location')]",
      "properties": {
        "supportsHttpsTrafficOnly": true
      },
      "kind": "[parameters('diagnosticsStorageAccountKind')]",
      "sku": {
        "name": "[parameters('diagnosticsStorageAccountType')]"
      },
      "tags": "[parameters('resourceTags')]"
    }
  ],
  "outputs": {
    "adminUsername": {
      "type": "string",
      "value": "[parameters('adminUsername')]"
    }
  }
}