{
  "$schema": "https://schema.management.azure.com/schemas/2015-01-01/deploymentParameters.json#",
  "contentVersion": "1.0.0.0",
  "parameters": {
    "appEnvironment": { "value": "qa" },
    "availabilitySetPlatformFaultDomainCount": { "value": "2" },
    "availabilitySetPlatformUpdateDomainCount": { "value": "5" },
    "availabilitySetRequired": { "value": "Yes" },
    "domainJoinOptions": { "value": "3" },
    "domainJoinRequired": { "value": "No" },
    "domainOuPath": { "value": "OU=Mobile,OU=Converters,OU=QA,OU=Systems,DC=lab,DC=brainshark,DC=com" },
    "domainPassword": { "value": "VSTS" },
    "domainToJoin": { "value": "lab.brainshark.com" },
    "domainUsername": { "value": "admin!" },
    "ilbPrivateIPAddress": { "value": "172.20.0.5" },
    "ilbPrivateIPAllocationMethod": { "value": "Static" },
    "lbProbePort": { "value": "443" },
    "lbProbeProtocol": { "value": "TCP" },
    "lbRuleBackendPort": { "value": "443" },
    "lbRuleFrontendPort": { "value": "443" },
    "lbRuleProtocol": { "value": "TCP" },
    "lbTypeRequired": { "value": "ilb" },
    "malwareAgentRequired": { "value": "Yes" },
    "malwareExclusionExtensions": { "value": "" },
    "malwareExclusionPaths": { "value": "" },
    "malwareExclusionProcesses": { "value": "" },
    "octopusApiKey": { "value": "API-HZGPQYYTDOGJXTKQ56RCJVVVS" },
    "octopusCommsMode": { "value": "Poll" },
    "octopusDomain": { "value": "brainshark" },
    "octopusEnvironment": { "value": "QA2" },
    "octopusExtensionRequired": { "value": "No" },
    "octopusPassword": { "value": "!Big1r0n" },
    "octopusPsFileName": { "value": "configure-octopus.ps1" },
    "octopusPsUrl": { "value": "https://globalsapowershell31415.blob.core.windows.net/octo-deploy-files" },
    "octopusRoles": { "value": "converter,cvta-mobile" },
    "octopusServerUrl": { "value": "http://hq1octo02.hq.brainshark.com" },
    "octopusSvcAccount": { "value": "service.octo" },
    "omsAlertRecipient": { "value": "alerts@brainshark.com" },
    "omsExtensionRequired": { "value": "No" },
    "omsWorkspaceId": { "value": "xxx" },
    "omsWorkspaceKey": { "value": "xxx" },
    "pipDnsLabelPrefix": { "value": "hruhruhruhr12334" },
    "pipRequiredFor": { "value": "none" },
    "pipType": { "value": "Dynamic" },
    "psExtensionName": { "value": "" },
    "psExtensionRequired": { "value": "No" },
    "psParam1": { "value": "Scratch" },
    "psParam2": { "value": "F" },
    "psParam3": { "value": "ScratchDisk" },
    "psPath": { "value": "https://globalsapowershell31415.blob.core.windows.net/scratch-deploy-files" },
    "psScript": { "value": "configure-Scratch-rev0.2.ps1" },
    "vmCount": { "value": 1 },
    "vmCreatedBy": { "value": "VSTS" },
    "vmDataDiskSize": { "value": "10" },
    "vmDataDiskType": { "value": "Standard_LRS" },
    "vmDescription": { "value": "Test1" },
    "vmDiagnosticsStorageAccountName": { "value": "qasadiagnostic31415926" },
    "vmDiagnosticsStorageAccountRGName": { "value": "qa-rg-storage" },
    "vmIndexLength": { "value": 3 },
    "vmIndexOffset": { "value": 9 },
    "vmLocalAdminPassword": { "value": "xxx" },
    "vmLocalAdminUsername": { "value": "localadmin" },
    "vmOsImageName": { "value": "W2016" },
    "vmOsImageRgName": { "value": "global-rg-images" },
    "vmPrivateIpHost": { "value": 19 },
    "vmPrivateIpNetwork": { "value": "172.20.0" },
    "vmPurpose": { "value": "cvt" },
    "vmSize": { "value": "Standard_DS2_v2" },
    "vmSubnetName": { "value": "default" },
    "vmTimeZone": { "value": "Eastern Standard Time" },
    "vmVirtualNetworkName": { "value": "prod-vnet" },
    "vmVirtualNetworkRgName": { "value": "prod-rg-test" }
  }
}