{
  "$schema": "http://schema.management.azure.com/schemas/2015-01-01/deploymentTemplate.json#",
  "contentVersion": "0.0.1.0",

  "parameters": {
    "appEnvironment": {
      "type": "string",
      "metadata": { "description": "The app environment in which the resources will live." }
    },
    "availabilitySetPlatformFaultDomainCount": {
      "type": "string",
      "defaultValue": "3",
      "metadata": { "description": "Avaset fault domain count. Default - 3, Maximum - 3" }
    },
    "availabilitySetPlatformUpdateDomainCount": {
      "type": "string",
      "defaultValue": "5",
      "metadata": { "description": "Avaset update domain count. Default - 5, Maximum - 20" }
    },
    "availabilitySetRequired": {
      "type": "string",
      "allowedValues": [ "Yes", "No" ],
      "metadata": { "description": "Must be Yes if avaset is required.Allowed values: Yes, No" }
    },
    "domainJoinOptions": {
      "type": "string",
      "metadata": { "description": "XXX." }
    },
    "domainJoinRequired": {
      "type": "string",
      "allowedValues": [ "Yes", "No" ],
      "metadata": { "description": "Specify 'Yes' if VM must be joined to a domain. Allowed values: Yes, No" }
    },
    "domainOuPath": {
      "type": "string",
      "metadata": { "description": "OU that VM computer account should be placed in." }
    },
    "domainPassword": {
      "type": "securestring",
      "metadata": { "description": "XXX." }
    },
    "domainToJoin": {
      "type": "string",
      "metadata": { "description": "Windows Server AD domain name the VM should joined." }
    },
    "domainUsername": {
      "type": "string",
      "metadata": { "description": "XXX." }
    },
    "ilbPrivateIPAddress": {
      "type": "string",
      "metadata": { "description": "Private IP address for internal Load Balancer" }
    },
    "ilbPrivateIPAllocationMethod": {
      "type": "string",
      "allowedValues": [ "Static" ],
      "metadata": { "description": "Wllowed value: Static. Only Static IP assignment is supported by now" }
    },
    "lbProbePort": {
      "type": "string",
      "metadata": { "description": "LB health probe port number." }
    },
    "lbProbeProtocol": {
      "type": "string",
      "allowedValues": [ "HTTP", "TCP" ],
      "metadata": { "description": "LB health probe protocol. Allowed Values: HTTP or TCP." }
    },
    "lbRuleBackendPort": {
      "type": "string",
      "metadata": { "description": "LB Rule backend port." }
    },
    "lbRuleFrontendPort": {
      "type": "string",
      "metadata": { "description": "LB rule frontend port." }
    },
    "lbRuleProtocol": {
      "type": "string",
      "allowedValues": [ "TCP", "UDP" ],
      "metadata": { "description": "LB rule protocol. Allowed Values: TCP or UDP." }
    },
    "lbTypeRequired": {
      "type": "string",
      "allowedValues": [ "elb", "ilb", "none" ],
      "metadata": { "description": "Allowed values: elb, ilb, none. elb - for external load balancer, ilb - for internal load balancer, none- no load balancer." }
    },
    "malwareAgentRequired": {
      "type": "string",
      "allowedValues": [ "Yes", "No" ],
      "metadata": { "description": "Specify 'Yes' if Microsoft Antimalware Agent to be deployed. Allowed values: Yes, No" }
    },
    "malwareExclusionExtensions": {
      "type": "string",
      "metadata": { "description": "List of extensions to be excluded from Microsoft Antimalware protection. Format: .ext1;.ext2" }
    },
    "malwareExclusionPaths": {
      "type": "string",
      "metadata": { "description": "List of folders to be excluded from Microsoft Antimalware protection. Format: c:\\excluded-path-1;c:\\excluded-path-2" }
    },
    "malwareExclusionProcesses": {
      "type": "string",
      "metadata": { "description": "List of processes to be excluded from Microsoft Antimalware protection. Format: excludedproc1.exe;excludedproc2.exe" }
    },
    "octopusApiKey": {
      "type": "string",
      "metadata": { "description": "XXX." }
    },
    "octopusCommsMode": {
      "type": "string",
      "metadata": { "description": "XXX." }
    },
    "octopusDomain": {
      "type": "string",
      "metadata": { "description": "Octopus service account domain name" }
    },
    "octopusEnvironment": {
      "type": "string",
      "metadata": { "description": "XXX." }
    },
    "octopusExtensionRequired": {
      "type": "string",
      "allowedValues": [ "Yes", "No" ],
      "metadata": { "description": "Specify 'Yes' if both Octopus extension and Octopus Configiruratip PS extension required. Allowed values: Yes, No" }
    },
    "octopusPassword": {
      "type": "string",
      "metadata": { "description": "Octopus password" }
    },
    "octopusPsFileName": {
      "type": "string",
      "metadata": { "description": "name of PS script file" }
    },
    "octopusPsUrl": {
      "type": "string",
      "metadata": { "description": "URL to PS script that configures Octopus" }
    },
    "octopusRoles": {
      "type": "string",
      "metadata": { "description": "List of Octopus roles in comma-delimited farmat. Ex: converter,cvta-mobile." }
    },
    "octopusServerUrl": {
      "type": "string",
      "metadata": { "description": "Octopus server URL." }
    },
    "octopusSvcAccount": {
      "type": "string",
      "metadata": { "description": "Octopus service account name" }
    },
    "omsAlertRecipient": {
      "type": "string",
      "metadata": { "description": "The value for VM tag - omsAlertRecipients." }
    },
    "omsExtensionRequired": {
      "type": "string",
      "allowedValues": [ "Yes", "No" ],
      "metadata": { "description": "Specify 'Yes' if OMS extension should be deployed. Allowed values: Yes, No" }
    },
    "omsWorkspaceId": {
      "type": "string",
      "metadata": {
        "description": "OMS GUID."
      }
    },
    "omsWorkspaceKey": {
      "type": "securestring",
      "metadata": {
        "description": "OMS key."
      }
    },
    "pipDnsLabelPrefix": {
      "type": "string",
      "metadata": { "description": "Unique DNS domain name label (prefix of FQDN). The concatenation of the domain name label and the regionalized DNS zone make up the FQDN associated with the public IP address. If a domain name label is specified, an A DNS record is created for the public IP in the Microsoft Azure DNS system. If it's not specified - no FQDN created/attached." }
    },
    "pipRequiredFor": {
      "type": "string",
      "allowedValues": [ "lb", "vm", "none" ],
      "metadata": { "description": "Allowed values: lb, nic,none. lb - PIP will be attached to load balancer, nic - PIP will be attached to NIC, 'none' - PIP will not be provisioned." }
    },
    "pipType": {
      "type": "string",
      "allowedValues": [ "Dynamic", "Static" ],
      "metadata": { "description": "PIP addres type. Allowed values: Dynamic, Static." }
    },
    "psExtensionName": {
      "type": "string",
      "metadata": { "description": "PS extension name. No spaces allowed." }
    },
    "psExtensionRequired": {
      "type": "string",
      "allowedValues": [ "Yes", "No" ],
      "metadata": { "description": "Specify 'Yes' if Custom script extension should be deployed. Allowed values: Yes, No" }
    },
    "psParam1": {
      "type": "string",
      "metadata": {
        "description": "Generic parameters #1 for PS script."
      }
    },
    "psParam2": {
      "type": "string",
      "metadata": {
        "description": "Generic parameters #2 for PS script."
      }
    },
    "psParam3": {
      "type": "string",
      "metadata": {
        "description": "Generic parameters #3 for PS script."
      }
    },
    "psPath": {
      "type": "string",
      "metadata": {
        "description": "Complete path to PS script. Example: https://globalsapowershell31415.blob.core.windows.net/scratch-deploy-files/configure-Scratch-rev0.1.ps1"
      }
    },
    "psScript": {
      "type": "string",
      "metadata": {
        "description": "Name of PS script. Example: configure-Scratch-rev0.1.ps1"
      }
    },
    "vmCount": {
      "type": "int",
      "metadata": { "description": "Number of VM instances to be provisioned" }
    },
    "vmCreatedBy": {
      "type": "string",
      "metadata": { "description": "The value for VM tag - CreatedBy." }
    },
    "vmDataDiskSize": {
      "type": "string",
      "metadata": { "description": "Data Disk Size. If == 0, than no data disk required." }
    },
    "vmDataDiskType": {
      "type": "string",
      "allowedValues": [ "Standard_LRS", "Premium_LRS" ],
      "metadata": { "description": "Data Disk type.Allowed values: Standard_LRS, Premium_LRS" }
    },
    "vmDescription": {
      "type": "string",
      "metadata": { "description": "The value for VM tag - Description." }
    },
    "vmDiagnosticsStorageAccountName": {
      "type": "string",
      "metadata": { "description": "Sa name for VM diagnostics." }
    },
    "vmDiagnosticsStorageAccountRGName": {
      "type": "string",
      "metadata": { "description": "RG namde of the sa for VM diagnostics." }
    },
    "vmIndexLength": {
      "type": "int",
      "allowedValues": [ 1, 2, 3 ],
      "metadata": { "description": "The length of the VM index. Allowed values: 1,2,3." }
    },
    "vmIndexOffset": {
      "type": "int",
      "metadata": { "description": "The index of the very first VM. Used in naming the VM." }
    },
    "vmLocalAdminPassword": {
      "type": "securestring",
      "metadata": { "description": "Local administrator password." }
    },
    "vmLocalAdminUsername": {
      "type": "string",
      "metadata": { "description": "Local administrator username." }
    },
    "vmOsImageName": {
      "type": "string",
      "metadata": { "description": "OS image name. If == W2016, than Windows 2016 Datacenter Edition Azure Gallery image is used" }
    },
    "vmOsImageRgName": {
      "type": "string",
      "metadata": { "description": "OS image RG name." }
    },
    "vmPrivateIpHost": {
      "type": "int",
      "metadata": { "description": "Forth octect in IP address (no period); will be assigned to first VM instance.Example: 19" }
    },
    "vmPrivateIpNetwork": {
      "type": "string",
      "metadata": { "description": "First 3 octets of IP address separated by period (note lack of period after 3rd octet). Example: 192.168.0" }
    },
    "vmPurpose": {
      "type": "string",
      "metadata": { "description": "The role of the VM in the BSK environment. Used in naming the VM." }
    },
    "vmSize": {
      "type": "string",
      "metadata": { "description": "VM SKU size" }
    },
    "vmSubnetName": {
      "type": "string",
      "metadata": { "description": "Subnet name." }
    },
    "vmTimeZone": {
      "type": "string",
      "metadata": { "description": "Time Zone to be set on the VM." }
    },
    "vmVirtualNetworkName": {
      "type": "string",
      "metadata": { "description": "VNET name." }
    },
    "vmVirtualNetworkRgName": {
      "type": "string",
      "metadata": { "description": "VNET RG name." }
    }
  },

  "variables": {
    "vnetId": "[resourceId(parameters('vmVirtualNetworkRgName'),'Microsoft.Network/virtualNetworks', parameters('vmVirtualNetworkName'))]",
    "subnetRef": "[concat(variables('vnetId'), '/subnets/', parameters('vmSubnetName'))]",

    "resourceLocation": "[resourceGroup().location]",
    "vmNamePrefix": "[concat(parameters('appEnvironment'),'-',parameters('vmPurpose'),'-')]",
    "availabilitySetName": "[concat(parameters('appEnvironment'),'-',parameters('vmPurpose'),'-avaset')]",
    "availabilitySetID": { "id": "[resourceId('Microsoft.Compute/availabilitySets',concat(parameters('appEnvironment'),'-',parameters('vmPurpose'),'-avaset'))]" },
    "backSlash": "\\",
    "dataDiskArrayObject": {
      "copy": [
        {
          "name": "dataDisk",
          "count": "[parameters('vmCount')]",
          "input": {
            "lun": "0",
            "name": "[concat( parameters('appEnvironment'),'-',parameters('vmPurpose'),'-',padLeft( string(add(int(copyIndex('dataDisk')),parameters('vmIndexOffset'))),parameters('vmIndexLength'),'0' ),'-datadisk-00' )]",
            "createOption": "Empty",
            "diskSizeGB": "[parameters('vmDataDiskSize')]",
            "caching": "None",
            "managedDisk": { "storageAccountType": "[parameters('vmDataDiskType')]" }
          }
        }
      ]
    },
    "pipName": "[if(equals(parameters('pipRequiredFor'),'lb'),      concat(variables('vmNamePrefix'),parameters('lbTypeRequired'),'-pip'),    concat(variables('vmNamePrefix'),padLeft(parameters('vmIndexOffset'),parameters('vmIndexLength'),'0'),'-pip'))]",
    "pipDnsSettings": { "domainNameLabel": "[parameters('pipDnsLabelPrefix')]" },
    "pipId": { "id": "[resourceId('Microsoft.Compute/publicIPAddresses',variables('pipName'))]" },
    "lbName": "[concat(parameters('appEnvironment'),'-',parameters('vmPurpose'),'-',parameters('lbTypeRequired'))]",
    "elbName": "[concat(parameters('appEnvironment'),'-',parameters('vmPurpose'),'-elb')]",
    "ilbName": "[concat(parameters('appEnvironment'),'-',parameters('vmPurpose'),'-ilb')]",
    "lbId": "[resourceId('Microsoft.Network/loadBalancers',variables('lbName'))]",
    "frontEndIpConfigId": "[concat(resourceId('Microsoft.Network/loadBalancers',variables('lbName')),'/frontendIPConfigurations/load-balancer-front-end')]",
    "lbPoolId": "[concat(resourceId('Microsoft.Network/loadBalancers',variables('lbName')),'/backendAddressPools/backend-pool')]",
    "lbProbeId": "[concat(resourceId('Microsoft.Network/loadBalancers',variables('lbName')),'/probes/tcp-probe')]",
    "lbPoolIdForNic": { "id": "[concat(resourceId('Microsoft.Network/loadBalancers',variables('lbName')),'/backendAddressPools/backend-pool')]" },
    "octopusRolesArray": "[split(parameters('octopusRoles'),',')]",
    "osImageWindows2016": {
      "publisher": "MicrosoftWindowsServer",
      "offer": "WindowsServer",
      "sku": "2016-Datacenter",
      "version": "latest"
    },
    "osImageCustom": {
      "id": "[resourceId(parameters('vmOsImageRGName'),'Microsoft.Compute/images', parameters('vmOsImageName'))]"
    }
  },




  "resources": [

    {
      "condition": "[equals(parameters('availabilitySetRequired'),'Yes')]",
      "type": "Microsoft.Compute/availabilitySets",
      "name": "[variables('availabilitySetName')]",
      "apiVersion": "2016-04-30-preview",
      "location": "[variables('resourceLocation')]",
      "properties": {
        "platformFaultDomainCount": "[parameters('availabilitySetPlatformFaultDomainCount')]",
        "platformUpdateDomainCount": "[parameters('availabilitySetPlatformUpdateDomainCount')]",
        "managed": true
      }
    },


    {
      "type": "Microsoft.Network/networkInterfaces",
      "name": "[concat( variables('vmNamePrefix') , padLeft( copyIndex(parameters('vmIndexOffset')),parameters('vmIndexLength'),'0' ),'-nic' )]",
      "apiVersion": "2017-10-01",
      "location": "[variables('resourceLocation')]",
      "dependsOn": [
        "[if(not(equals(parameters('lbTypeRequired'),'none')),concat('Microsoft.Network/loadBalancers/', variables('lbname')),concat('Microsoft.Network/publicIPAddresses/', variables('pipName')))]",
        "[concat('Microsoft.Network/publicIPAddresses/', variables('pipName'))]"
      ],
      "copy": {
        "name": "nicCopy",
        "count": "[parameters('vmCount')]"
      },
      "properties": {
        "ipConfigurations": [
          {
            "name": "ipconfig1",
            "properties": {
              "subnet": {
                "id": "[variables('subnetRef')]"
              },
              "loadBalancerBackendAddressPools": "[if( not(equals(parameters('lbTypeRequired'),'none')), createarray(variables('lbPoolIdForNic')), json('null'))]",
              "privateIPAllocationMethod": "Static",
              "privateIPAddress": "[concat( parameters('vmPrivateIpNetwork'), '.', copyIndex(parameters('vmPrivateIphost')) )]",
              "publicIPAddress": "[if(equals(parameters('pipRequiredFor'),'vm'),variables('pipId'),json('null'))]"
            }
          }
        ]
      }
    },

    {
      "type": "Microsoft.Compute/virtualMachines",
      "name": "[concat( variables('vmNamePrefix') , padLeft( copyIndex(parameters('vmIndexOffset')),parameters('vmIndexLength'),'0' ) )]",
      "apiVersion": "2017-12-01",
      "location": "[variables('resourceLocation')]",
      "dependsOn": [
        "nicCopy",
        "[resourceId('Microsoft.Compute/availabilitySets',variables('availabilitySetName'))]"
      ],
      "copy": {
        "name": "vmCopy",
        "count": "[parameters('vmCount')]"
      },
      "tags": {
        "Environment": "[parameters('appEnvironment')]",
        "Description": "[parameters('vmDescription')]",
        "CreatedBy": "[parameters('vmCreatedBy')]",
        "OmsAlertRecipient": "[parameters('omsAlertRecipient')]"
      },
      "properties": {
        "osProfile": {
          "computerName": "[concat( variables('vmNamePrefix') , padLeft( copyIndex(parameters('vmIndexOffset')),parameters('vmIndexLength'),'0' ) )]",
          "adminUsername": "[parameters('VmLocalAdminUsername')]",
          "adminPassword": "[parameters('VmLocalAdminPassword')]",
          "windowsConfiguration": {
            "provisionVmAgent": "true",
            "timeZone": "[parameters('vmTimeZone')]"
          }
        },
        "hardwareProfile": {
          "vmSize": "[parameters('vmSize')]"
        },
        "storageProfile": {
          "imageReference": "[if(equals(parameters('vmOsImageName'),'W2016'),variables('OsImageWindows2016'),variables('osImageCustom'))]",
          "osDisk": {
            "createOption": "FromImage",
            "name": "[concat( variables('vmNamePrefix') , padLeft( copyIndex(parameters('vmIndexOffset')),parameters('vmIndexLength'),'0' ),'-osdisk')]",
            "managedDisk": {
              "storageAccountType": "Standard_LRS"
            }
          },
          "dataDisks": "[if(not(equals(parameters('vmDataDiskSize'),'0')), createArray(variables('dataDiskArrayObject').dataDisk[copyIndex()]), json('null'))]"
        },
        "networkProfile": {
          "networkInterfaces": [
            {
              "id": "[resourceId('Microsoft.Network/networkInterfaces', concat( variables('vmNamePrefix') , padLeft( copyIndex(parameters('vmIndexOffset')),parameters('vmIndexLength'),'0' ),'-nic' ))]"
            }
          ]
        },
        "diagnosticsProfile": {
          "bootDiagnostics": {
            "enabled": true,
            "storageUri": "[reference(resourceId(parameters('vmDiagnosticsStorageAccountRGName'), 'Microsoft.Storage/storageAccounts', parameters('vmDiagnosticsStorageAccountName')), '2015-06-15').primaryEndpoints['blob']]"
          }
        },
        "availabilitySet": "[if( equals(parameters('availabilitySetRequired'),'Yes'), variables('availabilitySetId'), json('null'))]"
      }
    },


    {
      "condition": "[equals(parameters('malwareAgentRequired'),'Yes')]",
      "type": "Microsoft.Compute/virtualMachines/extensions",
      "name": "[concat( variables('vmNamePrefix') , padLeft( copyIndex(parameters('vmIndexOffset')),parameters('vmIndexLength'),'0' ),'/','antimalware')]",
      "apiVersion": "2017-03-30",
      "location": "[variables('resourceLocation')]",
      "dependsOn": [ "vmCopy" ],
      "copy": {
        "name": "antimalwareCopy",
        "count": "[parameters('vmCount')]"
      },
      "properties": {
        "publisher": "Microsoft.Azure.Security",
        "type": "IaaSAntimalware",
        "typeHandlerVersion": "1.4",
        "autoUpgradeMinorVersion": true,
        "settings": {
          "AntimalwareEnabled": true,
          "Exclusions": {
            "Paths": "[parameters('malwareExclusionPaths')]",
            "Extensions": "[parameters('malwareExclusionExtensions')]",
            "Processes": "[parameters('malwareExclusionProcesses')]"
          },
          "RealtimeProtectionEnabled": "true",
          "ScheduledScanSettings": {
            "isEnabled": "true",
            "scanType": "Quick",
            "day": "7",
            "time": "120"
          }
        },
        "protectedSettings": null
      }
    },


    {
      "condition": "[equals(parameters('domainJoinRequired'),'Yes')]",
      "type": "Microsoft.Compute/virtualMachines/extensions",
      "name": "[concat( variables('vmNamePrefix') , padLeft( copyIndex(parameters('vmIndexOffset')),parameters('vmIndexLength'),'0' ),'/joindomain')]",
      "apiVersion": "2015-06-15",
      "location": "[variables('resourceLocation')]",
      "dependsOn": [ "vmCopy", "antimalwareCopy" ],
      "copy": {
        "name": "domainJoinCopy",
        "count": "[parameters('vmCount')]"
      },
      "properties": {
        "publisher": "Microsoft.Compute",
        "type": "JsonADDomainExtension",
        "typeHandlerVersion": "1.3",
        "autoUpgradeMinorVersion": true,
        "settings": {
          "Name": "[parameters('domainToJoin')]",
          "Options": "[parameters('domainJoinOptions')]",
          "OUPath": "[parameters('domainOuPath')]",
          "Restart": "true",
          "User": "[concat(parameters('domainToJoin'),variables('backSlash'),parameters('domainUsername'))]"
        },
        "protectedSettings": {
          "Password": "[parameters('domainPassword')]"
        }
      }
    },


    {
      "condition": "[equals(parameters('octopusExtensionRequired'),'Yes')]",
      "type": "Microsoft.Compute/virtualMachines/extensions",
      "name": "[concat( variables('vmNamePrefix') , padLeft( copyIndex(parameters('vmIndexOffset')),parameters('vmIndexLength'),'0' ),'/tentacle')]",
      "apiVersion": "2017-03-30",
      "location": "[variables('resourceLocation')]",
      "dependsOn": [ "vmCopy", "antimalwareCopy", "domainJoinCopy" ],
      "copy": {
        "name": "tentacleCopy",
        "count": "[parameters('vmCount')]"
      },
      "properties": {
        "publisher": "OctopusDeploy.Tentacle",
        "type": "OctopusDeployWindowsTentacle",
        "typeHandlerVersion": "2.0",
        "autoUpgradeMinorVersion": true,
        "settings": {
          "OctopusServerUrl": "[parameters('octopusServerUrl')]",
          "Environments": [
            "[parameters('octopusEnvironment')]"
          ],
          "Roles": "[variables('octopusRolesArray')]",
          "CommunicationMode": "[parameters('octopusCommsMode')]",
          "Port": 10933
        },
        "protectedSettings": {
          "ApiKey": "[parameters('octopusApiKey')]"
        }
      }
    },


    {
      "condition": "[equals(parameters('octopusExtensionRequired'),'Yes')]",
      "type": "Microsoft.Compute/virtualMachines/extensions",
      "name": "[concat( variables('vmNamePrefix') , padLeft( copyIndex(parameters('vmIndexOffset')),parameters('vmIndexLength'),'0' ),'/configure-octopus')]",
      "apiVersion": "2017-03-30",
      "location": "[variables('resourceLocation')]",
      "dependsOn": [ "vmCopy", "antimalwareCopy", "domainJoinCopy", "tentacleCopy" ],
      "copy": {
        "name": "configureOctopusCopy",
        "count": "[parameters('vmCount')]"
      },
      "properties": {
        "publisher": "Microsoft.Compute",
        "type": "CustomScriptExtension",
        "typeHandlerVersion": "1.9",
        "autoUpgradeMinorVersion": true,
        "settings": {
          "fileUris": [ "[concat(parameters('octopusPsUrl'),variables('backSlash'),parameters('octopusPsFileName'))]" ]
        },
        "protectedSettings": {
          "commandToExecute": "[concat('powershell -ExecutionPolicy Unrestricted -File ',parameters('octopusPsFileName'),' -domain ',parameters('octopusDomain'),' -svcaccount ',parameters('octopusSvcAccount'),' -password ',parameters('octopusPassword') )]"
        }
      }
    },


    {
      "condition": "[equals(parameters('psExtensionRequired'),'Yes')]",
      "type": "Microsoft.Compute/virtualMachines/extensions",
      "name": "[concat( variables('vmNamePrefix') , padLeft(copyIndex(parameters('vmIndexOffset')),parameters('vmIndexLength'),'0'),'/',parameters('psExtensionName'))]",
      "apiVersion": "2017-03-30",
      "location": "[variables('resourceLocation')]",
      "dependsOn": [ "vmCopy", "antimalwareCopy", "domainJoinCopy", "tentacleCopy", "configureOctopusCopy" ],
      "copy": {
        "name": "genericPsScripCopy",
        "count": "[parameters('vmCount')]"
      },
      "Properties": {
        "publisher": "Microsoft.Compute",
        "type": "CustomScriptExtension",
        "typeHandlerVersion": "1.9",
        "autoUpgradeMinorVersion": true,
        "Settings": {
          "fileUris": [ "[concat(parameters('psPath'),variables('backSlash'),parameters('psScript'))]" ]
        },
        "protectedSettings": {
          "commandToExecute": "[concat('powershell -ExecutionPolicy Unrestricted -File ',parameters('psScript'),' -psParam1 ',parameters('psParam1'),' -psParam2 ',parameters('psParam2'),' -psParam3 ',parameters('psParam3') )]"
        }
      }
    },


    {
      "condition": "[equals(parameters('omsExtensionRequired'),'Yes')]",
      "type": "Microsoft.Compute/virtualMachines/extensions",
      "name": "[concat(variables('vmNamePrefix') , padLeft(copyIndex(parameters('vmIndexOffset')),parameters('vmIndexLength'),'0'),'/oms-extension')]",
      "apiVersion": "2015-06-15",
      "location": "[variables('resourceLocation')]",
      "dependsOn": [ "vmCopy", "antimalwareCopy", "domainJoinCopy", "tentacleCopy", "configureOctopusCopy", "genericPsScripCopy" ],
      "copy": {
        "name": "OMSExtensionCopy",
        "count": "[parameters('vmCount')]"
      },
      "properties": {
        "publisher": "Microsoft.EnterpriseCloud.Monitoring",
        "type": "MicrosoftMonitoringAgent",
        "typeHandlerVersion": "1.0",
        "autoUpgradeMinorVersion": true,
        "settings": {
          "workspaceId": "[parameters('omsWorkspaceId')]"
        },
        "protectedSettings": {
          "workspaceKey": "[parameters('omsWorkspaceKey')]"
        }
      }
    },


    {
      "condition": "[not(equals(parameters('pipRequiredFor'),'none'))]",
      "type": "Microsoft.Network/publicIPAddresses",
      "name": "[variables('pipName')]",
      "apiVersion": "2017-10-01",
      "location": "[variables('resourceLocation')]",
      "properties": {
        "publicIPAllocationMethod": "[parameters('pipType')]",
        "dnsSettings": "[if( equals(parameters('pipDnsLabelPrefix'),''), json('null'), variables('pipDnsSettings') )]"
      }
    },


    {
      "condition": "[equals(parameters('lbTypeRequired'), 'elb')]",
      "type": "Microsoft.Network/loadBalancers",
      "name": "[variables('elbName')]",
      "apiVersion": "2017-10-01",
      "location": "[variables('resourceLocation')]",
      "dependsOn": [
        "[concat('Microsoft.Network/publicIPAddresses/', variables('pipName'))]"
      ],
      "properties": {
        "frontendIPConfigurations": [
          {
            "name": "load-balancer-front-end",
            "properties": {
              "publicIPAddress": "[if(equals(parameters('pipRequiredFor'),'lb'),variables('pipId'),json('null'))]"
            }
          }
        ],
        "backendAddressPools": [
          {
            "name": "backend-pool"
          }
        ],
        "inboundNatRules": [],
        "loadBalancingRules": [
          {
            "name": "lb-rule",
            "properties": {
              "frontendIPConfiguration": {
                "id": "[variables('frontEndIPConfigID')]"
              },
              "backendAddressPool": {
                "id": "[variables('lbPoolID')]"
              },
              "protocol": "Tcp",
              "frontendPort": 443,
              "backendPort": 443,
              "enableFloatingIP": false,
              "idleTimeoutInMinutes": 5,
              "probe": {
                "id": "[variables('lbProbeID')]"
              }
            }
          }
        ],
        "probes": [
          {
            "name": "tcp-probe",
            "properties": {
              "protocol": "Tcp",
              "port": 443,
              "intervalInSeconds": 5,
              "numberOfProbes": 2
            }
          }
        ]
      }
    },


    {
      "condition": "[equals(parameters('lbTypeRequired'),'ilb')]",
      "type": "Microsoft.Network/loadBalancers",
      "name": "[variables('ilbName')]",
      "apiVersion": "2017-10-01",
      "location": "[variables('resourceLocation')]",
      "dependsOn": [],
      "properties": {
        "frontendIPConfigurations": [
          {
            "name": "load-balancer-front-end",
            "properties": {
              "privateIPAllocationMethod": "[parameters('ilbPrivateIPAllocationMethod')]",
              "subnet": {
                "id": "[variables('subnetRef')]"
              },
              "privateIPAddress": "[parameters('ilbPrivateIPAddress')]"
            }
          }
        ],
        "backendAddressPools": [
          {
            "name": "backend-pool"
          }
        ],
        "inboundNatRules": [],
        "loadBalancingRules": [
          {
            "name": "lb-rule",
            "properties": {
              "frontendIPConfiguration": {
                "id": "[variables('frontEndIPConfigID')]"
              },
              "backendAddressPool": {
                "id": "[variables('lbPoolID')]"
              },
              "protocol": "[parameters('lbRuleProtocol')]",
              "frontendPort": "[parameters('lbRuleFrontendPort')]",
              "backendPort": "[parameters('lbRuleBackendPort')]",
              "enableFloatingIP": false,
              "idleTimeoutInMinutes": 5,
              "probe": {
                "id": "[variables('lbProbeID')]"
              }
            }
          }
        ],

        "probes": [
          {
            "name": "tcp-probe",
            "properties": {
              "protocol": "[parameters('lbProbeProtocol')]",
              "port": "[parameters('lbProbePort')]",
              "intervalInSeconds": 5,
              "numberOfProbes": 2
            }
          }
        ]
      }
    }

  ]
}