{
    "$schema": "https://schema.management.azure.com/schemas/2019-04-01/deploymentParameters.json#",
    "contentVersion": "1.0.0.0",
    "parameters": {
        "virtualMachineName": {
            "value": "## TO BE DEFINED ##"
        },
        "privateIpAddress": {
            "value": "## TO BE DEFINED ##"
        },
        "zones": {
            "value": "## TO BE DEFINED ##"
        },
        "virtualMachineSize": {
            "value": "## TO BE DEFINED ##"
        },
        "dataDiskSize": {
            "value": "## TO BE DEFINED ##"
        },
        "adminUsername": {
            "value": "## TO BE DEFINED ##"
        },
        "virtualNetworkName": {
            "value": "## TO BE DEFINED ##"
        },
        "virtualNetworkRgName": {
            "value": "## TO BE DEFINED ##"
        },
        "adminPassword": {
            "value": "## TO BE DEFINED ##"
        },
        "subnetName": {
            "value": "## TO BE DEFINED ##"
        }
    }
}