{
  "$schema": "http://schema.management.azure.com/schemas/2015-01-01/deploymentTemplate.json#",
  "contentVersion": "1.0.0.0",
  "parameters": {
    "virtualMachineName": {
      "type": "Array",
      "metadata": {
        "description": "Array of names for the virtual machines to be created."
      }
    },
    "privateIpAddress": {
      "type": "Array",
      "metadata": {
        "description": "Array of IP addresses to be assigned to the virtual machines to be created."
      }
    },
    "zones": {
      "type": "Array",
      "metadata": {
        "description": "Array of availability zones to be assigned to the virtual machines to be created."
      }
    },
    "virtualMachineSize": {
      "type": "String",
      "metadata": {
        "description": "Size of the virtual machines to be created."
      }
    },
    "dataDiskSize": {
      "type": "String",
      "metadata": {
        "description": "Size of the data disk to be attached to each virtual machine to be created."
      }
    },
    "virtualNetworkName": {
      "type": "String",
      "metadata": {
        "description": "Name of the Virtual Network to attach the virtual machines to. "
      }
    },
    "virtualNetworkRgName": {
      "type": "String",
      "metadata": {
        "description": "Resource group of the Virtual Network to attach the virtual machines to."
      }
    },
    "subnetName": {
      "type": "String",
      "metadata": {
        "description": "Name of the Subnet to attach the Virtual Machines to."
      }
    },
    "adminUsername": {
      "type": "String",
      "metadata": {
        "description": "Username for the default local administrator to be created."
      }
    },
    "adminPassword": {
      "type": "SecureString",
      "metadata": {
        "description": "Password for the default local administrator to be created."
      }
    }

  },
  "variables": {
    "vnetId": "[resourceId(parameters('virtualNetworkRgName'),'Microsoft.Network/virtualNetworks', parameters('virtualNetworkName'))]",
    "subnetRef": "[concat(variables('vnetId'), '/subnets/', parameters('subnetName'))]",
    "virtualMachineCount": "[length(parameters('virtualMachineName'))]"
  },
  "resources": [
    {
      "type": "Microsoft.Network/networkInterfaces",
      "apiVersion": "2016-09-01",
      "name": "[concat('nic-',parameters('virtualMachineName')[copyindex()])]",
      "location": "[resourceGroup().location]",
      "dependsOn": [
      ],
      "properties": {
        "ipConfigurations": [
          {
            "name": "ipconfig1",
            "properties": {
              "subnet": {
                "id": "[variables('subnetRef')]"
              },
              "privateIPAllocationMethod": "Static",
              "privateIPAddress": "[parameters('privateIpAddress')[copyindex()]]"
            }
          }
        ]
      },
      "copy": {
        "name": "nicCopy",
        "count": "[variables('virtualMachineCount')]"
      }
    },
    {
      "type": "Microsoft.Compute/virtualMachines",
      "apiVersion": "2016-04-30-preview",
      "name": "[parameters('virtualMachineName')[copyindex()]]",
      "location": "[resourceGroup().location]",
      "dependsOn": [
        "nicCopy"
      ],
      "zones": [
        "[parameters('zones')[copyindex()]]"
      ],
      "plan": {
        "publisher": "center-for-internet-security-inc",
        "product": "cis-windows-server-2016-v1-0-0-l1",
        "name": "cis-ws2016-l1"
      },
      "properties": {
        "osProfile": {
          "computerName": "[parameters('virtualMachineName')[copyindex()]]",
          "adminUsername": "[parameters('adminUsername')]",
          "adminPassword": "[parameters('adminPassword')]",
          "windowsConfiguration": {
            "provisionVmAgent": "true"
          }
        },
        "hardwareProfile": {
          "vmSize": "[parameters('virtualMachineSize')]"
        },
        "storageProfile": {
          "imageReference": {
            "publisher": "center-for-internet-security-inc",
            "offer": "cis-windows-server-2016-v1-0-0-l1",
            "sku": "cis-ws2016-l1",
            "version": "latest"
          },
          "osDisk": {
            "createOption": "fromImage",
            "name": "[concat(parameters('virtualMachineName')[copyindex()],'-osdisk')]",
            "managedDisk": {
              "storageAccountType": "Standard_LRS"
            }
          },
          "dataDisks": [
            {
              "lun": 0,
              "name": "[concat(parameters('virtualMachineName')[copyindex()],'-datadisk-00')]",
              "caching": "None",
              "createOption": "Empty",
              "diskSizeGB": "[parameters('dataDiskSize')]",
              "managedDisk": {
                "storageAccountType": "Standard_LRS"
              }
            }
          ]
        },
        "networkProfile": {
          "networkInterfaces": [
            {
              "id": "[resourceId('Microsoft.Network/networkInterfaces', concat('nic-',parameters('virtualMachineName')[copyindex()]))]"
            }
          ]
        }
      },
      "copy": {
        "name": "vmCopy",
        "count": "[variables('virtualMachineCount')]"
      }
    },
    {
      "type": "Microsoft.Resources/deployments",
      "apiVersion": "2015-01-01",
      "name": "[concat(parameters('virtualMachineName')[copyindex()], '-microsoft.antimalware.windows')]",
      "dependsOn": [
        "vmCopy"
      ],
      "properties": {
        "mode": "incremental",
        "templateLink": {
          "uri": "https://gallery.azure.com/artifact/20161101/microsoft.antimalware-windows-arm.1.0.0/Artifacts/MainTemplate.json"
        },
        "parameters": {
          "vmName": {
            "value": "[parameters('virtualMachineName')[copyindex()]]"
          },
          "location": {
            "value": "[resourceGroup().location]"
          },
          "ExclusionsPaths": {
            "value": "F:\\"
          },
          "RealtimeProtectionEnabled": {
            "value": "true"
          },
          "ScheduledScanSettingsIsEnabled": {
            "value": "false"
          },
          "ScheduledScanSettingsScanType": {
            "value": "Quick"
          },
          "ScheduledScanSettingsDay": {
            "value": "7"
          },
          "ScheduledScanSettingsTime": {
            "value": "120"
          }
        }
      },
      "copy": {
        "name": "antimalwareCopy",
        "count": "[variables('virtualMachineCount')]"
      }
    }
  ]
}