{
  "$schema": "https://schema.management.azure.com/schemas/2015-01-01/deploymentTemplate.json#",
  "contentVersion": "1.0.0.0",
  "parameters": {
    "virtualNetworkName": {
      "type": "string",
      "metadata": {
        "description": "The virtual network name"
      }
    },
    "subnetName": {
      "type": "string",
      "metadata": {
        "description": "Existing subnet that contains the domain controller"
      }
    },
    "dnsLabelPrefix": {
      "type": "string",
      "metadata": {
        "description": "Unique public DNS prefix for the deployment. The fqdn will look something like '<dnsname>.westus.cloudapp.azure.com'. Up to 62 chars, digits or dashes, lowercase, should start with a letter: must conform to '^[a-z][a-z0-9-]{1,61}[a-z0-9]$'."
      }
    },
    "domainName": {
      "type": "string",
      "metadata": {
        "description": "The FQDN of the AD domain"
      }
    },
    "domainUsername": {
      "type": "string",
      "metadata": {
        "description": "Username of the account on the domain"
      }
    },
    "domainPassword": {
      "type": "securestring",
      "metadata": {
        "description": "Password of the account on the domain"
      }
    },
    "vmName": {
      "type": "string",
      "metadata": {
        "description": "The Jump box VM name"
      }
    },
    "vmSize": {
      "type": "string",
      "metadata": {
        "description": "The size of virtual machine for eg. Standard_DS2_v2"
      }
    },
    "osVersion": {
      "type": "string",
      "metadata": {
        "description": "The operating system version to be installed on VM for eg. 2019-Datacenter"
      }
    },
    "pipName": {
      "type": "string",
      "metadata": {
        "description": "The Jump box public ip name"
      }
    },
    "recoveryServiceVault": {
      "type": "string"
    },
    "deployBackup": {
      "type": "bool",
      "defaultValue": true,
      "metadata": {
        "description": "Whether to deploy Backup or not: Primarily used for pipeline testing"
      }
    },
    "nicName": {
      "type": "string",
      "metadata": {
        "description": "The name of the vm network interface card"
      },
      "defaultValue": "[concat(parameters('vmName'), '-nic')]"
    }
  },
  "variables": {
    "ouPath": "",
    "domainJoinOptions": 3,
    "imagePublisher": "MicrosoftWindowsServer",
    "imageOffer": "WindowsServer",
    "nicName": "[parameters('nicName')]",
    "subnetId": "[resourceId(resourceGroup().name, 'Microsoft.Network/virtualNetworks/subnets', parameters('virtualNetworkName'), parameters('subnetName'))]",
    "vmAdminUsername": "[parameters('domainUsername')]",
    "vmAdminPassword": "[parameters('domainPassword')]"
  },
  "resources": [
    {
      "apiVersion": "2015-06-15",
      "type": "Microsoft.Network/publicIPAddresses",
      "name": "[parameters('pipName')]",
      "location": "[resourceGroup().location]",
      "properties": {
        "publicIPAllocationMethod": "Dynamic",
        "dnsSettings": {
          "domainNameLabel": "[parameters('dnsLabelPrefix')]"
        }
      }
    },
    {
      "apiVersion": "2015-06-15",
      "type": "Microsoft.Network/networkInterfaces",
      "name": "[variables('nicName')]",
      "location": "[resourceGroup().location]",
      "dependsOn": [
        "[concat('Microsoft.Network/publicIPAddresses/', parameters('pipName'))]"
      ],
      "properties": {
        "ipConfigurations": [
          {
            "name": "ipconfig",
            "properties": {
              "privateIPAllocationMethod": "Dynamic",
              "publicIPAddress": {
                "id": "[resourceId('Microsoft.Network/publicIPAddresses', parameters('pipName'))]"
              },
              "subnet": {
                "id": "[variables('subnetId')]"
              }
            }
          }
        ]
      }
    },
    {
      "apiVersion": "2017-03-30",
      "type": "Microsoft.Compute/virtualMachines",
      "name": "[parameters('vmName')]",
      "location": "[resourceGroup().location]",
      "dependsOn": [
        "[resourceId('Microsoft.Network/networkInterfaces', variables('nicName'))]"
      ],
      "properties": {
        "hardwareProfile": {
          "vmSize": "[parameters('vmSize')]"
        },
        "osProfile": {
          "computerName": "[parameters('vmName')]",
          "adminUsername": "[variables('vmAdminUsername')]",
          "adminPassword": "[variables('vmAdminPassword')]"
        },
        "storageProfile": {
          "imageReference": {
            "publisher": "[variables('imagePublisher')]",
            "offer": "[variables('imageOffer')]",
            "sku": "[parameters('osVersion')]",
            "version": "latest"
          },
          "osDisk": {
            "name": "[concat(parameters('vmName'),'-osdisk')]",
            "caching": "ReadWrite",
            "createOption": "FromImage"
          }
        },
        "networkProfile": {
          "networkInterfaces": [
            {
              "id": "[resourceId('Microsoft.Network/networkInterfaces', variables('nicName'))]"
            }
          ]
        },
        "diagnosticsProfile": {
          "bootDiagnostics": {
            "enabled": false
          }
        }
      }
    },
    {
      "apiVersion": "2015-06-15",
      "type": "Microsoft.Compute/virtualMachines/extensions",
      "name": "[concat(parameters('vmName'),'/joindomain')]",
      "location": "[resourceGroup().location]",
      "dependsOn": [
        "[concat('Microsoft.Compute/virtualMachines/', parameters('vmName'))]"
      ],
      "properties": {
        "publisher": "Microsoft.Compute",
        "type": "JsonADDomainExtension",
        "typeHandlerVersion": "1.3",
        "autoUpgradeMinorVersion": true,
        "settings": {
          "Name": "[parameters('domainName')]",
          "OUPath": "[variables('ouPath')]",
          "User": "[concat(parameters('domainName'), '\\', parameters('domainUsername'))]",
          "Restart": "true",
          "Options": "[variables('domainJoinOptions')]"
        },
        "protectedSettings": {
          "Password": "[parameters('domainPassword')]"
        }
      }
    },
    {
      "name": "[concat(parameters('recoveryServiceVault'), '/Azure/iaasvmcontainer;iaasvmcontainerv2;', resourceGroup().name, ';', parameters('vmName'), '/vm;iaasvmcontainerv2;', resourceGroup().name, ';', parameters('vmName'))]",
      "type": "Microsoft.RecoveryServices/vaults/backupFabrics/protectionContainers/protectedItems",
      "condition": "[parameters('deployBackup')]",
      "apiVersion": "2016-12-01",
      "dependsOn": [
        "[parameters('vmName')]"
      ],
      "properties": {
        "policyId": "[resourceId('Microsoft.RecoveryServices/vaults/backupPolicies', parameters('recoveryServiceVault'), 'DefaultPolicy')]",
        "protectedItemType": "Microsoft.Compute/virtualMachines",
        "sourceResourceId": "[resourceId(subscription().subscriptionId, resourceGroup().name, 'Microsoft.Compute/virtualMachines', parameters('vmName'))]"
      }
    }
  ],
  "outputs": {
    "vmresourceID": {
      "type": "string",
      "value": "[resourceId('Microsoft.Compute/virtualMachines',parameters('vmName'))]"
    }
  }
}