{
  "$schema": "http://schema.management.azure.com/schemas/2015-01-01/deploymentTemplate.json#",
  "contentVersion": "1.0.0.0",
  "parameters": {
    "virtualMachineName": {
      "type": "array"
    },
    "privateIpAddress": {
      "type": "array"
    },
    "vmDescription": {
      "type": "string"
    },
    "vmCreatedBy": {
      "type": "string"
    },
    "omsAlertRecipient": {
      "type": "string"
    },
    "virtualMachineSize": {
      "type": "string"
    },
    "dataDiskSize": {
      "type": "string"
    },
    "adminUsername": {
      "type": "string"
    },
    "virtualNetworkName": {
      "type": "string"
    },
    "virtualNetworkRgName": {
      "type": "string"
    },
    "adminPassword": {
      "type": "securestring"
    },
    "availabilitySetName": {
      "type": "string"
    },
    "availabilitySetPlatformFaultDomainCount": {
      "type": "string"
    },
    "availabilitySetPlatformUpdateDomainCount": {
      "type": "string"
    },
    "diagnosticsStorageAccountName": {
      "type": "string"
    },
    "diagnosticsStorageAccountRGName": {
      "type": "string"
    },
    "subnetName": {
      "type": "string"
    },
    "env": {
      "type": "string"
    }
  },

  "variables": {
    "vnetId": "[resourceId(parameters('virtualNetworkRgName'),'Microsoft.Network/virtualNetworks', parameters('virtualNetworkName'))]",
    "subnetRef": "[concat(variables('vnetId'), '/subnets/', parameters('subnetName'))]",
    "virtualMachineCount": "[length(parameters('virtualMachineName'))]"
  },

  "resources": [


    {
      "name": "[parameters('availabilitySetName')]",
      "type": "Microsoft.Compute/availabilitySets",
      "apiVersion": "2016-04-30-preview",
      "location": "[resourceGroup().location]",
      "properties": {
        "platformFaultDomainCount": "[parameters('availabilitySetPlatformFaultDomainCount')]",
        "platformUpdateDomainCount": "[parameters('availabilitySetPlatformUpdateDomainCount')]",
        "managed": true
      }
    },


    {
      "name": "[concat(parameters('virtualMachineName')[copyindex()],'-nic')]",
      "copy": {
        "name": "nicCopy",
        "count": "[variables('virtualMachineCount')]"
      },
      "type": "Microsoft.Network/networkInterfaces",
      "apiVersion": "2016-09-01",
      "location": "[resourceGroup().location]",
      "dependsOn": [],
      "properties": {
        "ipConfigurations": [
          {
            "name": "ipconfig1",
            "properties": {
              "subnet": {
                "id": "[variables('subnetRef')]"
              },
              "privateIPAllocationMethod": "Static",
              "privateIPAddress": "[parameters('privateIpAddress')[copyindex()]]"
            }
          }
        ]
      }
    },



    {
      "name": "[parameters('virtualMachineName')[copyindex()]]",
      "copy": {
        "name": "vmCopy",
        "count": "[variables('virtualMachineCount')]"
      },
      "tags": {
        "Environment": "[parameters('env')]",
        "Description": "[parameters('vmDescription')]",
        "CreatedBy": "[parameters('vmCreatedBy')]",
        "OmsAlertRecipient": "[parameters('omsAlertRecipient')]"
      },
      "type": "Microsoft.Compute/virtualMachines",
      "apiVersion": "2016-04-30-preview",
      "location": "[resourceGroup().location]",
      "dependsOn": [
        "nicCopy",
        "[concat('Microsoft.Compute/availabilitySets/', parameters('availabilitySetName'))]"
      ],
      "properties": {
        "osProfile": {
          "computerName": "[parameters('virtualMachineName')[copyindex()]]",
          "adminUsername": "[parameters('adminUsername')]",
          "adminPassword": "[parameters('adminPassword')]",
          "windowsConfiguration": {
            "provisionVmAgent": "true"
          }
        },
        "hardwareProfile": {
          "vmSize": "[parameters('virtualMachineSize')]"
        },
        "storageProfile": {
          "imageReference": {
            "publisher": "MicrosoftWindowsServer",
            "offer": "WindowsServer",
            "sku": "2016-Datacenter",
            "version": "latest"
          },
          "osDisk": {
            "createOption": "fromImage",
            "name": "[concat(parameters('virtualMachineName')[copyindex()],'-osdisk')]",
            "managedDisk": {
              "storageAccountType": "Standard_LRS"
            }
          },
          "dataDisks": [
            {
              "lun": 0,
              "name": "[concat(parameters('virtualMachineName')[copyindex()],'-datadisk-00')]",
              "caching": "None",
              "createOption": "Empty",
              "diskSizeGB": "[parameters('dataDiskSize')]",
              "managedDisk": {
                "storageAccountType": "Standard_LRS"
              }
            }
          ]
        },
        "networkProfile": {
          "networkInterfaces": [
            {
              "id": "[resourceId('Microsoft.Network/networkInterfaces', concat(parameters('virtualMachineName')[copyindex()],'-nic'))]"
            }
          ]
        },
        "diagnosticsProfile": {
          "bootDiagnostics": {
            "enabled": true,
            "storageUri": "[reference(resourceId(parameters('diagnosticsStorageAccountRGName'), 'Microsoft.Storage/storageAccounts', parameters('diagnosticsStorageAccountName')), '2015-06-15').primaryEndpoints['blob']]"
          }
        },
        "availabilitySet": {
          "id": "[resourceId('Microsoft.Compute/availabilitySets', parameters('availabilitySetName'))]"
        }
      }
    },



    {
      "name": "[concat(parameters('virtualMachineName')[copyindex()], '-microsoft.antimalware.windows')]",
      "copy": {
        "name": "antimalwareCopy",
        "count": "[variables('virtualMachineCount')]"
      },
      "apiVersion": "2015-01-01",
      "type": "Microsoft.Resources/deployments",
      "properties": {
        "mode": "incremental",
        "templateLink": {
          "uri": "https://gallery.azure.com/artifact/20161101/microsoft.antimalware-windows-arm.1.0.0/Artifacts/MainTemplate.json"
        },
        "parameters": {
          "vmName": {
            "value": "[parameters('virtualMachineName')[copyindex()]]"
          },
          "location": {
            "value": "[resourceGroup().location]"
          },
          "ExclusionsPaths": {
            "value": "F:\\"
          },
          "RealtimeProtectionEnabled": {
            "value": "true"
          },
          "ScheduledScanSettingsIsEnabled": {
            "value": "false"
          },
          "ScheduledScanSettingsScanType": {
            "value": "Quick"
          },
          "ScheduledScanSettingsDay": {
            "value": "7"
          },
          "ScheduledScanSettingsTime": {
            "value": "120"
          }
        }
      },
      "dependsOn": [ "vmCopy" ]
    }


  ]
}