{
  "$schema": "https://schema.management.azure.com/schemas/2015-01-01/deploymentParameters.json#",
  "contentVersion": "1.0.0.0",
  "parameters": {
    "env": { "value": "prod" },
    "virtualMachineName": { "value": [ "prod-dc-01", "prod-dc-02" ] },
    "privateIpAddress": { "value": [ "172.20.0.4", "172.20.0.5" ] },
    "vmDescription": { "value": "Domain controller in prod.brainshark.com domain" },
    "vmCreatedBy": { "value": "from_VSTS" },
    "omsAlertRecipient": { "value": "from_VSTS" },
    "virtualMachineSize": { "value": "Standard_Ds1_v2" },
    "dataDiskSize": { "value": "10" },
    "adminUsername": { "value": "localadmin" },
    "virtualNetworkName": { "value": "prod-vnet" },
    "virtualNetworkRgName": { "value": "rk-ak-bsk" },
    "subnetName": { "value": "prod-subnet-domain" },
    "adminPassword": { "value": "from_VSTS" },
    "availabilitySetName": { "value": "prod-avaset-dc" },
    "availabilitySetPlatformFaultDomainCount": { "value": "2" },
    "availabilitySetPlatformUpdateDomainCount": { "value": "5" },
    "diagnosticsStorageAccountName": { "value": "prodsadiagnostics" }
  }
}