{
  "$schema": "https://schema.management.azure.com/schemas/2015-01-01/deploymentTemplate.json#",
  "contentVersion": "1.0.0.0",
  "parameters": {
    "adminUsername": {
      "type": "string",
      "metadata": {
        "description": "The name of the Administrator of the new VM and Domain"
      }
    },
    "adminPassword": {
      "type": "securestring",
      "metadata": {
        "description": "The password for the Administrator account of the new VM and Domain"
      }
    },
    "domainName": {
      "type": "string",
      "metadata": {
        "description": "The FQDN of the AD Domain created"
      }
    },
    "virtualNetworkName": {
      "type": "string",
      "metadata": {
        "description": "The backup domain controller virtual network name"
      }
    },
    "subNetName": {
      "type": "string",
      "metadata": {
        "Description": "The name of the subnet created in the new VNET"
      }
    },
    "adPDCNicIPAddress": {
      "type": "string",
      "metadata": {
        "description": "The primary domain controller nic IP address"
      }
    },
    "adBDCVMName": {
      "type": "string",
      "metadata": {
        "description": "The backup domain controller virtual machine name"
      }
    },
    "vmSize": {
      "type": "string",
      "metadata": {
        "description": "The size of virtual machine for eg. Standard_DS2_v2"
      }
    },
    "osVersion": {
      "type": "string",
      "metadata": {
        "description": "The operating system version to be installed on VM for eg. 2019-Datacenter"
      }
    },
    "adAvailabilitySetName": {
      "type": "string",
      "metadata": {
        "description": "The name of Availability Set"
      },
      "defaultValue": ""
    },
    "nicName": {
      "type": "string",
      "metadata": {
        "description": "The name of the vm network interface card"
      },
      "defaultValue": "[concat(parameters('adBDCVMName'), '-nic')]"
    }
  },
  "variables": {
    "SAStoken": "[concat('?',split(deployment().properties.templateLink.uri,'?')[1])]",
    "storageAccountType": "Premium_LRS",
    "imagePublisher": "MicrosoftWindowsServer",
    "imageOffer": "WindowsServer",
    "adBDCNicName": "[parameters('nicName')]",
    "adSubnetRefBDC": "[resourceId('Microsoft.Network/virtualNetworks/subnets', parameters('virtualNetworkName'), parameters('subNetName'))]",
    "adDataDiskSize": 127,
    "configureADBDCTemplateUri": "[concat(uri(deployment().properties.templateLink.uri,'Configure-JoinedADForest.json'), variables('SAStoken'))]",
    "adBDCPreparationModulesURL": "[concat(uri(deployment().properties.templateLink.uri, 'PrepareADBDC.zip'), variables('SAStoken'))]",
    "adBDCPreparationFunction": "PrepareADBDC.ps1\\PrepareADBDC",
    "adBDCConfigurationModulesURL": "ConfigureADBDC.zip",
    "adBDCConfigurationFunction": "ConfigureADBDC.ps1\\ConfigureADBDC"
  },
  "resources": [
    {
      "name": "[variables('adBDCNicName')]",
      "type": "Microsoft.Network/networkInterfaces",
      "apiVersion": "2016-10-01",
      "location": "[resourceGroup().location]",
      "dependsOn": [],
      "properties": {
        "ipConfigurations": [
          {
            "name": "ipconfig1",
            "properties": {
              "privateIPAllocationMethod": "Dynamic",
              "subnet": {
                "id": "[variables('adSubnetRefBDC')]"
              }
            }
          }
        ]
      }
    },
    {
      "name": "[parameters('adBDCVMName')]",
      "type": "Microsoft.Compute/virtualMachines",
      "apiVersion": "2017-03-30",
      "location": "[resourceGroup().location]",
      "dependsOn": [
        "[resourceId('Microsoft.Network/networkInterfaces',variables('adBDCNicName'))]"
      ],
      "properties": {
        "hardwareProfile": {
          "vmSize": "[parameters('vmSize')]"
        },
        "osProfile": {
          "computerName": "[parameters('adBDCVMName')]",
          "adminUsername": "[parameters('adminUsername')]",
          "adminPassword": "[parameters('adminPassword')]"
        },
        "availabilitySet": "[if(equals(parameters('adAvailabilitySetName'), ''), '', json(concat('{ \"id\": \"', resourceId('Microsoft.Compute/availabilitySets', parameters('adAvailabilitySetName')) , '\"}')))]",
        "storageProfile": {
          "imageReference": {
            "publisher": "[variables('imagePublisher')]",
            "offer": "[variables('imageOffer')]",
            "sku": "[parameters('osVersion')]",
            "version": "latest"
          },
          "osDisk": {
            "name": "[concat(parameters('adBDCVMName'),'-osdisk')]",
            "caching": "ReadWrite",
            "createOption": "FromImage",
            "managedDisk": {
              "storageAccountType": "[variables('storageAccountType')]"
            }
          },
          "dataDisks": [
            {
              "name": "[concat(parameters('adBDCVMName'),'-datadisk01')]",
              "caching": "None",
              "diskSizeGB": "[variables('adDataDiskSize')]",
              "lun": 0,
              "createOption": "Empty",
              "managedDisk": {
                "storageAccountType": "[variables('storageAccountType')]"
              }
            }
          ]
        },
        "networkProfile": {
          "networkInterfaces": [
            {
              "id": "[resourceId('Microsoft.Network/networkInterfaces', variables('adBDCNicName'))]"
            }
          ]
        }
      }
    },
    {
      "type": "Microsoft.Compute/virtualMachines/extensions",
      "name": "[concat(parameters('adBDCVMName'),'/PrepareBDC')]",
      "apiVersion": "2016-03-30",
      "location": "[resourceGroup().location]",
      "dependsOn": [
        "[concat('Microsoft.Compute/virtualMachines/', parameters('adBDCVMName'))]"
      ],
      "properties": {
        "publisher": "Microsoft.Powershell",
        "type": "DSC",
        "typeHandlerVersion": "2.19",
        "autoUpgradeMinorVersion": true,
        "settings": {
          "ModulesUrl": "[variables('adBDCPreparationModulesURL')]",
          "ConfigurationFunction": "[variables('adBDCPreparationFunction')]",
          "Properties": {
            "DNSServer": "[parameters('adPDCNicIPAddress')]"
          }
        }
      }
    },
    {
      "name": "ConfiguringBackupADDomainController",
      "type": "Microsoft.Resources/deployments",
      "apiVersion": "2016-09-01",
      "dependsOn": [
        "[concat('Microsoft.Compute/virtualMachines/',parameters('adBDCVMName'),'/extensions/PrepareBDC')]"
      ],
      "properties": {
        "mode": "Incremental",
        "templateLink": {
          "uri": "[variables('configureADBDCTemplateUri')]",
          "contentVersion": "1.0.0.0"
        },
        "parameters": {
          "adBDCVMName": {
            "value": "[parameters('adBDCVMName')]"
          },
          "adminUsername": {
            "value": "[parameters('adminUsername')]"
          },
          "adminPassword": {
            "value": "[parameters('adminPassword')]"
          },
          "domainName": {
            "value": "[parameters('domainName')]"
          },
          "adBDCConfigurationFunction": {
            "value": "[variables('adBDCConfigurationFunction')]"
          },
          "adBDCConfigurationModulesURL": {
            "value": "[variables('adBDCConfigurationModulesURL')]"
          }
        }
      }
    }
  ],
  "outputs": {
    "ipAddress": {
      "type": "string",
      "value": "[reference(variables('adBDCNicName')).ipConfigurations[0].properties.privateIPAddress]"
    }
  }
}