{
  "$schema": "https://schema.management.azure.com/schemas/2015-01-01/deploymentParameters.json#",
  "contentVersion": "1.0.0.0",
  "parameters": {
    "adminPassword": { "value": "xx" },
    "adminUsername": { "value": "localadmin" },
    "availabilitySetName": { "value": "rin-asa-dc-avaset" },
    "availabilitySetPlatformFaultDomainCount": { "value": "2" },
    "availabilitySetPlatformUpdateDomainCount": { "value": "5" },
    "dataDiskSize": { "value": "10" },
    "diagnosticsStorageAccountName": { "value": "sadiagnostics20180405" },
    "diagnosticsStorageAccountRGName": { "value": "rg-storage" },
    "ilbPrivateIPAddress": { "value": "172.16.2.9" },
    "ilbPrivateIPAllocationMethod": { "value": "Static" },
    "lbName": { "value": "rin-asa-dc-ilb" },
    "privateIpAddress": { "value": [ "172.16.2.10", "172.16.2.11" ] },
    "subnetName": { "value": "subnet-asa-dc" },
    "virtualMachineName": { "value": [ "rin-asa-dc01", "rin-asa-dc02" ] },
    "virtualMachineSize": { "value": "Standard_D2_v2" },
    "virtualNetworkName": { "value": "vnet-asa" },
    "virtualNetworkRgName": { "value": "rg-network" },
    "vmCreatedBy": { "value": "akhassanov@newsignature.com" },
    "vmDescription": { "value": "Domain controller in rinconltd.com ADDS domain" }
  }
}