{
  "$schema": "http://schema.management.azure.com/schemas/2015-01-01/deploymentTemplate.json#",
  "contentVersion": "1.0.0.0",
  "parameters": {
    "adminPassword": {
      "type": "securestring"
    },
    "adminUsername": {
      "type": "string"
    },
    "availabilitySetName": {
      "type": "string"
    },
    "availabilitySetPlatformFaultDomainCount": {
      "type": "string"
    },
    "availabilitySetPlatformUpdateDomainCount": {
      "type": "string"
    },
    "dataDiskSize": {
      "type": "string"
    },
    "diagnosticsStorageAccountName": {
      "type": "string"
    },
    "diagnosticsStorageAccountRGName": {
      "type": "string"
    },
    "ilbPrivateIPAddress": {
      "type": "string",
      "metadata": { "description": "Private IP address for internal Load Balancer" }
    },
    "ilbPrivateIPAllocationMethod": {
      "type": "string",
      "allowedValues": [ "Static" ],
      "metadata": { "description": "Wllowed value: Static. Only Static IP assignment is supported by now" }
    },
    "lbName": {
      "type": "string"
    },
    "privateIpAddress": {
      "type": "array"
    },
    "subnetName": {
      "type": "string"
    },
    "virtualMachineName": {
      "type": "array"
    },
    "virtualMachineSize": {
      "type": "string"
    },
    "virtualNetworkName": {
      "type": "string"
    },
    "virtualNetworkRgName": {
      "type": "string"
    },
    "vmCreatedBy": {
      "type": "string"
    },
    "vmDescription": {
      "type": "string"
    }
  },

  "variables": {
    "frontEndIpConfigId": "[concat(resourceId('Microsoft.Network/loadBalancers',parameters('lbName')),'/frontendIPConfigurations/load-balancer-front-end')]",
    "lbId": "[resourceId('Microsoft.Network/loadBalancers',parameters('lbName'))]",
    "lbPoolId": "[concat(resourceId('Microsoft.Network/loadBalancers',parameters('lbName')),'/backendAddressPools/backend-pool')]",
    "lbProbeId": "[concat(resourceId('Microsoft.Network/loadBalancers',parameters('lbName')),'/probes/tcp-probe')]",
    "subnetRef": "[concat(variables('vnetId'), '/subnets/', parameters('subnetName'))]",
    "virtualMachineCount": "[length(parameters('virtualMachineName'))]",
    "vnetId": "[resourceId(parameters('virtualNetworkRgName'),'Microsoft.Network/virtualNetworks', parameters('virtualNetworkName'))]"
  },

  "resources": [


    {
      "name": "[parameters('availabilitySetName')]",
      "type": "Microsoft.Compute/availabilitySets",
      "apiVersion": "2016-04-30-preview",
      "location": "[resourceGroup().location]",
      "properties": {
        "platformFaultDomainCount": "[parameters('availabilitySetPlatformFaultDomainCount')]",
        "platformUpdateDomainCount": "[parameters('availabilitySetPlatformUpdateDomainCount')]",
        "managed": true
      }
    },


    {
      "type": "Microsoft.Network/loadBalancers",
      "name": "[parameters('lbName')]",
      "apiVersion": "2017-10-01",
      "location": "[resourceGroup().location]",
      "dependsOn": [],
      "properties": {
        "frontendIPConfigurations": [
          {
            "name": "load-balancer-front-end",
            "properties": {
              "privateIPAllocationMethod": "[parameters('ilbPrivateIPAllocationMethod')]",
              "subnet": {
                "id": "[variables('subnetRef')]"
              },
              "privateIPAddress": "[parameters('ilbPrivateIPAddress')]"
            }
          }
        ],
        "backendAddressPools": [
          {
            "name": "backend-pool"
          }
        ],
        "inboundNatRules": [],
        "loadBalancingRules": [
          {
            "name": "lb-rule-udp-1812",
            "properties": {
              "frontendIPConfiguration": { "id": "[variables('frontEndIPConfigID')]" },
              "backendAddressPool": { "id": "[variables('lbPoolID')]" },
              "protocol": "Udp",
              "frontendPort": 1812,
              "backendPort": 1812,
              "enableFloatingIP": false,
              "idleTimeoutInMinutes": 5
            }
          },
          {
            "name": "lb-rule-udp-1813",
            "properties": {
              "frontendIPConfiguration": { "id": "[variables('frontEndIPConfigID')]" },
              "backendAddressPool": { "id": "[variables('lbPoolID')]" },
              "protocol": "Udp",
              "frontendPort": 1813,
              "backendPort": 1813,
              "enableFloatingIP": false,
              "idleTimeoutInMinutes": 5
            }
          },
          {
            "name": "lb-rule-udp-1645",
            "properties": {
              "frontendIPConfiguration": { "id": "[variables('frontEndIPConfigID')]" },
              "backendAddressPool": { "id": "[variables('lbPoolID')]" },
              "protocol": "Udp",
              "frontendPort": 1645,
              "backendPort": 1645,
              "enableFloatingIP": false,
              "idleTimeoutInMinutes": 5
            }
          },
          {
            "name": "lb-rule-udp-1646",
            "properties": {
              "frontendIPConfiguration": { "id": "[variables('frontEndIPConfigID')]" },
              "backendAddressPool": { "id": "[variables('lbPoolID')]" },
              "protocol": "Udp",
              "frontendPort": 1646,
              "backendPort": 1646,
              "enableFloatingIP": false,
              "idleTimeoutInMinutes": 5
            }
          }
        ],

        "probes": []

      }
    },


    {
      "name": "[concat(parameters('virtualMachineName')[copyindex()],'-nic')]",
      "copy": {
        "name": "nicCopy",
        "count": "[variables('virtualMachineCount')]"
      },
      "type": "Microsoft.Network/networkInterfaces",
      "apiVersion": "2018-01-01",
      "location": "[resourceGroup().location]",
      "dependsOn": [
        "[resourceId('Microsoft.Network/loadBalancers', parameters('lbName'))]"
      ],
      "properties": {
        "ipConfigurations": [
          {
            "name": "ipconfig1",
            "properties": {
              "subnet": {
                "id": "[variables('subnetRef')]"
              },
              "loadBalancerBackendAddressPools": [ { "id": "[concat(resourceId('Microsoft.Network/loadBalancers',parameters('lbName')),'/backendAddressPools/backend-pool')]" } ],
              "privateIPAllocationMethod": "Static",
              "privateIPAddress": "[parameters('privateIpAddress')[copyindex()]]"
            }
          }
        ]
      }
    },


    {
      "name": "[parameters('virtualMachineName')[copyindex()]]",
      "copy": {
        "name": "vmCopy",
        "count": "[variables('virtualMachineCount')]"
      },
      "tags": {
        "Description": "[parameters('vmDescription')]",
        "CreatedBy": "[parameters('vmCreatedBy')]"
      },
      "type": "Microsoft.Compute/virtualMachines",
      "apiVersion": "2016-04-30-preview",
      "location": "[resourceGroup().location]",
      "dependsOn": [
        "nicCopy",
        "[concat('Microsoft.Compute/availabilitySets/', parameters('availabilitySetName'))]"
      ],
      "properties": {
        "osProfile": {
          "computerName": "[parameters('virtualMachineName')[copyindex()]]",
          "adminUsername": "[parameters('adminUsername')]",
          "adminPassword": "[parameters('adminPassword')]",
          "windowsConfiguration": {
            "provisionVmAgent": "true"
          }
        },
        "hardwareProfile": {
          "vmSize": "[parameters('virtualMachineSize')]"
        },
        "storageProfile": {
          "imageReference": {
            "publisher": "MicrosoftWindowsServer",
            "offer": "WindowsServer",
            "sku": "2016-Datacenter",
            "version": "latest"
          },
          "osDisk": {
            "createOption": "FromImage",
            "name": "[concat(parameters('virtualMachineName')[copyindex()],'-osdisk')]",
            "managedDisk": {
              "storageAccountType": "Standard_LRS"
            }
          },
          "dataDisks": [
            {
              "lun": 0,
              "name": "[concat(parameters('virtualMachineName')[copyindex()],'-datadisk-00')]",
              "caching": "None",
              "createOption": "Empty",
              "diskSizeGB": "[parameters('dataDiskSize')]",
              "managedDisk": {
                "storageAccountType": "Standard_LRS"
              }
            }
          ]
        },
        "networkProfile": {
          "networkInterfaces": [
            {
              "id": "[resourceId('Microsoft.Network/networkInterfaces', concat(parameters('virtualMachineName')[copyindex()],'-nic'))]"
            }
          ]
        },
        "diagnosticsProfile": {
          "bootDiagnostics": {
            "enabled": true,
            "storageUri": "[reference(resourceId(parameters('diagnosticsStorageAccountRGName'), 'Microsoft.Storage/storageAccounts', parameters('diagnosticsStorageAccountName')), '2015-06-15').primaryEndpoints['blob']]"
          }
        },
        "availabilitySet": {
          "id": "[resourceId('Microsoft.Compute/availabilitySets', parameters('availabilitySetName'))]"
        }
      }
    },


    {
      "type": "Microsoft.Compute/virtualMachines/extensions",
      "name": "[concat(parameters('virtualMachineName')[copyindex()], '/antimalware')]",
      "copy": {
        "name": "antimalwareCopy",
        "count": "[variables('virtualMachineCount')]"
      },
      "apiVersion": "2017-03-30",
      "location": "[resourceGroup().location]",
      "dependsOn": [ "vmCopy" ],
      "properties": {
        "publisher": "Microsoft.Azure.Security",
        "type": "IaaSAntimalware",
        "typeHandlerVersion": "1.3",
        "autoUpgradeMinorVersion": true,
        "settings": {
          "AntimalwareEnabled": true,
          "Exclusions": {
            "Paths": "E:\\",
            "Extensions": "",
            "Processes": ""
          },
          "RealtimeProtectionEnabled": "true",
          "ScheduledScanSettings": {
            "isEnabled": "true",
            "scanType": "Quick",
            "day": "7",
            "time": "120"
          }
        },
        "protectedSettings": null
      }
    }
  ]
}