{
  "$schema": "https://schema.management.azure.com/schemas/2015-01-01/deploymentTemplate.json#",
  "contentVersion": "1.0.0.0",
  "parameters": {
    "virtualNetworkName": {
      "type": "string",
      "metadata": {
        "description": "The virtual network name"
      }
    },
    "subnetName": {
      "type": "string",
      "metadata": {
        "description": "Existing subnet that contains the domain controller"
      }
    },
    "dnsLabelPrefix": {
      "type": "string",
      "metadata": {
        "description": "Unique public DNS prefix for the deployment. The fqdn will look something like '<dnsname>.westus.cloudapp.azure.com'. Up to 62 chars, digits or dashes, lowercase, should start with a letter: must conform to '^[a-z][a-z0-9-]{1,61}[a-z0-9]$'."
      }
    },
    "domainName": {
      "type": "string",
      "metadata": {
        "description": "The FQDN of the AD domain"
      }
    },
    "domainUsername": {
      "type": "string",
      "metadata": {
        "description": "Username of the account on the domain"
      }
    },
    "domainPassword": {
      "type": "securestring",
      "metadata": {
        "description": "Password of the account on the domain"
      }
    },
    "vmNames": {
      "type": "array",
      "metadata": {
        "description": "The Jump box VM name"
      }
    },
    "vmSize": {
      "type": "string",
      "metadata": {
        "description": "The size of virtual machine for eg. Standard_DS2_v2"
      },
      "defaultValue": "Standard_A2_v2"
    },
    "osVersion": {
      "type": "string",
      "metadata": {
        "description": "The operating system version to be installed on VM for eg. 2019-Datacenter"
      },
      "defaultValue": "2019-Datacenter"
    }
  },
  "variables": {
    "ouPath": "", 
    "domainJoinOptions": 3, 
    "imagePublisher": "MicrosoftWindowsServer",
    "imageOffer": "WindowsServer",
    "subnetId": "[resourceId(resourceGroup().name, 'Microsoft.Network/virtualNetworks/subnets', parameters('virtualNetworkName'), parameters('subnetName'))]",
    "vmAdminUsername": "[parameters('domainUsername')]",
    "vmAdminPassword": "[parameters('domainPassword')]"
  },
  "resources": [
    {
      "apiVersion": "2015-06-15",
      "type": "Microsoft.Network/networkInterfaces",
      "name": "[concat(parameters('vmNames')[copyIndex()], '-nic')]",
      "location": "[resourceGroup().location]",
      "properties": {
        "ipConfigurations": [
          {
            "name": "ipconfig",
            "properties": {
              "privateIPAllocationMethod": "Dynamic",
              "subnet": {
                "id": "[variables('subnetId')]"
              },
              "primary": true,
              "privateIPAddressVersion": "IPv4"
            }
          }
        ]
      },
      "copy": {
        "name": "VMNICCopy",
        "count": "[length(parameters('vmNames'))]"
      }
    },
    {
      "apiVersion": "2017-03-30",
      "type": "Microsoft.Compute/virtualMachines",
      "name": "[parameters('vmNames')[copyIndex()]]",
      "location": "[resourceGroup().location]",
      "dependsOn": [
        "[resourceId('Microsoft.Network/networkInterfaces', concat(parameters('vmNames')[copyIndex()], '-nic'))]"
      ],
      "properties": {
        "hardwareProfile": {
          "vmSize": "[parameters('vmSize')]"
        },
        "osProfile": {
          "computerName": "[parameters('vmNames')[copyIndex()]]",
          "adminUsername": "[variables('vmAdminUsername')]",
          "adminPassword": "[variables('vmAdminPassword')]"
        },
        "storageProfile": {
          "imageReference": {
            "publisher": "[variables('imagePublisher')]",
            "offer": "[variables('imageOffer')]",
            "sku": "[parameters('osVersion')]",
            "version": "latest"
          },
          "osDisk": {
            "name": "[concat(parameters('vmNames')[copyIndex()],'-osdisk')]",
            "caching": "ReadWrite",
            "createOption": "FromImage"
          },
          "dataDisks": [
            {
              "name": "[concat(parameters('vmNames')[copyIndex()],'-datadisk01')]",
              "caching": "None",
              "createOption": "Empty",
              "diskSizeGB": 1000,
              "lun": 0
            }
          ]
        },
        "networkProfile": {
          "networkInterfaces": [
            {
              "id": "[resourceId('Microsoft.Network/networkInterfaces', concat(parameters('vmNames')[copyIndex()], '-nic'))]"
            }
          ]
        },
        "diagnosticsProfile": {
          "bootDiagnostics": {
            "enabled": false
          }
        }
      },
      "copy": {
        "name": "VMCopy",
        "count": "[length(parameters('vmNames'))]"
      }
    },
    {
      "apiVersion": "2015-06-15",
      "type": "Microsoft.Compute/virtualMachines/extensions",
      "name": "[concat(parameters('vmNames')[copyIndex()],'/joindomain')]",
      "location": "[resourceGroup().location]",
      "dependsOn": [
        "[concat('Microsoft.Compute/virtualMachines/', parameters('vmNames')[copyIndex()])]"
      ],
      "properties": {
        "publisher": "Microsoft.Compute",
        "type": "JsonADDomainExtension",
        "typeHandlerVersion": "1.3",
        "autoUpgradeMinorVersion": true,
        "settings": {
          "Name": ",[parameters('domainName')]",
          "OUPath": "[variables('ouPath')]",
          "User": "[concat(parameters('domainName'), '\\', parameters('domainUsername'))]",
          "Restart": "true",
          "Options": "[variables('domainJoinOptions')]"
        },
        "protectedSettings": {
          "Password": "[parameters('domainPassword')]"
        }
      },
      "copy": {
        "name": "VMExtensions",
        "count": "[length(parameters('vmNames'))]"
      }
    }
  ]
}