{
  "$schema": "https://schema.management.azure.com/schemas/2015-01-01/deploymentTemplate.json",
  "contentVersion": "1.0.0.0",
  "parameters": {
    "vmSku": {
      "type": "string",
      "defaultValue": "Standard_A1_v2",
      "metadata": {
        "description": "Size of VMs in the VM Scale Set."
      }
    },
    "vmssName": {
      "type": "string",
      "defaultValue": "[concat('vmss', uniqueString(resourceGroup().id))]",
      "metadata": {
        "description": "Globally unique dns name for the scale set. Must be 3-61 characters in length and globally unique across Azure."
      },
      "maxLength": 61
    },
    "instanceCount": {
      "type": "int",
      "metadata": {
        "description": "Number of VM instances (100 or less)."
      },
      "defaultValue": 2,
      "maxValue": 100
    },
    "adminUsername": {
      "type": "string",
      "defaultValue": "vmssadmin",
      "metadata": {
        "description": "Admin username on all VMs."
      }
    },
    "existingVnetResourceGroupName": {
      "type": "string",
      "defaultValue": "[resourceGroup().name]",
      "metadata": {
        "description": "Name of the resourceGroup for the existing virtual network to deploy the scale set into."
      }
    },
    "existingVnetName": {
      "type": "string",
      "defaultValue": "[concat('vnetvmlinux', uniqueString(resourceGroup().id))]",
      "metadata": {
        "description": "vName of the existing virtual network to deploy the scale set into."
      }
    },
    "existingSubnetName": {
      "type": "string",
      "defaultValue": "Subnet",
      "metadata": {
        "description": "Name of the existing subnet to deploy the scale set into."
      }
    },
    "authenticationType": {
      "type": "string",
      "defaultValue": "password",
      "allowedValues": [
        "sshPublicKey",
        "password"
      ],
      "metadata": {
        "description": "Type of authentication to use on the Virtual Machine. SSH key is recommended."
      }
    },
    "adminPasswordOrKey": {
      "type": "securestring",
      "defaultValue": "nimdassmv1!",
      "metadata": {
        "description": "SSH Key or password for the Virtual Machine. SSH key is recommended."
      }
    }
  },
  "variables": {
    "publicIPAddressName": "pip",
    "loadBalancerName": "loadBalancer",
    "loadBalancerFrontEndName": "loadBalancerFrontEnd",
    "loadBalancerBackEndName": "loadBalancerBackEnd",
    "loadBalancerProbeName": "loadBalancerHttpProbe",
    "loadBalancerNatPoolName": "loadBalancerNatPool",
    "linuxConfiguration": {
      "disablePasswordAuthentication": true,
      "ssh": {
        "publicKeys": [
          {
            "path": "[concat('/home/', parameters('adminUsername'), '/.ssh/authorized_keys')]",
            "keyData": "[parameters('adminPasswordOrKey')]"
          }
        ]
      }
    }
  },
  "resources": [
    {
      "type": "Microsoft.Compute/virtualMachineScaleSets",
      "name": "[parameters('vmssName')]",
      "location": "[resourceGroup().location]",
      "apiVersion": "2017-03-30",
      "dependsOn": [
        "[resourceId('Microsoft.Network/loadBalancers', variables('loadBalancerName'))]"
      ],
      "sku": {
        "name": "[parameters('vmSku')]",
        "capacity": "[parameters('instanceCount')]"
      },
      "properties": {
        "overprovision": true,
        "upgradePolicy": {
          "mode": "Manual"
        },
        "virtualMachineProfile": {
          "storageProfile": {
            "osDisk": {
              "createOption": "FromImage",
              "caching": "ReadWrite"
            },
            "imageReference": {
              "publisher": "Canonical",
              "offer": "UbuntuServer",
              "sku": "16.04-LTS",
              "version": "latest"
            }
          },
          "osProfile": {
            "computerNamePrefix": "[parameters('vmssName')]",
            "adminUsername": "[parameters('adminUsername')]",
            "adminPassword": "[parameters('adminPasswordOrKey')]",
            "linuxConfiguration": "[if(equals(parameters('authenticationType'), 'password'), json('null'), variables('linuxConfiguration'))]"
          },
          "networkProfile": {
            "networkInterfaceConfigurations": [
              {
                "name": "nic",
                "properties": {
                  "primary": true,
                  "ipConfigurations": [
                    {
                      "name": "ipconfig",
                      "properties": {
                        "subnet": {
                          "id": "[resourceId(parameters('existingVnetResourceGroupName'), 'Microsoft.Network/virtualNetworks/subnets', parameters('existingVnetName'), parameters('existingSubNetName'))]"
                        },
                        "loadBalancerBackendAddressPools": [
                          {
                            "id": "[concat('/subscriptions/', subscription().subscriptionId,'/resourceGroups/', resourceGroup().name, '/providers/Microsoft.Network/loadBalancers/', variables('loadBalancerName'), '/backendAddressPools/', variables('loadBalancerBackEndName'))]"
                          }
                        ],
                        "loadBalancerInboundNatPools": [
                          {
                            "id": "[concat('/subscriptions/', subscription().subscriptionId,'/resourceGroups/', resourceGroup().name, '/providers/Microsoft.Network/loadBalancers/', variables('loadBalancerName'), '/inboundNatPools/', variables('loadBalancerNatPoolName'))]"
                          }
                        ]
                      }
                    }
                  ]
                }
              }
            ]
          }
        }
      }
    },
    {
      "type": "Microsoft.Network/publicIPAddresses",
      "name": "[variables('publicIPAddressName')]",
      "location": "[resourceGroup().location]",
      "apiVersion": "2017-04-01",
      "properties": {
        "publicIPAllocationMethod": "Dynamic",
        "dnsSettings": {
          "domainNameLabel": "[toLower(parameters('vmssName'))]"
        }
      }
    },
    {
      "type": "Microsoft.Network/loadBalancers",
      "name": "[variables('loadBalancerName')]",
      "location": "[resourceGroup().location]",
      "apiVersion": "2017-04-01",
      "dependsOn": [
        "[variables('publicIPAddressName')]"
      ],
      "properties": {
        "frontendIPConfigurations": [
          {
            "name": "[variables('loadBalancerFrontEndName')]",
            "properties": {
              "publicIPAddress": {
                "id": "[resourceId('Microsoft.Network/publicIPAddresses', variables('publicIPAddressName'))]"
              }
            }
          }
        ],
        "backendAddressPools": [
          {
            "name": "[variables('loadBalancerBackendName')]"
          }
        ],
        "loadBalancingRules": [
          {
            "name": "roundRobinLBRule",
            "properties": {
              "frontendIPConfiguration": {
                "id": "[concat(resourceId('Microsoft.Network/loadBalancers', variables('loadBalancerName')), '/frontendIPConfigurations/', variables('loadBalancerFrontEndName'))]"
              },
              "backendAddressPool": {
                "id": "[concat(resourceId('Microsoft.Network/loadBalancers', variables('loadBalancerName')), '/backendAddressPools/', variables('loadBalancerBackendName'))]"
              },
              "protocol": "Tcp",
              "frontendPort": 80,
              "backendPort": 80,
              "enableFloatingIP": false,
              "idleTimeoutInMinutes": 5,
              "probe": {
                "id": "[concat(resourceId('Microsoft.Network/loadBalancers', variables('loadBalancerName')), '/probes/', variables('loadBalancerProbeName'))]"
              }
            }
          }
        ],
        "probes": [
          {
            "name": "[variables('loadBalancerProbeName')]",
            "properties": {
              "protocol": "Tcp",
              "port": 80,
              "intervalInSeconds": 5,
              "numberOfProbes": 2
            }
          }
        ],
        "inboundNatPools": [
          {
            "name": "[variables('loadBalancerNatPoolName')]",
            "properties": {
              "frontendIPConfiguration": {
                "id": "[concat(resourceId('Microsoft.Network/loadBalancers', variables('loadBalancerName')), '/frontendIPConfigurations/', variables('loadBalancerFrontEndName'))]"
              },
              "protocol": "Tcp",
              "frontendPortRangeStart": 50000,
              "frontendPortRangeEnd": 50019,
              "backendPort": 22
            }
          }
        ]
      }
    }
  ]
}