{
  "$schema": "https://schema.management.azure.com/schemas/2015-01-01/deploymentTemplate.json#",
  "contentVersion": "1.0.0.0",
  "parameters": {
    "VirtualNetworkName": {
      "type": "string",
      "metadata": {
        "Description": "The name of the Virtual Network to Create"
      }
    },
    "virtualNetworkAddressRange": {
      "type": "string",
      "metadata": {
        "Description": "The address range of the new VNET in CIDR format"
      }
    },
    "subnetName": {
      "type": "string",
      "metadata": {
        "Description": "The name of the subnet created in the new VNET"
      }
    },
    "subnetRange": {
      "type": "string",
      "metadata": {
        "Description": "The address range of the subnet created in the new VNET"
      }
    },
    "nsgName": {
      "type": "string"
    },
    "gatewaySnetAddressPrefixes": {
      "type": "string",
      "metadata": {
        "Description": "The address range of the gateway subnet created in the new VNET"
      }
    }
  },
  "resources": [
    {
      "name": "[parameters('VirtualNetworkName')]",
      "type": "Microsoft.Network/virtualNetworks",
      "location": "[resourceGroup().location]",
      "apiVersion": "2016-10-01",
      "dependsOn": [],
      "properties": {
        "addressSpace": {
          "addressPrefixes": [
            "[parameters('virtualNetworkAddressRange')]"
          ]
        },
        "subnets": [
          {
            "name": "[parameters('subnetName')]",
            "properties": {
              "addressPrefix": "[parameters('subnetRange')]",
              "networkSecurityGroup": {
                "id": "[resourceId(resourceGroup().name, 'Microsoft.Network/networkSecurityGroups', parameters('nsgName'))]"
              }
            }
          },
          {
            "name": "GatewaySubnet",
            "properties": {
              "addressPrefix": "[parameters('gatewaySnetAddressPrefixes')]"
            }
          }
        ]
      }
    }
  ]
}