{
  "$schema": "https://schema.management.azure.com/schemas/2015-01-01/deploymentTemplate.json#",
  "contentVersion": "1.0.0.0",
  "parameters": {
    "nsgName": {
      "type": "string"
    }
  },
  "resources": [
    {
      "type": "Microsoft.Network/networkSecurityGroups",
      "apiVersion": "2019-06-01",
      "name": "[parameters('nsgName')]",
      "location": "[resourceGroup().location]",
      "properties": {
        "defaultSecurityRules": [
          {
            "name": "AllowVnetInBound",
            "properties": {
              "description": "Allow inbound traffic from all VMs in VNET",
              "protocol": "*",
              "sourcePortRange": "*",
              "destinationPortRange": "*",
              "sourceAddressPrefix": "VirtualNetwork",
              "destinationAddressPrefix": "VirtualNetwork",
              "access": "Allow",
              "priority": 65000,
              "direction": "Inbound"
            }
          },
          {
            "name": "AllowAzureLoadBalancerInBound",
            "properties": {
              "description": "Allow inbound traffic from azure load balancer",
              "protocol": "*",
              "sourcePortRange": "*",
              "destinationPortRange": "*",
              "sourceAddressPrefix": "AzureLoadBalancer",
              "destinationAddressPrefix": "*",
              "access": "Allow",
              "priority": 65001,
              "direction": "Inbound"
            }
          },
          {
            "name": "DenyAllInBound",
            "properties": {
              "description": "Deny all inbound traffic",
              "protocol": "*",
              "sourcePortRange": "*",
              "destinationPortRange": "*",
              "sourceAddressPrefix": "*",
              "destinationAddressPrefix": "*",
              "access": "Deny",
              "priority": 65500,
              "direction": "Inbound"
            }
          },
          {
            "name": "AllowVnetOutBound",
            "properties": {
              "description": "Allow outbound traffic from all VMs to all VMs in VNET",
              "protocol": "*",
              "sourcePortRange": "*",
              "destinationPortRange": "*",
              "sourceAddressPrefix": "VirtualNetwork",
              "destinationAddressPrefix": "VirtualNetwork",
              "access": "Allow",
              "priority": 65000,
              "direction": "Outbound"
            }
          },
          {
            "name": "AllowInternetOutBound",
            "properties": {
              "description": "Allow outbound traffic from all VMs to Internet",
              "protocol": "*",
              "sourcePortRange": "*",
              "destinationPortRange": "*",
              "sourceAddressPrefix": "*",
              "destinationAddressPrefix": "Internet",
              "access": "Allow",
              "priority": 65001,
              "direction": "Outbound"
            }
          },
          {
            "name": "DenyAllOutBound",
            "properties": {
              "description": "Deny all outbound traffic",
              "protocol": "*",
              "sourcePortRange": "*",
              "destinationPortRange": "*",
              "sourceAddressPrefix": "*",
              "destinationAddressPrefix": "*",
              "access": "Deny",
              "priority": 65500,
              "direction": "Outbound"
            }
          }
        ]
      }
    }
  ]
}
