{
  "$schema": "https://schema.management.azure.com/schemas/2015-01-01/deploymentTemplate.json#",
  "contentVersion": "1.0.0.0",
  "parameters": {
    "localVirtualNetworkName": {
      "type": "string",
      "metadata": {
        "description": "Set the local VNet name"
      }
    },
    "remoteVirtualNetworkSubscription": {
      "type": "string",
      "metadata": {
        "description": "The Subscription Id of the remote VNet."
      },
      "defaultValue": "[subscription().subscriptionId]"
    },
    "remoteVirtualNetworkResourceGroupName": {
      "type": "string",
      "metadata": {
        "description": "The Resource Group of the remote VNet."
      }
    },
    "remoteVirtualNetworkName": {
      "type": "string",
      "metadata": {
        "description": "The Name of the remote VNet."
      }
    }
  },
  "variables": { },
  "resources": [
    {
      "apiVersion": "2019-04-01",
      "type": "Microsoft.Network/virtualNetworks/virtualNetworkPeerings",
      "name": "[concat(parameters('localVirtualNetworkName'), '/cn-peering-to-', parameters('remoteVirtualNetworkName'))]",
      "location": "[resourceGroup().location]",
      "properties": {
        "allowVirtualNetworkAccess": true,
        "allowForwardedTraffic": true,
        "allowGatewayTransit": false,
        "useRemoteGateways": false,
        "remoteVirtualNetwork": {
          "id": "[resourceId(parameters('remoteVirtualNetworkSubscription'), parameters('remoteVirtualNetworkResourceGroupName'), 'Microsoft.Network/virtualNetworks', parameters('remoteVirtualNetworkName'))]"
        }
      }
    }
  ]
}