{
    "$schema": "https://schema.management.azure.com/schemas/2015-01-01/deploymentTemplate.json#",
    "contentVersion": "1.0.0.0",
    "parameters": {
        "virtualNetworkName": {
          "type": "string",
          "metadata": {
            "description": "Name of local Virtual Network to peer."
          }
        },
        "peerSubscriptionID": {
          "type": "string",
          "defaultValue": "[subscription().subscriptionId]",
          "metadata": {
            "description": "Subscription ID of the remote peer, defaults to subscription ID of current deployment so only needs to be specified if the Virtual Networks are in two different subscriptions."
          }
        },
        "peerVirtualNetworkName": {
          "type": "string",
          "metadata": {
            "description": "Name of the remote peer Virtual Network."
          }
        },
        "peerResourceGroupName": {
          "type": "string",
          "metadata": {
            "description": "Name of the Resource Group containing the remote peer Virtual Network."
          }
        },
        "allowVirtualNetworkAccess": {
          "type": "bool",
          "defaultValue": true,
          "metadata": {
            "description": "Boolean value that determines if the peered networks should be included in the VirtualNetwork rule service tag, defaults to True."
          }
        },
        "allowForwardedTraffic": {
          "type": "bool",
          "defaultValue": true,
          "metadata": {
            "description": "Boolean value that determines whether traffic forwarded from a VM should be allowed to traverse the peering, defaults to True."
          }
        },
        "allowGatewayTransit": {
          "type": "bool",
          "defaultValue": false,
          "metadata": {
            "description": "Boolean value that determines if the remote peer can use the local Virtual Network Gateway, defaults to False."
          }
        },
        "useRemoteGateways": {
          "type": "bool",
          "defaultValue": false,
          "metadata": {
            "description": "Boolean value that determinse if the local peer should use the remote Virtual Network Gateway, defaults to False"
          }
        },
        "timestamp": {
          "type": "string",
          "defaultValue": "[utcNow()]",
          "metadata": {
            "description": "Parameter value to get the current timestamp, used to create a timestamp for the remote peering deployment name."
          }
        }
    },
    "variables": {
      "peerNameTo": "[concat(parameters('virtualNetworkName'),'/',parameters('virtualNetworkName'),'-to-',parameters('peerVirtualNetworkName'))]",
      "peerNameFrom": "[concat(parameters('peerVirtualNetworkName'),'/',parameters('peerVirtualNetworkName'),'-to-',parameters('virtualNetworkName'))]",
      "vNetID": "[resourceId('Microsoft.Network/virtualNetworks',parameters('virtualNetworkName'))]",
      "peerVNetID": "[concat('/subscriptions/',parameters('peerSubscriptionID'),'/resourceGroups/',parameters('peerResourceGroupName'),'/providers/Microsoft.Network/virtualNetworks/',parameters('peerVirtualNetworkName'))]"
    },
    "resources": [
      {
        "name": "[variables('peerNameto')]",
        "type": "Microsoft.Network/virtualNetworks/virtualNetworkPeerings",
        "apiVersion": "2018-11-01",
        "dependsOn": [
        ],
        "properties": {
          "allowVirtualNetworkAccess": "[parameters('allowVirtualNetworkAccess')]",
          "allowForwardedTraffic": "[parameters('allowForwardedTraffic')]",
          "allowGatewayTransit": "[parameters('allowGatewayTransit')]",
          "useRemoteGateways": "[parameters('useRemoteGateways')]",
          "remoteVirtualNetwork": {
            "id": "[variables('peerVNetID')]"
          }
        }
      },
      {
        "type": "Microsoft.Resources/deployments",
        "apiVersion": "2017-05-10",
        "name": "[concat('vnetPeer-',parameters('timestamp'))]",
        "subscriptionId": "[parameters('peerSubscriptionID')]",
        "resourceGroup": "[parameters('peerResourceGroupName')]",
        "dependsOn": [
        ],
        "properties": {
            "mode": "Incremental",
            "template": {
                "$schema": "https://schema.management.azure.com/schemas/2015-01-01/deploymentTemplate.json#",
                "contentVersion": "1.0.0.0",
                "parameters": {},
                "variables": {
                },
                "resources": [
                  {
                    "name": "[variables('peerNameFrom')]",
                    "type": "Microsoft.Network/virtualNetworks/virtualNetworkPeerings",
                    "apiVersion": "2018-11-01",
                    "properties": {
                      "allowVirtualNetworkAccess": "[parameters('allowVirtualNetworkAccess')]",
                      "allowForwardedTraffic": "[parameters('allowForwardedTraffic')]",
                      "allowGatewayTransit": "[if(equals(parameters('useRemoteGateways'),json('true')),json('true'),json('false'))]",
                      "useRemoteGateways": "[if(equals(parameters('allowGatewayTransit'),json('true')),json('true'),json('false'))]",
                      "remoteVirtualNetwork": {
                        "id": "[variables('vNetID')]"
                      }
                    }
                  }
                ],
                "outputs": {}
            }
        }
    }
    ],
    "outputs": {
    }
  }