{
  "kind": "template",
  "properties": {
    "dependsOn": ["policyAssignment"],
    "template": {
      "$schema": "http://schema.management.azure.com/schemas/2015-01-01/deploymentTemplate.json#",
      "contentVersion": "1.0.0.0",
      "parameters": {
        "Customer": {
          "type": "string",
          "metadata": {
            "description": "Enter the application name."
          }
        },
        "applicationInsights": {
          "type": "string",
          "metadata": {
            "description": "Enter the application type."
          }
        }
      },
      "variables": {
      },
      "resources": [
        {
          "type": "microsoft.insights/components",
          "kind": "[parameters('applicationInsights')]",
          "name": "[parameters('Customer')]",
          "apiVersion": "2014-04-01",
          "location": "[resourceGroup().location]",
          "tags": {},
          "properties": {
            "ApplicationId": "[parameters('Customer')]"
          },
          "dependsOn": []
        }
      ]
    },
    "resourceGroup": "SingleRG",
    "displayName": "Application Insights",
    "parameters": {
      "Customer": {
        "value": "mogoappinsight"
      },
      "applicationInsights": {
        "value": "general"
      }
    }
  },
  "type": "Microsoft.Blueprint/blueprints/artifacts",
  "name": "myTemplate"
}