﻿{
  "kind": "template",
  "properties": {
    "dependsOn": [
      "policyAssignment"
    ],
    "template": {
      "$schema": "http://schema.management.azure.com/schemas/2015-01-01/deploymentTemplate.json",
      "contentVersion": "1.0.0.0",
      "parameters": {
        "Customer": {
          "type": "string"
        }
      },
      "variables": {
        "omsWorkspaceName": "[parameters('Customer')]",
        "batch1": {
          "solutions": [
            {
              "name": "[concat('Security', '(', variables('omsWorkspaceName'), ')')]",
              "marketplaceName": "Security"
            },
            {
              "name": "[concat('AgentHealthAssessment', '(', variables('omsWorkspaceName'), ')')]",
              "marketplaceName": "AgentHealthAssessment"
            },
            {
              "name": "[concat('ChangeTracking', '(', variables('omsWorkspaceName'), ')')]",
              "marketplaceName": "ChangeTracking"
            },
            {
              "name": "[concat('Updates', '(', variables('omsWorkspaceName'), ')')]",
              "marketplaceName": "Updates"
            },
            {
              "name": "[concat('AzureActivity', '(', variables('omsWorkspaceName'), ')')]",
              "marketplaceName": "AzureActivity"
            },
            {
              "name": "[concat('AzureAutomation', '(', variables('omsWorkspaceName'), ')')]",
              "marketplaceName": "AzureAutomation"
            },
            {
              "name": "[concat('SQLAssessment', '(', variables('omsWorkspaceName'), ')')]",
              "marketplaceName": "SQLAssessment"
            },
            {
              "name": "[concat('ServiceMap', '(', variables('omsWorkspaceName'), ')')]",
              "marketplaceName": "ServiceMap"
            },
            {
              "name": "[concat('ServiceFabric', '(', variables('omsWorkspaceName'), ')')]",
              "marketplaceName": "ServiceFabric"
            }
          ]
        }
      },
      "resources": [
        {
          "apiVersion": "2015-11-01-preview",
          "location": "[resourceGroup().location]",
          "name": "[variables('omsWorkspaceName')]",
          "type": "Microsoft.OperationalInsights/workspaces",
          "comments": "Log Analytics workspace",
          "properties": {
            "sku": {
              "name": "pernode"
            }
          },
          "resources": [
            {
              "name": "AzureActivityLog",
              "type": "datasources",
              "apiVersion": "2015-11-01-preview",
              "dependsOn": [
                "[concat('Microsoft.OperationalInsights/workspaces/', variables('omsWorkspaceName'))]"
              ],
              "kind": "AzureActivityLog",
              "properties": {
                "linkedResourceId": "[concat(subscription().id, '/providers/Microsoft.Insights/eventTypes/management')]"
              }
            },
            {
              "apiVersion": "2015-11-01-preview",
              "type": "datasources",
              "name": "LogicalDisk1",
              "dependsOn": [
                "[concat('Microsoft.OperationalInsights/workspaces/', variables('omsWorkspaceName'))]"
              ],
              "kind": "WindowsPerformanceCounter",
              "properties": {
                "objectName": "LogicalDisk",
                "instanceName": "*",
                "intervalSeconds": 10,
                "counterName": "Avg Disk sec/Read"
              }
            },
            {
              "apiVersion": "2015-11-01-preview",
              "type": "datasources",
              "name": "LogicalDisk2",
              "dependsOn": [
                "[concat('Microsoft.OperationalInsights/workspaces/', variables('omsWorkspaceName'))]"
              ],
              "kind": "WindowsPerformanceCounter",
              "properties": {
                "objectName": "LogicalDisk",
                "instanceName": "*",
                "intervalSeconds": 10,
                "counterName": "Avg Disk sec/Write"
              }
            },
            {
              "apiVersion": "2015-11-01-preview",
              "type": "datasources",
              "name": "LogicalDisk3",
              "dependsOn": [
                "[concat('Microsoft.OperationalInsights/workspaces/', variables('omsWorkspaceName'))]"
              ],
              "kind": "WindowsPerformanceCounter",
              "properties": {
                "objectName": "LogicalDisk",
                "instanceName": "*",
                "intervalSeconds": 10,
                "counterName": "Current Disk Queue Lenght"
              }
            },
            {
              "apiVersion": "2015-11-01-preview",
              "type": "datasources",
              "name": "LogicalDisk4",
              "dependsOn": [
                "[concat('Microsoft.OperationalInsights/workspaces/', variables('omsWorkspaceName'))]"
              ],
              "kind": "WindowsPerformanceCounter",
              "properties": {
                "objectName": "LogicalDisk",
                "instanceName": "*",
                "intervalSeconds": 10,
                "counterName": "Disk Reads/sec"
              }
            },
            {
              "apiVersion": "2015-11-01-preview",
              "type": "datasources",
              "name": "LogicalDisk5",
              "dependsOn": [
                "[concat('Microsoft.OperationalInsights/workspaces/', variables('omsWorkspaceName'))]"
              ],
              "kind": "WindowsPerformanceCounter",
              "properties": {
                "objectName": "LogicalDisk",
                "instanceName": "*",
                "intervalSeconds": 10,
                "counterName": "Disk Transfers/sec"
              }
            },
            {
              "apiVersion": "2015-11-01-preview",
              "type": "datasources",
              "name": "LogicalDisk6",
              "dependsOn": [
                "[concat('Microsoft.OperationalInsights/workspaces/', variables('omsWorkspaceName'))]"
              ],
              "kind": "WindowsPerformanceCounter",
              "properties": {
                "objectName": "LogicalDisk",
                "instanceName": "*",
                "intervalSeconds": 10,
                "counterName": "Disk Writes/sec"
              }
            },
            {
              "apiVersion": "2015-11-01-preview",
              "type": "datasources",
              "name": "LogicalDisk7",
              "dependsOn": [
                "[concat('Microsoft.OperationalInsights/workspaces/', variables('omsWorkspaceName'))]"
              ],
              "kind": "WindowsPerformanceCounter",
              "properties": {
                "objectName": "LogicalDisk",
                "instanceName": "*",
                "intervalSeconds": 10,
                "counterName": "Free Megabytes"
              }
            },
            {
              "apiVersion": "2015-11-01-preview",
              "type": "datasources",
              "name": "LogicalDisk8",
              "dependsOn": [
                "[concat('Microsoft.OperationalInsights/workspaces/', variables('omsWorkspaceName'))]"
              ],
              "kind": "WindowsPerformanceCounter",
              "properties": {
                "objectName": "LogicalDisk",
                "instanceName": "*",
                "intervalSeconds": 10,
                "counterName": "% Free Space"
              }
            },
            {
              "apiVersion": "2015-11-01-preview",
              "type": "datasources",
              "name": "Memory1",
              "dependsOn": [
                "[concat('Microsoft.OperationalInsights/workspaces/', variables('omsWorkspaceName'))]"
              ],
              "kind": "WindowsPerformanceCounter",
              "properties": {
                "objectName": "Memory",
                "instanceName": "*",
                "intervalSeconds": 10,
                "counterName": "Available MBytes"
              }
            },
            {
              "apiVersion": "2015-11-01-preview",
              "type": "datasources",
              "name": "Memory2",
              "dependsOn": [
                "[concat('Microsoft.OperationalInsights/workspaces/', variables('omsWorkspaceName'))]"
              ],
              "kind": "WindowsPerformanceCounter",
              "properties": {
                "objectName": "Memory",
                "instanceName": "*",
                "intervalSeconds": 10,
                "counterName": "% Committed Bytes In Use"
              }
            },
            {
              "apiVersion": "2015-11-01-preview",
              "type": "datasources",
              "name": "Network1",
              "dependsOn": [
                "[concat('Microsoft.OperationalInsights/workspaces/', variables('omsWorkspaceName'))]"
              ],
              "kind": "WindowsPerformanceCounter",
              "properties": {
                "objectName": "Network Adapter",
                "instanceName": "*",
                "intervalSeconds": 10,
                "counterName": "Bytes Received/sec"
              }
            },
            {
              "apiVersion": "2015-11-01-preview",
              "type": "datasources",
              "name": "Network2",
              "dependsOn": [
                "[concat('Microsoft.OperationalInsights/workspaces/', variables('omsWorkspaceName'))]"
              ],
              "kind": "WindowsPerformanceCounter",
              "properties": {
                "objectName": "Network Adapter",
                "instanceName": "*",
                "intervalSeconds": 10,
                "counterName": "Bytes Sent/sec"
              }
            },
            {
              "apiVersion": "2015-11-01-preview",
              "type": "datasources",
              "name": "Network3",
              "dependsOn": [
                "[concat('Microsoft.OperationalInsights/workspaces/', variables('omsWorkspaceName'))]"
              ],
              "kind": "WindowsPerformanceCounter",
              "properties": {
                "objectName": "Network Adapter",
                "instanceName": "*",
                "intervalSeconds": 10,
                "counterName": "Bytes Total/sec"
              }
            },
            {
              "apiVersion": "2015-11-01-preview",
              "type": "datasources",
              "name": "CPU1",
              "dependsOn": [
                "[concat('Microsoft.OperationalInsights/workspaces/', variables('omsWorkspaceName'))]"
              ],
              "kind": "WindowsPerformanceCounter",
              "properties": {
                "objectName": "Processor",
                "instanceName": "_Total",
                "intervalSeconds": 10,
                "counterName": "% Processor Time"
              }
            },
            {
              "apiVersion": "2015-11-01-preview",
              "type": "datasources",
              "name": "CPU2",
              "dependsOn": [
                "[concat('Microsoft.OperationalInsights/workspaces/', variables('omsWorkspaceName'))]"
              ],
              "kind": "WindowsPerformanceCounter",
              "properties": {
                "objectName": "System",
                "instanceName": "*",
                "intervalSeconds": 10,
                "counterName": "Processor Queue Lenght"
              }
            },
            {
              "apiVersion": "2015-11-01-preview",
              "type": "datasources",
              "name": "System",
              "dependsOn": [
                "[concat('Microsoft.OperationalInsights/workspaces/', variables('omsWorkspaceName'))]"
              ],
              "kind": "WindowsEvent",
              "properties": {
                "eventLogName": "System",
                "eventTypes": [
                  {
                    "eventType": "Error"
                  },
                  {
                    "eventType": "Warning"
                  }
                ]
              }
            },
            {
              "apiVersion": "2015-11-01-preview",
              "type": "datasources",
              "name": "Application",
              "dependsOn": [
                "[concat('Microsoft.OperationalInsights/workspaces/', variables('omsWorkspaceName'))]"
              ],
              "kind": "WindowsEvent",
              "properties": {
                "eventLogName": "Application",
                "eventTypes": [
                  {
                    "eventType": "Error"
                  },
                  {
                    "eventType": "Warning"
                  }
                ]
              }
            },
            {
              "apiVersion": "2015-11-01-preview",
              "type": "datasources",
              "name": "Microsoft-Windows-Hyper-V-VMMS-Admin",
              "dependsOn": [
                "[concat('Microsoft.OperationalInsights/workspaces/', variables('omsWorkspaceName'))]"
              ],
              "kind": "WindowsEvent",
              "properties": {
                "eventLogName": "Microsoft-Windows-Hyper-V-VMMS-Admin",
                "eventTypes": [
                  {
                    "eventType": "Error"
                  },
                  {
                    "eventType": "Warning"
                  },
                  {
                    "eventType": "Information"
                  }
                ]
              }
            },
            {
              "apiVersion": "2015-11-01-preview",
              "type": "datasources",
              "name": "Hyper-VAzureReplicationAgent1",
              "dependsOn": [
                "[concat('Microsoft.OperationalInsights/workspaces/', variables('omsWorkspaceName'))]"
              ],
              "kind": "WindowsPerformanceCounter",
              "properties": {
                "objectName": "Hyper-V Azure Replication Agent",
                "instanceName": "*",
                "intervalSeconds": 10,
                "counterName": "Average Replication Size"
              }
            },
            {
              "apiVersion": "2015-11-01-preview",
              "type": "datasources",
              "name": "Hyper-VAzureReplicationAgent2",
              "dependsOn": [
                "[concat('Microsoft.OperationalInsights/workspaces/', variables('omsWorkspaceName'))]"
              ],
              "kind": "WindowsPerformanceCounter",
              "properties": {
                "objectName": "Hyper-V Azure Replication Agent",
                "instanceName": "*",
                "intervalSeconds": 10,
                "counterName": "Replication Throughput"
              }
            },
            {
              "apiVersion": "2015-11-01-preview",
              "type": "datasources",
              "name": "Hyper-VAzureReplicationAgent3",
              "dependsOn": [
                "[concat('Microsoft.OperationalInsights/workspaces/', variables('omsWorkspaceName'))]"
              ],
              "kind": "WindowsPerformanceCounter",
              "properties": {
                "objectName": "Hyper-V Azure Replication Agent",
                "instanceName": "*",
                "intervalSeconds": 10,
                "counterName": "Network Send Throughput"
              }
            },
            {
              "apiVersion": "2015-11-01-preview",
              "type": "datasources",
              "name": "Hyper-VAzureReplicationAgent4",
              "dependsOn": [
                "[concat('Microsoft.OperationalInsights/workspaces/', variables('omsWorkspaceName'))]"
              ],
              "kind": "WindowsPerformanceCounter",
              "properties": {
                "objectName": "Hyper-V Azure Replication Agent",
                "instanceName": "*",
                "intervalSeconds": 10,
                "counterName": "Replication Count"
              }
            },
            {
              "apiVersion": "2015-11-01-preview",
              "type": "datasources",
              "name": "Hyper-VAzureReplicationAgent5",
              "dependsOn": [
                "[concat('Microsoft.OperationalInsights/workspaces/', variables('omsWorkspaceName'))]"
              ],
              "kind": "WindowsPerformanceCounter",
              "properties": {
                "objectName": "Hyper-V Azure Replication Agent",
                "instanceName": "*",
                "intervalSeconds": 10,
                "counterName": "Network Bytes Sent"
              }
            },
            {
              "apiVersion": "2015-11-01-preview",
              "type": "datasources",
              "name": "Hyper-VAzureReplicationAgent6",
              "dependsOn": [
                "[concat('Microsoft.OperationalInsights/workspaces/', variables('omsWorkspaceName'))]"
              ],
              "kind": "WindowsPerformanceCounter",
              "properties": {
                "objectName": "Hyper-V Azure Replication Agent",
                "instanceName": "*",
                "intervalSeconds": 10,
                "counterName": "Last Replication Size"
              }
            },
            {
              "apiVersion": "2015-11-01-preview",
              "type": "datasources",
              "name": "Hyper-VAzureReplicationAgent7",
              "dependsOn": [
                "[concat('Microsoft.OperationalInsights/workspaces/', variables('omsWorkspaceName'))]"
              ],
              "kind": "WindowsPerformanceCounter",
              "properties": {
                "objectName": "Hyper-V Azure Replication Agent",
                "instanceName": "*",
                "intervalSeconds": 10,
                "counterName": "Resynchronized Bytes"
              }
            },
            {
              "apiVersion": "2015-11-01-preview",
              "type": "datasources",
              "name": "Linux",
              "dependsOn": [
                "[concat('Microsoft.OperationalInsights/workspaces/', variables('omsWorkspaceName'))]"
              ],
              "kind": "LinuxPerformanceObject",
              "properties": {
                "performanceCounters": [
                  {
                    "counterName": "% Used Inodes"
                  },
                  {
                    "counterName": "Free Megabytes"
                  },
                  {
                    "counterName": "% Used Space"
                  },
                  {
                    "counterName": "Disk Transfers/sec"
                  },
                  {
                    "counterName": "Disk Reads/sec"
                  },
                  {
                    "counterName": "Disk Writes/sec"
                  }
                ],
                "objectName": "Logical Disk",
                "instanceName": "*",
                "intervalSeconds": 10
              }
            },
            {
              "apiVersion": "2015-11-01-preview",
              "type": "datasources",
              "name": "LinuxPerfCollection",
              "dependsOn": [
                "[concat('Microsoft.OperationalInsights/workspaces/', variables('omsWorkspaceName'))]"
              ],
              "kind": "LinuxPerformanceCollection",
              "properties": {
                "state": "Enabled"
              }
            },
            {
              "apiVersion": "2015-11-01-preview",
              "type": "datasources",
              "name": "IISLog",
              "dependsOn": [
                "[concat('Microsoft.OperationalInsights/workspaces/', variables('omsWorkspaceName'))]"
              ],
              "kind": "IISLogs",
              "properties": {
                "state": "OnPremiseEnabled"
              }
            },
            {
              "apiVersion": "2015-11-01-preview",
              "type": "datasources",
              "name": "Syslog",
              "dependsOn": [
                "[concat('Microsoft.OperationalInsights/workspaces/', variables('omsWorkspaceName'))]"
              ],
              "kind": "LinuxSyslog",
              "properties": {
                "syslogName": "kern",
                "syslogSeverities": [
                  {
                    "severity": "emerg"
                  },
                  {
                    "severity": "alert"
                  },
                  {
                    "severity": "crit"
                  },
                  {
                    "severity": "err"
                  },
                  {
                    "severity": "warning"
                  }
                ]
              }
            },
            {
              "apiVersion": "2015-11-01-preview",
              "type": "datasources",
              "name": "SyslogCollection",
              "dependsOn": [
                "[concat('Microsoft.OperationalInsights/workspaces/', variables('omsWorkspaceName'))]"
              ],
              "kind": "LinuxSyslogCollection",
              "properties": {
                "state": "Enabled"
              }
            }
          ]
        },
        {
          "apiVersion": "2015-11-01-preview",
          "type": "Microsoft.OperationsManagement/solutions",
          "name": "[concat(variables('batch1').solutions[copyIndex()].Name)]",
          "location": "[resourceGroup().location]",
          "dependsOn": [
            "[concat('Microsoft.OperationalInsights/workspaces/', variables('omsWorkspaceName'))]"
          ],
          "copy": {
            "name": "solutionCopy",
            "count": "[length(variables('batch1').solutions)]"
          },
          "properties": {
            "workspaceResourceId": "[resourceId('Microsoft.OperationalInsights/workspaces', variables('omsWorkspaceName'))]"
          },
          "plan": {
            "name": "[variables('batch1').solutions[copyIndex()].name]",
            "product": "[concat('OMSGallery/', variables('batch1').solutions[copyIndex()].marketplaceName)]",
            "promotionCode": "",
            "publisher": "Microsoft"
          }
        }
      ]
    },
    "resourceGroup": "SingleRG",
    "displayName": "Log Analytics",
    "parameters": {
      "Customer": {
        "value": "mogologanalytics"
      }
    }
  },
  "type": "Microsoft.Blueprint/blueprints/artifacts",
  "name": "LogAnalytics"
}