{
    "properties": {
        "policyDefinitionId": "/providers/Microsoft.Authorization/policyDefinitions/a451c1ef-c6ca-483d-87ed-f49761e3ffb5",
        "parameters": {},
        "resourceGroup": "SingleRG",
        "dependsOn": [],
        "displayName": "My Policy Definition that will be assigned (Currently auditing usage of custom roles)",
        "metadata": {
            "COMMENT": "Specify the policy definition ID. ItCan be either custom or built-in. This example points to the built-in 'allowed locations' policy"
        }
    },
    "kind": "policyAssignment",
    "type": "Microsoft.Blueprint/blueprints/artifacts"
}


