{
    "$schema": "https://schema.management.azure.com/schemas/2019-04-01/deploymentTemplate.json#",
    "contentVersion": "1.0.0.0",
    "parameters": {
        "automationAccountName": {
            "type": "String"
        },
        "webhookName": {
            "type": "String",
            "metadata": {
                "description": "Webhook Name"
            }
        },
        "runbookName": {
            "type": "String",
            "metadata": {
                "description": "Runbook Name for which webhook will be created"
            }
        },
        "webhookExpiryTime": {
            "type": "String",
            "metadata": {
                "description": "Webhook Expiry time"
            }
        }
    },
    "functions": [],
    "variables": {
        "webHookName": "[concat(parameters('automationAccountName'),'/',parameters('webhookName'))]"
    },
    "resources": [
    {
        "name": "[variables('webHookName')]",
        "type": "Microsoft.Automation/automationAccounts/webhooks",
        "apiVersion": "2015-10-31",
        "dependsOn": [],
        "properties": {
            "isEnabled": true,
            "expiryTime": "[parameters('WebhookExpiryTime')]",
            "runbook": {
                "name": "[parameters('runbookName')]"
            }
        }
    }
    ],
    "outputs": {
        "webHookResourceId": {
            "type": "String",
            "value": "[resourceId('Microsoft.Automation/automationAccounts/webhooks',parameters('automationAccountName'), parameters('webhookName'))]"
        },
        "webHookUri": {
            "type": "String",
            "value": "[reference(parameters('webhookName')).uri]"
        }
    }
}