{
  "$schema": "https://schema.management.azure.com/schemas/2018-05-01/subscriptionDeploymentTemplate.json#",
  "contentVersion": "1.0.0.0",
  "variables": {
    "SLA-ADF-Pipeline-Executor": "[guid('SLA-ADF-Pipeline-Executor')]"
  },
  "resources": [
    {
      "type": "Microsoft.Authorization/roleDefinitions",
      "apiVersion": "2018-07-01",
      "name": "[variables('SLA-ADF-Pipeline-Executor')]",
      "properties": {
        "roleName": "SLA ADF Pipeline Executor",
        "description": "ADF Pipeline Executor",
        "id": "[variables('SLA-ADF-Pipeline-Executor')]",
        "type": "customRole",
        "isCustom": true,
        "permissions": [
          {
            "actions": [
              "Microsoft.DataFactory/factories/pipelines/createrun/action",
			  "*/read"
            ],
            "notActions": [],
            "dataActions": [],
            "notDataActions": []
          }
        ],
        "assignableScopes": [
          "[subscription().id]"
        ]
      }
    }
  ]
}
