﻿<?xml version="1.0" encoding="utf-8"?>
<Project ToolsVersion="Current" xmlns="http://schemas.microsoft.com/developer/msbuild/2003">
  <PropertyGroup>
    <IncludeCompositeObjects>True</IncludeCompositeObjects>
    <TargetDatabaseName>testdb</TargetDatabaseName>
    <DeployScriptFileName>Database.sql</DeployScriptFileName>
    <TargetConnectionString>Data Source=testdbbglover.database.windows.net;Persist Security Info=False;User ID=dingus;Pooling=False;MultipleActiveResultSets=False;Connect Timeout=60;Encrypt=False;TrustServerCertificate=False</TargetConnectionString>
    <BlockWhenDriftDetected>False</BlockWhenDriftDetected>
    <RegisterDataTierApplication>True</RegisterDataTierApplication>
    <ProfileVersionNumber>1</ProfileVersionNumber>
  </PropertyGroup>
</Project>
