﻿{
  "$schema": "https://schema.management.azure.com/schemas/2019-04-01/deploymentTemplate.json#",
  "contentVersion": "1.0.0.0",
  "parameters": {
    "ResourceLocation": {
      "type": "string",
      "defaultValue": "[resourceGroup().location]",
      "allowedValues": [
        "australiaeast",
        "australiasoutheast",
        "brazilsouth",
        "canadacentral",
        "centralindia",
        "centralus",
        "eastasia",
        "eastus",
        "eastus2",
        "francecentral",
        "japaneast",
        "koreacentral",
        "northeurope",
        "northcentralus",
        "norwayeast",
        "southcentralus",
        "southeastasia",
        "switzerlandnorth",
        "uksouth",
        "usgovvirginia",
        "usgovarizona",
        "uaenorth",
        "westcentralus",
        "westeurope",
        "westus",
        "westus2"
      ],
      "metadata": {
        "description": "Location of resource"
      }
    },
    "actionGroupResourceId": {
      "type": "string",
      "metadata": {
        "description": "Resource Id for the Action group."
      }
    },
    "alertsEnabled": {
      "type": "string",
      "defaultValue": "true",
      "allowedValues": [
        "true",
        "false"
      ],
      "metadata": {
        "description": "Deploys the alerts as Enabled / Disabled"
      }
    },
    "workspaceName": {
      "type": "string"
    },
    "metricAlerts": {
      "type": "array",
      "defaultValue": []
    },
    "SQRAlerts": {
      "type": "array",
      "defaultValue": []
    },
    "SQRMetrics": {
      "type": "array",
      "defaultValue": []
    }
  },
  "variables": { },
  "resources": [
    {
      "apiVersion": "2019-10-01",
      "name": "nested_metricalerts",
      "type": "Microsoft.Resources/deployments",
      "condition": "[not(empty(parameters('MetricAlerts')))]",
      "properties": {
        "expressionEvaluationOptions": {
          "scope": "inner"
        },
        "mode": "Incremental",
        "template": {
          "$schema": "https://schema.management.azure.com/schemas/2019-04-01/deploymentTemplate.json#",
          "contentVersion": "1.0.0.0",
          "parameters": {
            "alertsEnabled": {
              "type": "string"
            },
            "workspaceName": {
              "type": "string"
            },
            "actionGroupResourceId": {
              "type": "string"
            },
            "metricAlerts": {
              "type": "array",
              "defaultValue": []
            }
          },
          "variables": {},
          "resources": [
            {
              "type": "Microsoft.Insights/metricAlerts",
              "apiVersion": "2018-03-01",
              "name": "[parameters('MetricAlerts')[copyIndex()].name]",
              "location": "global",
              "properties": {
                "description": "[parameters('MetricAlerts')[copyIndex()].description]",
                "severity": "[parameters('MetricAlerts')[copyIndex()].severity]",
                "enabled": "[contains(parameters('alertsEnabled'), 'true')]",
                "scopes": [
                  "[resourceId('microsoft.operationalinsights/workspaces', parameters('workspaceName'))]"
                ],
                "evaluationFrequency": "[parameters('MetricAlerts')[copyIndex()].evaluationFrequency]",
                "windowSize": "[parameters('MetricAlerts')[copyIndex()].windowSize]",
                "criteria": {
                  "odata.type": "Microsoft.Azure.Monitor.SingleResourceMultipleMetricCriteria",
                  "allOf": "[array(parameters('MetricAlerts')[copyIndex()].criterion)]"
                },
                "autoMitigate": "[parameters('MetricAlerts')[copyIndex()].autoMitigate]",
                "targetResourceType": "Microsoft.OperationalInsights/workspaces",
                "actions": [
                  {
                    "actionGroupId": "[parameters('actionGroupResourceId')]",
                    "webHookProperties": { }
                  }
                ]
              },
              "copy": {
                "name": "metricAlertsCopy",
                "count": "[length(parameters('MetricAlerts'))]"
              }
            }
          ]
        },
        "parameters": {
          "alertsEnabled": {
            "value": "[parameters('alertsEnabled')]"
          },
          "workspaceName": {
            "value": "[parameters('workspaceName')]"
          },
          "actionGroupResourceId": {
            "value": "[parameters('actionGroupResourceId')]"
          },
          "metricAlerts": {
            "value": "[parameters('metricAlerts')]"
          }
        }
      }
    },
    {
      "apiVersion": "2019-10-01",
      "name": "nested_sqralerts",
      "type": "Microsoft.Resources/deployments",
      "condition": "[not(empty(parameters('SQRAlerts')))]",
      "properties": {
        "expressionEvaluationOptions": {
          "scope": "inner"
        },
        "mode": "Incremental",
        "template": {
          "$schema": "https://schema.management.azure.com/schemas/2019-04-01/deploymentTemplate.json#",
          "contentVersion": "1.0.0.0",
          "parameters": {
            "ResourceLocation": {
              "type": "string"
            },
            "alertsEnabled": {
              "type": "string"
            },
            "actionGroupResourceId": {
              "type": "string"
            },
            "SQRAlerts": {
              "type": "array"
            }
          },
          "variables": {},
          "resources": [
            {
              "type": "Microsoft.Insights/scheduledQueryRules",
              "apiVersion": "2018-04-16",
              "name": "[parameters('SQRAlerts')[copyIndex()].name]",
              "location": "[parameters('ResourceLocation')]",
              "tags": {
                "[concat('hidden-link:', parameters('SQRAlerts')[copyIndex()].source.dataSourceId)]": "Resource"
              },
              "properties": {
                "description": "[parameters('SQRAlerts')[copyIndex()].description]",
                "enabled": "[parameters('alertsEnabled')]",
                "source": {
                  "query": "[parameters('SQRAlerts')[copyIndex()].source.query]",
                  "dataSourceId": "[parameters('SQRAlerts')[copyIndex()].source.dataSourceId]",
                  "queryType": "[parameters('SQRAlerts')[copyIndex()].source.queryType]"
                },
                "schedule": {
                  "frequencyInMinutes": "[parameters('SQRAlerts')[copyIndex()].schedule.frequency]",
                  "timeWindowInMinutes": "[parameters('SQRAlerts')[copyIndex()].schedule.timeWindow]"
                },
                "action": {
                  "odata.type": "Microsoft.WindowsAzure.Management.Monitoring.Alerts.Models.Microsoft.AppInsights.Nexus.DataContracts.Resources.ScheduledQueryRules.AlertingAction",
                  "severity": "[parameters('SQRAlerts')[copyIndex()].severity]",
                  "aznsAction": {
                    "actionGroup": "[array(parameters('actionGroupResourceId'))]"
                  },
                  "trigger": {
                    "thresholdOperator": "[parameters('SQRAlerts')[copyIndex()].trigger.thresholdOperator]",
                    "threshold": "[parameters('SQRAlerts')[copyIndex()].trigger.threshold]",
                    "metricTrigger": "[json('null')]"
                  }
                }
              },
              "copy": {
                "name": "SQRAlertsCopy",
                "count": "[length(parameters('SQRAlerts'))]"
              }
            }
          ]
        },
        "parameters": {
          "ResourceLocation": {
            "value": "[parameters('ResourceLocation')]"
          },
          "alertsEnabled": {
            "value": "[parameters('alertsEnabled')]"
          },
          "actionGroupResourceId": {
            "value": "[parameters('actionGroupResourceId')]"
          },
          "SQRAlerts": {
            "value": "[parameters('SQRAlerts')]"
          }
        }
      }
    },
    {
      "apiVersion": "2019-10-01",
      "name": "nested_sqrmetrics",
      "type": "Microsoft.Resources/deployments",
      "condition": "[not(empty(parameters('SQRMetrics')))]",
      "properties": {
        "expressionEvaluationOptions": {
          "scope": "inner"
        },
        "mode": "Incremental",
        "template": {
          "$schema": "https://schema.management.azure.com/schemas/2019-04-01/deploymentTemplate.json#",
          "contentVersion": "1.0.0.0",
          "parameters": {
             "ResourceLocation": {
              "type": "string"
            },
            "alertsEnabled": {
              "type": "string"
            },
            "actionGroupResourceId": {
              "type": "string"
            },
            "SQRMetrics": {
              "type": "array"
            }
          },
          "variables": {},
          "resources": [
            {
              "type": "Microsoft.Insights/scheduledQueryRules",
              "apiVersion": "2018-04-16",
              "name": "[parameters('SQRMetrics')[copyIndex()].name]",
              "location": "[parameters('ResourceLocation')]",
              "tags": {
                "[concat('hidden-link:', parameters('SQRMetrics')[copyIndex()].source.dataSourceId)]": "Resource"
              },
              "properties": {
                "description": "[parameters('SQRMetrics')[copyIndex()].description]",
                "enabled": "[parameters('alertsEnabled')]",
                "source": {
                  "query": "[parameters('SQRMetrics')[copyIndex()].source.query]",
                  "dataSourceId": "[parameters('SQRMetrics')[copyIndex()].source.dataSourceId]",
                  "queryType": "[parameters('SQRMetrics')[copyIndex()].source.queryType]"
                },
                "schedule": {
                  "frequencyInMinutes": "[parameters('SQRMetrics')[copyIndex()].schedule.frequency]",
                  "timeWindowInMinutes": "[parameters('SQRMetrics')[copyIndex()].schedule.timeWindow]"
                },
                "action": {
                  "odata.type": "Microsoft.WindowsAzure.Management.Monitoring.Alerts.Models.Microsoft.AppInsights.Nexus.DataContracts.Resources.ScheduledQueryRules.AlertingAction",
                  "severity": "[parameters('SQRMetrics')[copyIndex()].severity]",
                  "aznsAction": {
                    "actionGroup": "[array(parameters('actionGroupResourceId'))]"
                  },
                  "trigger": {
                    "thresholdOperator": "[parameters('SQRMetrics')[copyIndex()].trigger.thresholdOperator]",
                    "threshold": "[parameters('SQRMetrics')[copyIndex()].trigger.threshold]",
                    "metricTrigger": {
                      "thresholdOperator": "[parameters('SQRMetrics')[copyIndex()].metricTrigger.thresholdOperator]",
                      "threshold": "[parameters('SQRMetrics')[copyIndex()].metricTrigger.threshold]",
                      "metricColumn": "[parameters('SQRMetrics')[copyIndex()].metricTrigger.metricColumn]",
                      "metricTriggerType": "[parameters('SQRMetrics')[copyIndex()].metricTrigger.metricTriggerType]"
                    }
                  }
                }
              },
              "copy": {
                "name": "SQRMetricsCopy",
                "count": "[length(parameters('SQRMetrics'))]"
              }
            }
          ]
        },
        "parameters": {
          "ResourceLocation": {
            "value": "[parameters('ResourceLocation')]"
          },
          "alertsEnabled": {
            "value": "[parameters('alertsEnabled')]"
          },
          "actionGroupResourceId": {
            "value": "[parameters('actionGroupResourceId')]"
          },
          "SQRMetrics": {
            "value": "[parameters('SQRMetrics')]"
          }
        }
      }
    }
  ]
}