{
  "$schema": "https://schema.management.azure.com/schemas/2019-04-01/deploymentTemplate.json#",
  "contentVersion": "1.0.0.0",
  "parameters": {
    "ResourceLocation": {
      "type": "string",
      "defaultValue": "[resourceGroup().location]",
      "allowedValues": [
        "australiaeast",
        "australiasoutheast",
        "brazilsouth",
        "canadacentral",
        "centralindia",
        "centralus",
        "eastasia",
        "eastus",
        "eastus2",
        "francecentral",
        "japaneast",
        "koreacentral",
        "northeurope",
        "northcentralus",
        "norwayeast",
        "southcentralus",
        "southeastasia",
        "switzerlandnorth",
        "uksouth",
        "usgovvirginia",
        "usgovarizona",
        "uaenorth",
        "westcentralus",
        "westeurope",
        "westus",
        "westus2"
      ],
      "metadata": {
        "description": "Location of resource"
      }
    },
    "appInsightName": {
      "type": "string"
    }
  },
  "variables": {},
  "resources": [
    {
      "type": "microsoft.insights/components",
      "apiVersion": "2015-05-01",
      "name": "[parameters('appInsightName')]",
      "location": "[parameters('ResourceLocation')]",
      "kind": "web",
      "properties": {
        "Application_Type": "web",
        "Flow_Type": "Bluefield",
        "Request_Source": "rest"
      }
    }
  ]
}