{
  "$schema": "https://schema.management.azure.com/schemas/2019-04-01/deploymentTemplate.json#",
  "contentVersion": "1.0.0.0",
  "parameters": {
    "workspaceName": {
      "type": "string"
    },
    "appInsightName": {
      "type": "string"
    }
  },
  "variables": {
    "metricAlerts": [ ],
    "SQRAlerts": [ ],
    "SQRMetrics": [ ]
  },
  "resources": [],
  "outputs": {
    "metricAlerts": {
      "type": "array",
      "value": "[variables('metricAlerts')]"
    },
    "SQRAlerts": {
      "type": "array",
      "value": "[variables('SQRAlerts')]"
    },
    "SQRMetrics": {
      "type": "array",
      "value": "[variables('SQRMetrics')]"
    }
  }
}
