{
  "$schema": "https://schema.management.azure.com/schemas/2019-04-01/deploymentTemplate.json#",
  "contentVersion": "1.0.0.0",
  "parameters": {
    "ResourceLocation": {
      "type": "string",
      "allowedValues": [
        "australiaeast",
        "australiasoutheast",
        "brazilsouth",
        "canadacentral",
        "centralindia",
        "centralus",
        "eastasia",
        "eastus",
        "eastus2",
        "francecentral",
        "japaneast",
        "koreacentral",
        "northeurope",
        "northcentralus",
        "norwayeast",
        "southcentralus",
        "southeastasia",
        "switzerlandnorth",
        "uksouth",
        "usgovvirginia",
        "usgovarizona",
        "uaenorth",
        "westcentralus",
        "westeurope",
        "westus",
        "westus2"
      ],
      "metadata": {
        "description": "Location of resource"
      }
    },
    "shortLocationLookupCodes": {
      "type": "object",
      "defaultValue": {
        "australiaeast":"aue",
        "australiasoutheast": "ase",
        "brazilsouth":"brs",
        "canadacentral": "cnc",
        "centralindia": "cia",
        "centralus":"cus",
        "eastasia":"eas",
        "eastus": "eus",
        "eastus2":"eus2",
        "francecentral":"frc",
        "japaneast":"jpe",
        "koreacentral":"krc",
        "northeurope":"neu",
        "northcentralus":"nus",
        "norwayeast":"nre",
        "southcentralus":"sus",
        "southeastasia":"sea",
        "switzerlandnorth":"swi",
        "uksouth":"uks",
        "usgovvirginia":"usv",
        "usgovarizona":"usg",
        "uaenorth":"uae",
        "westcentralus":"cus",
        "westeurope": "weu",
        "westus": "wus",
        "westus2":"wus2"
      }
    },
    "allowBlobPublicAccess": {
                "type": "string",
                "defaultValue": "false"
            }
  },
  "variables": {
    "basename": "library",
    "uniqueId": "[uniqueString(resourceGroup().id)]",
    "shortLocationCode": "[parameters('shortLocationLookupCodes')[toLower(parameters('ResourceLocation'))]]",
    "keyVaultName": "[take(concat('kv', '-', variables('basename'), '-', variables('shortLocationCode'), '-', variables('uniqueId')), 24)]",
    "storageAccountName": "[take(concat('sa', variables('basename'), variables('shortLocationCode'), variables('uniqueId')), 24)]",
    "userAssignedIdentityName": "[concat('msi-ns-drivetrain-', variables('shortLocationCode'), '-monitoring-', variables('uniqueId'))]",
    "serviceSasFunctionValues": {
      "canonicalizedResource": "[concat('/blob/', variables('storageAccountName'), '/monitoring')]",
      "signedResource": "c",
      "signedPermission": "r",
      "signedExpiry": "2050-01-01T00:00:00Z"
    }
  },
  "resources": [
    {
      "type": "Microsoft.ManagedIdentity/userAssignedIdentities",
      "name": "[variables('userAssignedIdentityName')]",
      "apiVersion": "2018-11-30",
      "location": "[toLower(parameters('ResourceLocation'))]"
    },
    {
      "type": "Microsoft.Storage/storageAccounts",
      "apiVersion": "2019-04-01",
      "name": "[variables('storageAccountName')]",
      "location": "[toLower(parameters('ResourceLocation'))]",
      "sku": {
        "name": "Standard_LRS"
      },
      "kind": "StorageV2",
      "tags": { },
      "identity": {
        "type": "SystemAssigned"
      },
      "properties": {
        "networkAcls": {
          "bypass": "AzureServices",
          "virtualNetworkRules": [ ],
          "ipRules": [ ],
          "defaultAction": "Allow"
        },
        "supportsHttpsTrafficOnly": true,
        "encryption": {
          "services": {
            "file": {
              "enabled": true
            },
            "blob": {
              "enabled": true
            }
          },
          "keySource": "Microsoft.Storage"
        },
        "accessTier": "Hot",
        "allowBlobPublicAccess": "[parameters('allowBlobPublicAccess')]"
      },
      "resources": [
        {
          "type": "blobServices",
          "apiVersion": "2019-04-01",
          "name": "default",
          "dependsOn": [
            "[resourceId('Microsoft.Storage/storageAccounts', variables('storageAccountName'))]"
          ],
          "properties": {
            "cors": {
              "corsRules": [
              ]
            },
            "deleteRetentionPolicy": {
              "enabled": false
            }
          },
          "resources": [
            {
              "type": "containers",
              "apiVersion": "2019-04-01",
              "name": "monitoring",
              "dependsOn": [
                "default",
                "[resourceId('Microsoft.Storage/storageAccounts', variables('storageAccountName'))]"
              ],
              "properties": {
                "publicAccess": "None"
              }
            },
            {
              "type": "containers",
              "apiVersion": "2019-04-01",
              "name": "plugins",
              "dependsOn": [
                "default",
                "[resourceId('Microsoft.Storage/storageAccounts', variables('storageAccountName'))]"
              ],
              "properties": {
                "publicAccess": "None"
              }
            },
            {
              "type": "containers",
              "apiVersion": "2019-04-01",
              "name": "alerts",
              "dependsOn": [
                "default",
                "[resourceId('Microsoft.Storage/storageAccounts', variables('storageAccountName'))]"
              ],
              "properties": {
                "publicAccess": "None"
              }
            }
          ]
        }
      ]
    },
    {
      "type": "Microsoft.KeyVault/vaults",
      "apiVersion": "2016-10-01",
      "name": "[variables('keyVaultName')]",
      "location": "[toLower(parameters('ResourceLocation'))]",
      "dependsOn": [
        "[resourceId('Microsoft.Storage/storageAccounts', variables('storageAccountName'))]"
      ],
      "properties": {
        "sku": {
          "family": "A",
          "name": "standard"
        },
        "tenantId": "[subscription().tenantId]",
        "accessPolicies": [ ],
        "enabledForDeployment": true,
        "enabledForDiskEncryption": true,
        "enabledForTemplateDeployment": true
      },
      "resources": [
        {
          "type": "secrets",
          "apiVersion": "2016-10-01",
          "name": "[concat(variables('keyVaultName'), 'SAS')]",
          "location": "[resourceGroup().location]",
          "dependsOn": [
            "[resourceId('Microsoft.KeyVault/vaults', variables('keyVaultName'))]"
          ],
          "properties": {
            "attributes": {
              "enabled": true
            },
            "value": "[listServiceSas(resourceId('Microsoft.Storage/storageAccounts', variables('storageAccountName')), '2018-02-01', variables('serviceSasFunctionValues')).serviceSasToken]"
          }
        }
      ]
    }
  ],
  "outputs": {
    "userAssignedIdentity" : {
      "type": "string",
      "value": "[reference(variables('userAssignedIdentityName'), '2018-11-30').principalId]"
    },
    "userAssignedIdentityResourceId": {
      "type": "string",
      "value": "[resourceId('Microsoft.ManagedIdentity/userAssignedIdentities', variables('userAssignedIdentityName'))]"
    },
    "storageAccount": {
      "type": "string",
      "value": "[variables('storageAccountName')]"
    },
    "keyVault": {
      "type": "string",
      "value": "[variables('keyVaultName')]"
    }
  }
}