{
  "$schema": "https://schema.management.azure.com/schemas/2019-04-01/deploymentTemplate.json#",
  "contentVersion": "1.0.0.0",
  "parameters": {
    "ResourceLocation": {
      "type": "string",
      "defaultValue": "[resourceGroup().location]",
      "allowedValues": [
        "australiaeast",
        "australiasoutheast",
        "brazilsouth",
        "canadacentral",
        "centralindia",
        "centralus",
        "eastasia",
        "eastus",
        "eastus2",
        "francecentral",
        "japaneast",
        "koreacentral",
        "northeurope",
        "northcentralus",
        "norwayeast",
        "southcentralus",
        "southeastasia",
        "switzerlandnorth",
        "uksouth",
        "usgovvirginia",
        "usgovarizona",
        "uaenorth",
        "westcentralus",
        "westeurope",
        "westus",
        "westus2"
      ],
      "metadata": {
        "description": "Location of resource"
      }
    },
    "enableSecurityCenter": {
      "type": "bool",
      "defaultValue": true,
      "allowedValues": [
        true,
        false
      ],
      "metadata": {
        "description": "If 'true' then security center standard will be enabled on the log analytics workspace, and the security solution installed."
      }
    },
    "workspaceName": {
      "type": "string",
      "defaultValue": "LA-SystemHealth"
    },
    "appInsightName": {
      "type": "string",
      "defaultValue": "AI-AppHealth"
    },
    "AutomationAccountName": {
      "type": "string",
      "defaultValue": "automationaccount"
    },
    "diagnosticSettingName": {
      "type": "string",
      "defaultValue": "diagnosticsettings"
    },
    "actionGroupName": {
      "type": "string",
      "defaultValue": "SNow",
      "metadata": {
        "description": "Resource name for the Action group."
      }
    },
    "actionGroupEmailName": {
      "type": "string",
      "defaultValue": ""
    },
    "actionGroupEmail": {
      "type": "string",
      "defaultValue": "",
      "metadata": {
        "description": "A single email addess, if specified the action group will email all alerts to the address."
      }
    },
    "workspaceRetentionDays": {
      "type": "string",
      "defaultValue": "",
      "metadata": {
        "description": "A workspace retention days"
      }
    },
    "actionGroupUseCAS": {
      "type": "bool",
      "defaultValue": false,
      "allowedValues": [
        true,
        false
      ]
    },
    "Environment": {
      "type": "string",
      "defaultValue": "DIAG",
      "allowedValues": [
        "DEV",
        "TEST",
        "PROD",
        "DIAG"
      ],
      "metadata": {
        "description": "Log Analytics instance: DEV, TEST, PROD or DIAG"
      }
    },
    "serviceNowToken": {
      "type": "string",
      "defaultValue": "0CB387C5-EDB0-4A5E-8956-12E64DFC041B",
      "metadata": {
        "description": "Service Now Token - unique for each client."
      }
    },
    "_artifactsLocation": {
      "type": "string"
    },
    "_artifactsLocationSasToken": {
      "type": "securestring"
    },
    "managementGroupName": {
      "type": "string",
      "defaultValue": "",
      "metadata": {
        "description": "Management Group Scope - if monitoring management group, otherwise leave empty for single subscription"
      }
    }
  },
  "variables": {
    "automationAccount": "[If(equals(parameters('AutomationAccountName'), 'automationaccount'), concat(parameters('AutomationAccountName'), uniqueString(resourceGroup().id)), parameters('AutomationAccountName'))]",
    "workspaceName": "[If(equals(parameters('workspaceName'), 'LA-SystemHealth'), concat(parameters('workspaceName'), uniqueString(resourceGroup().id)), parameters('workspaceName'))]",
    "diagnosticSettingName": "[if(equals(parameters('diagnosticSettingName'), 'diagnosticsettings'), concat(parameters('diagnosticSettingName'),uniqueString(resourceGroup().id)),parameters('diagnosticSettingName'))]",
    "standardSolutions": [
      "ADAssessment",
      "ADReplication",
      "AzureActivity",
      "AzureDataFactoryAnalytics",
      "AzureSQLAnalytics",
      "ChangeTracking",
      "Containers",
      "KeyVaultAnalytics",
      "LogicAppsManagement",
      "LogManagement",
      "NetworkMonitoring",
      "SecurityCenterFree",
      "ServiceMap",
      "Updates",
      "WaaSUpdateInsights",
      "WireData2"
    ],
    "securityCenterSolutions": [
      "Security",
      "SecurityInsights"
    ],
    "solutionTypes": "[If(parameters('enableSecurityCenter'), concat(variables('standardSolutions'), variables('securityCenterSolutions')), variables('standardSolutions'))]"
  },
  "resources": [
    {
      "name": "libraryTemplate_deploymentlibrary",
      "type": "Microsoft.Resources/deployments",
      "apiVersion": "2019-08-01",
      "dependsOn": [
      ],
      "properties": {
        "mode": "Incremental",
        "templateLink": {
          "uri": "[concat(parameters('_artifactsLocation'),'DeploymentLibrary.json', parameters('_artifactsLocationSasToken'))]"
        },
        "parameters": {
          "ResourceLocation": {
            "value": "[parameters('ResourceLocation')]"
          }
        }
      }
    },
    {
      "name": "linkedTemplate_workspace",
      "type": "Microsoft.Resources/deployments",
      "apiVersion": "2019-08-01",
      "dependsOn": [
        "libraryTemplate_deploymentlibrary"
      ],
      "properties": {
        "mode": "Incremental",
        "templateLink": {
          "uri": "[concat(parameters('_artifactsLocation'), 'workspaceDeploy.json', parameters('_artifactsLocationSasToken'))]"
        },
        "parameters": {
          "ResourceLocation": {
            "value": "[parameters('ResourceLocation')]"
          },
          "workspaceName": {
            "value": "[variables('workspaceName')]"
          },
          "actionGroupName": {
            "value": "[parameters('actionGroupName')]"
          },
          "Environment": {
            "value": "[parameters('Environment')]"
          },
          "serviceNowToken": {
            "value": "[parameters('serviceNowToken')]"
          },
          "actionGroupEmailName": {
            "value": "[parameters('actionGroupEmailName')]"
          },
          "actionGroupEmail": {
            "value": "[parameters('actionGroupEmail')]"
          },
          "actionGroupUseCAS": {
            "value": "[parameters('actionGroupUseCAS')]"
          },
          "diagnosticSettingName": {
            "value": "[variables('diagnosticSettingName')]"
          },
          "automationAccount": {
            "value": "[variables('automationAccount')]"
          },
          "enableSecurityCenter": {
            "value": "[parameters('enableSecurityCenter')]"
          },
          "solutionTypes": {
            "value": "[variables('solutionTypes')]"
          },
          "workspaceRetentionDays": {
            "value": "[parameters('workspaceRetentionDays')]"
          },
          "_artifactsLocation": {
            "value": "[parameters('_artifactsLocation')]"
          },
          "_artifactsLocationSasToken": {
            "value": "[parameters('_artifactsLocationSasToken')]"
          },
          "managementGroupName": {
            "value": "[parameters('managementGroupName')]"
          }
        }
      }
    },
    {
      "name": "linkedTemplate_appInsight",
      "type": "Microsoft.Resources/deployments",
      "apiVersion": "2019-08-01",
      "properties": {
        "mode": "Incremental",
        "templateLink": {
          "uri": "[concat(parameters('_artifactsLocation'),'appInsightDeploy.json', parameters('_artifactsLocationSasToken'))]"
        },
        "parameters": {
          "ResourceLocation": {
            "value": "[parameters('ResourceLocation')]"
          },
          "appInsightName": {
            "value": "[parameters('appInsightName')]"
          }
        }
      }
    },
    {
      "name": "linkedTemplate_storageaccount",
      "type": "Microsoft.Resources/deployments",
      "apiVersion": "2019-08-01",
      "dependsOn": [
        "linkedTemplate_workspace"
      ],
      "properties": {
        "mode": "Incremental",
        "templateLink": {
          "uri": "[concat(parameters('_artifactsLocation'), 'storageDeploy.json', parameters('_artifactsLocationSasToken'))]"
        },
        "parameters": {
          "ResourceLocation": {
            "value": "[parameters('ResourceLocation')]"
          }
        }
      }
    },
    {
      "name": "linkedTemplate_savedSearches",
      "type": "Microsoft.Resources/deployments",
      "apiVersion": "2019-08-01",
      "dependsOn": [
        "linkedTemplate_workspace"
      ],
      "properties": {
        "mode": "Incremental",
        "templateLink": {
          "uri": "[concat(parameters('_artifactsLocation'), 'savedSearchDeploy.json', parameters('_artifactsLocationSasToken'))]"
        },
        "parameters": {
          "workspaceName": {
            "value": "[variables('workspaceName')]"
          }
        }
      }
    },
    {
      "name": "linkedTemplate_alerts",
      "type": "Microsoft.Resources/deployments",
      "apiVersion": "2019-08-01",
      "dependsOn": [
        "linkedTemplate_workspace"
      ],
      "properties": {
        "mode": "Incremental",
        "templateLink": {
          "uri": "[concat(parameters('_artifactsLocation'), 'alerts.json', parameters('_artifactsLocationSasToken'))]"
        },
        "parameters": {
          "workspaceName": {
            "value": "[variables('workspaceName')]"
          },
          "appInsightName": {
            "value": "[parameters('appInsightName')]"
          }
        }
      }
    },
    {
      "name": "linkedTemplate_alertsDeploy",
      "type": "Microsoft.Resources/deployments",
      "apiVersion": "2019-08-01",
      "condition": "[not(equals(parameters('Environment'), 'DIAG'))]",
      "dependsOn": [
        "linkedTemplate_workspace",
        "linkedTemplate_alerts"
      ],
      "properties": {
        "mode": "Incremental",
        "templateLink": {
          "uri": "[concat(parameters('_artifactsLocation'), 'alertDeploy.json', parameters('_artifactsLocationSasToken'))]"
        },
        "parameters": {
          "ResourceLocation": {
            "value": "[parameters('ResourceLocation')]"
          },
          "actionGroupResourceId": {
            "value": "[reference('linkedTemplate_workspace', '2015-01-01').outputs.ActionGroup.value]"
          },
          "alertsEnabled": {
            "value": "true"
          },
          "workspaceName": {
            "value": "[variables('workspaceName')]"
          },
          "metricAlerts": {
            "value": "[reference('linkedTemplate_alerts', '2015-01-01').outputs.metricAlerts.value]"
          },
          "SQRAlerts": {
            "value": "[reference('linkedTemplate_alerts', '2015-01-01').outputs.SQRAlerts.value]"
          },
          "SQRMetrics": {
            "value": "[reference('linkedTemplate_alerts', '2015-01-01').outputs.SQRMetrics.value]"
          }
        }
      }
    }
  ],
  "outputs": {
    "userAssignedIdentity": {
      "type": "string",
      "value": "[reference('libraryTemplate_deploymentlibrary').outputs.userAssignedIdentity.value]"
    },
    "userAssignedIdentityResourceId": {
      "type": "string",
      "value": "[reference('libraryTemplate_deploymentlibrary').outputs.userAssignedIdentityResourceId.value]"
    },
    "logAnalytics": {
      "type": "string",
      "value": "[variables('workspaceName')]"
    },
    "workspaceID": {
      "type": "string",
      "value": "[reference('linkedTemplate_workspace').outputs.workspaceResourceId.value]"
    },
    "automationAccountName": {
      "type": "string",
      "value": "[variables('automationAccount')]"
    },
    "actionGroupResourceID": {
      "type": "string",
      "value": "[reference('linkedTemplate_workspace', '2015-01-01').outputs.ActionGroup.value]"
    },
    "workspaceName": {
      "type": "string",
      "value": "[variables('workspaceName')]"
    },
    "appInsightName": {
      "type": "string",
      "value": "[parameters('appInsightName')]"
    },
    "storageAccount": {
      "type": "string",
      "value": "[reference('libraryTemplate_deploymentlibrary').outputs.StorageAccount.value]"
    }
  }
}