{
  "$schema": "https://schema.management.azure.com/schemas/2019-04-01/deploymentTemplate.json#",
  "contentVersion": "1.0.0.0",
  "parameters": {
    "ResourceLocation": {
      "type": "string",
      "defaultValue": "[resourceGroup().location]",
      "allowedValues": [
        "eastus",
        "westus2",
        "canadacentral",
        "australiasoutheast",
        "southeastasia",
        "centralindia",
        "japaneast",
        "uksouth",
        "westeurope",
        "usgovvirginia"
      ],
      "metadata": {
        "description": "Location of resource"
      }
    },
    "pluginTemplate": {
      "type": "string"
    },
    "workspaceName": {
      "type": "string"
    },
    "appInsightName": {
      "type": "string"
    },
    "actionGroupResourceId": {
      "type": "string"
    },
    "_artifactsLocation": {
      "type": "string"
    },
    "_artifactsLocationSasToken": {
      "type": "securestring"
    }
  },
  "variables": { },
  "resources": [
    {
      "name": "linkedTemplate_alerts",
      "type": "Microsoft.Resources/deployments",
      "apiVersion": "2019-08-01",
      "dependsOn": [
      ],
      "properties": {
        "mode": "Incremental",
        "templateLink": {
          "uri": "[concat(parameters('_artifactsLocation'), parameters('pluginTemplate'), parameters('_artifactsLocationSasToken'))]"
        },
        "parameters": {
          "workspaceName": {
            "value": "[parameters('workspaceName')]"
          },
          "appInsightName": {
            "value": "[parameters('appInsightName')]"
          }
        }
      }
    },
    {
      "name": "linkedTemplate_alertsDeploy",
      "type": "Microsoft.Resources/deployments",
      "apiVersion": "2019-08-01",
      "dependsOn": [
        "linkedTemplate_alerts"
      ],
      "properties": {
        "mode": "Incremental",
        "templateLink": {
          "uri": "[concat(parameters('_artifactsLocation'), 'alertDeploy.json', parameters('_artifactsLocationSasToken'))]"
        },
        "parameters": {
          "ResourceLocation": {
            "value": "[parameters('ResourceLocation')]"
          },
          "actionGroupResourceId": {
            "value": "[parameters('actionGroupResourceId')]"
          },
          "alertsEnabled": {
            "value": "true"
          },
          "workspaceName": {
            "value": "[parameters('workspaceName')]"
          },
          "metricAlerts": {
            "value": "[reference('linkedTemplate_alerts', '2015-01-01').outputs.metricAlerts.value]"
          },
          "SQRAlerts": {
            "value": "[reference('linkedTemplate_alerts', '2015-01-01').outputs.SQRAlerts.value]"
          },
          "SQRMetrics": {
            "value": "[reference('linkedTemplate_alerts', '2015-01-01').outputs.SQRMetrics.value]"
          }
        }
      }
    }
  ],
  "outputs": { }
}