﻿{
  "$schema": "https://schema.management.azure.com/schemas/2019-04-01/deploymentTemplate.json#",
  "contentVersion": "1.0.0.0",
  "parameters": {
    "workspaceName": {
      "type": "string"
    }
  },
  "variables": {
    "SavedSearches": {
      "category": "System Health Alerts",
      "queryDetails": [
        {
          "displayName": "Multiple Account Logon Failures",
          "Query": "SecurityEvent | where EventID == 4625 | summarize AggregatedValue = count() by TargetAccount\r\n// Oql: Type=SecurityEvent EventID=4625 | measure count() by TargetAccount",
          "name": "Multiple Account Logon Failures"
        },
        {
          "displayName": "Windows Service Crash",
          "Query": "SecurityEvent | where EventID == 4625 | summarize AggregatedValue = count() by TargetAccount\r\n// Oql: Type=SecurityEvent EventID=4625 | measure count() by TargetAccount",
          "name": "Windows Service Crash"
        },
        {
          "displayName": "Cleared security event logs",
          "Query": "SecurityEvent | where (EventID == 1102 or EventID == 517) and EventSourceName == \"Microsoft-Windows-Eventlog\" | summarize AggregatedValue = count() by Computer\r\n// Oql: Type=SecurityEvent (EventID=1102 OR EventID=517) EventSourceName=Microsoft-Windows-Eventlog | measure count() by Computer",
          "name": "Cleared security event logs"
        },
        {
          "displayName": "Free disk space percentage low",
          "Query": "Perf\n| where ObjectName == \"LogicalDisk\" and InstanceName != \"_Total\" and InstanceName !startswith_cs \"Hard\" and TimeGenerated > ago(30m) and CounterName == \"% Free Space\"\n| where CounterValue < 5\n| project TimeGenerated, Asset=Computer, MetricName=CounterName, MetricValue=CounterValue, AdditionalData=CounterPath",
          "name": "Free disk space percentage low"
        },
        {
          "displayName": "Updates pending restart",
          "Query": "UpdateSummary | where RestartPending == True\n| project TimeGenerated, Asset=Computer, MetricName=\"RestartPending\", MetricValue=RestartPending",
          "name": "Updates pending restart"
        },
        {
          "displayName": "Computers with detected threats",
          "Query": "ProtectionStatus | where ThreatStatusRank > 199 and ThreatStatusRank != 470 | summarize Rank = max(ThreatStatusRank) by Computer | limit 50000\r\n// Oql: Type=ProtectionStatus ThreatStatusRank > 199 ThreatStatusRank != 470 | measure max(ThreatStatusRank) as Rank by Computer | Top 50000",
          "name": "Computers with detected threats"
        },
        {
          "displayName": "High Disk Queue",
          "Query": "Perf | where ObjectName == \"LogicalDisk\" and InstanceName != \"_Total\" and InstanceName !startswith_cs \"Hard\" and CounterName == \"Avg. Disk Queue Length\" | summarize Counter = avg(CounterValue) by TimeGenerated, MetricName=CounterName, MetricValue=CounterValue, Asset=Computer, AdditionalData=CounterPath | where Counter > 32",
          "name": "High Disk Queue"
        },
        {
          "displayName": "High Memory Utilization",
          "Query": "Perf | where ObjectName == \"Memory\" and CounterName == \"% Committed Bytes In Use\" | summarize MetricValue = avg(CounterValue) by AdditionalData=CounterPath, Asset=Computer, MetricName=CounterName | where MetricValue > 95",
          "name": "High Memory Utilization"
        },
        {
          "displayName": "Remediated Threat",
          "Query": "WDAVThreat | where ThreatStatus == \"Remediated\"\r\n// Oql: Type:WDAVThreat ThreatStatus=Remediated",
          "name": "Remediated Threat"
        },
        {
          "displayName": "Count of missing critical or security updates",
          "Query": "UpdateSummary | where SecurityUpdatesMissing > 0 | summarize count(SecurityUpdatesMissing), count(CriticalUpdatesMissing) by Computer\n",
          "name": "Count of missing critical or security updates"
        },
        {
          "displayName": "Azure Site Recovery Critical Health",
          "Query": "AzureDiagnostics | where SourceSystem == \"Azure\" and Level == \"Critical\" and OperationName == \"AzureSiteRecoveryEvents\"\n| project TimeGenerated, ResourceId, SubscriptionId, MetricName=Category, MetricValue=description_s, AdditionalData=healthErrors_s, Asset=affectedResourceName_s ",
          "name": "Azure Site Recovery Critical Health"
        },
        {
          "displayName": "Azure SQL Storage capacity",
          "Query": "AzureMetrics\n| where ResourceProvider==\"MICROSOFT.SQL\"\n| where ResourceId contains \"/DATABASES/\"\n| where MetricName==\"storage_percent\"\n| where TimeGenerated > ago(60m)\n| where Maximum > 25\n| project  TimeGenerated, MetricName, MetricValue=Maximum, Asset=Resource, ResourceId, UnitName",
          "name": "Azure SQL Storage capacity"
        },
        {
          "displayName": "Low Available Memory",
          "Query": "Perf | where ObjectName == \"Memory\" and CounterName == \"Available MBytes\" | summarize Counter = avg(CounterValue) by Computer | where Counter < 100\r\n// Oql: Type=Perf ObjectName:Memory CounterName=\"Available MBytes\" | measure avg(CounterValue) as Counter by Computer | where Counter< 100",
          "name": "Low Available Memory"
        },
        {
          "displayName": "Azure SQL High DTU",
          "Query": "AzureMetrics\n| where ResourceProvider==\"MICROSOFT.SQL\"\n| where ResourceId contains \"/DATABASES/\"\n| where MetricName==\"dtu_consumption_percent\"\n| where TimeGenerated > ago(30m)\n| where Maximum > 25\n//| summarize AggregatedValue = max(Maximum) by bin(TimeGenerated, 5m)\n| project TimeGenerated, MetricValue=Maximum, MetricName, Asset=Resource, ResourceId",
          "name": "Azure SQL High DTU"
        },
        {
          "displayName": "Deallocated Azure Virtual Machine",
          "Query": "AzureActivity | \nwhere OperationName == \"Deallocate Virtual Machine\" and ActivityStatus == \"Succeeded\" and ResourceProvider == \"Microsoft.Compute\"\n| project TimeGenerated, SubscriptionId, ResourceId, Asset=Resource, MetricName=OperationName, MetricValue=ActivityStatus, AdditionalData=Authorization ",
          "name": "Deallocated Azure Virtual Machine"
        },
        {
          "displayName": "Abnormal Windows Service Stop",
          "Query": "ConfigurationChange | where ConfigChangeType == \"WindowsServices\" and SvcChangeType == \"State\" and SvcStartupType == \"Auto\" and SvcPreviousState == \"Running\" and SvcState == \"Stopped\" and SvcName in ((ConfigurationChange | where ConfigChangeType == \"WindowsServices\" and SvcName == \"Browser\" and SvcName == \"Dhcp\" and SvcName == \"Dnscache\" and SvcName == \"EventLog\" and SvcName == \"LanmanServer\" and SvcName == \"LanmanWorkstation\" and SvcName == \"lmhosts\" and SvcName == \"PlugPlay\" and SvcName == \"RpcSs\" | summarize AggregatedValue = count() by SvcName))\r\n// Oql: Type=ConfigurationChange ConfigChangeType=WindowsServices SvcChangeType=State SvcStartupType=Auto SvcPreviousState=Running SvcState=Stopped SvcName IN  {Type=ConfigurationChange ConfigChangeType=WindowsServices SvcName=\"Browser\" SvcName=\"Dhcp\" SvcName=\"Dnscache\" SvcName=\"EventLog\" SvcName=\"LanmanServer\" SvcName=\"LanmanWorkstation\" SvcName=\"lmhosts\" SvcName=\"PlugPlay\" SvcName=\"RpcSs\" | measure count() by SvcName}",
          "name": "Abnormal Windows Service Stop"
        },
        {
          "displayName": "Account Logon Failure",
          "Query": "SecurityEvent | where EventID == 4625 | summarize AggregatedValue = count() by TargetAccount\r\n// Oql: Type=SecurityEvent EventID=4625 | measure count() by TargetAccount",
          "name": "Account Logon Failure"
        },
        {
          "displayName": "High Processor Usage",
          "Query": "Perf | where ObjectName == \"Processor Information\" and CounterName == \"% Processor Time\" and InstanceName == \"_Total\" | summarize Counter = avg(CounterValue) by CounterPath | where Counter > 90\r\n// Oql: Type=Perf ObjectName:\"Processor Information\" AND CounterName:\"% Processor Time\" AND InstanceName=\"_Total\" | Measure Avg(CounterValue) as Counter by CounterPath | where Counter > 90",
          "name": "High Processor Usage"
        },
        {
          "displayName": "Servers pending reboot for update installation",
          "Query": "WaaSDeploymentStatus | where DetailedStatus == \"Reboot pending\" | summarize DeviceCount = count() by ReleaseName, UpdateCategory, UpdateClassification | render table",
          "name": "Servers pending reboot for update installation"
        },
        {
          "displayName": "SQL Server Replica role changed",
          "Query": "Event | where Source == \"MSSQLSERVER\" | where EventID == \"19406\"",
          "name": "SQL Server Replica role changed"
        },
        {
          "displayName": "SQL Server failed to backup",
          "Query": "Event | where Source == \"MSSQLSERVER\" | where EventID == \"3041\"",
          "name": "SQL Server failed to backup"
        },
        {
          "displayName": "SQL Server logon failed",
          "Query": "Event | where Source == \"MSSQLSERVER\" | where EventID == \"18456\"",
          "name": "SQL Server logon failed"
        },
        {
          "displayName": "SQL Server agent job completed",
          "Query": "Event | where Source == \"SQLSERVERAGENT\" | where EventID == \"208\"",
          "name": "SQL Server agent job completed"
        },
        {
          "displayName": "SQL Server filegroup out of space",
          "Query": "Event | where Source == \"MSSQLSERVER\" | where EventID == \"1101\"",
          "name": "SQL Server filegroup out of space"
        },
        {
          "displayName": "Application fault",
          "Query": "Event | where Source == \"Application\" | where EventID == \"1000\"",
          "name": "Application fault"
        },
        {
          "displayName": "Unexpected Restart",
          "Query": "Event | where Source == \"System\" | where EventID == \"6008\"",
          "name": "Unexpected Restart"
        },
        {
          "displayName": "Missing endpoint protection",
          "Query": "ProtectionStatus | where ProtectionStatusRank == \"270\"",
          "name": "Missing endpoint protection"
        },
        {
          "displayName": "Local security group changed",
          "Query": "Event | where Source == \"System\" | where EventID == \"4735\"",
          "name": "Local security group changed"
        },
        {
          "displayName": "Linux availability",
          "Query": "Heartbeat | where OSType != \"Windows\" | summarize heartbeat_count = count() by bin(TimeGenerated, 30m) | extend alive=iff(heartbeat_count > 3, true, false) | sort by TimeGenerated asc | where alive == 'false'",
          "name": "Linux availability"
        },
        {
          "displayName": "Linux_freeMB",
          "Query": "Perf | where ObjectName == \"Logical Disk\" | where CounterName == \"Free Megabytes\" | where InstanceName !contains \"boot\" | where CounterValue < 1000",
          "name": "Linux_freeMB"
        }
      ]
    }
  },
  "resources": [
    {
      "name": "[concat(parameters('workspaceName'), '/', '(', parameters('workspaceName'), ')_', variables('SavedSearches').queryDetails[copyIndex()].name)]",
      "apiVersion": "2017-03-15-preview",
      "type": "Microsoft.OperationalInsights/workspaces/savedSearches",
      "dependsOn": [],
      "properties": {
        "etag": "*",
        "category": "[variables('SavedSearches').category]",
        "displayName": "[variables('SavedSearches').queryDetails[copyIndex()].displayName]",
        "query": "[variables('SavedSearches').queryDetails[copyIndex()].Query]",
        "Version": 2
      },
      "copy": {
        "name": "savedSearchesCopy",
        "count": "[length(variables('SavedSearches').queryDetails)]"
      }
    }
  ],
  "outputs": {}
}