{
  "$schema": "https://schema.management.azure.com/schemas/2019-04-01/deploymentTemplate.json#",
  "contentVersion": "1.0.0.0",
  "parameters": {
    "ResourceLocation": {
      "type": "string",
      "allowedValues": [
        "australiaeast",
        "australiasoutheast",
        "brazilsouth",
        "canadacentral",
        "centralindia",
        "centralus",
        "eastasia",
        "eastus",
        "eastus2",
        "francecentral",
        "japaneast",
        "koreacentral",
        "northeurope",
        "northcentralus",
        "norwayeast",
        "southcentralus",
        "southeastasia",
        "switzerlandnorth",
        "uksouth",
        "usgovvirginia",
        "usgovarizona",
        "uaenorth",
        "westcentralus",
        "westeurope",
        "westus",
        "westus2"
      ],
      "metadata": {
        "description": "Location of resource"
      }
    },
    "allowBlobPublicAccess": {
                "type": "string",
                "defaultValue": "false"
            }
  },
  "variables": {},
  "resources": [
    {
      "name": "[concat('storage', uniqueString(resourceGroup().id))]",
      "type": "Microsoft.Storage/storageAccounts",
      "apiVersion": "2019-04-01",
      "sku": {
        "name": "Standard_LRS"
      },
      "kind": "StorageV2",
      "location": "[parameters('ResourceLocation')]",
      "tags": {},
      "identity": {
        "type": "SystemAssigned"
      },
      "properties": {
        "accessTier": "Hot",
	      "supportsHttpsTrafficOnly": true,
	      "allowBlobPublicAccess": "[parameters('allowBlobPublicAccess')]"
      }
    }
  ],
  "outputs": {
    "StorageAccount": {
      "type": "string",
      "value": "[concat('storage', uniqueString(resourceGroup().id))]"
    }
  }
}