{
  "$schema": "https://schema.management.azure.com/schemas/2019-04-01/deploymentTemplate.json#",
  "contentVersion": "1.0.0.0",
  "parameters": {
    "ResourceLocation": {
      "type": "string",
      "defaultValue": "[resourceGroup().location]",
      "allowedValues": [
        "australiaeast",
        "australiasoutheast",
        "brazilsouth",
        "canadacentral",
        "centralindia",
        "centralus",
        "eastasia",
        "eastus",
        "eastus2",
        "francecentral",
        "japaneast",
        "koreacentral",
        "northeurope",
        "northcentralus",
        "norwayeast",
        "southcentralus",
        "southeastasia",
        "switzerlandnorth",
        "uksouth",
        "usgovvirginia",
        "usgovarizona",
        "uaenorth",
        "westcentralus",
        "westeurope",
        "westus",
        "westus2"
      ],
      "metadata": {
        "description": "Location of resource"
      }
    },
    "LA-AutomationLinkedRegions": {
      "type": "object",
      "defaultValue": {
        "australiaeast": "australiaeast",
        "australiasoutheast": "australiasoutheast",
        "brazilsouth": "brazilsouth",
        "canadacentral": "canadacentral",
        "centralindia": "centralindia",
        "centralus": "centralus",
        "eastasia": "eastasia",
        "eastus": "eastus2",
        "eastus2": "eastus",
        "francecentral": "francecentral",
        "japaneast": "japaneast",
        "koreacentral": "koreacentral",
        "northeurope": "northeurope",
        "northcentralus": "northcentralus",
        "norwayeast": "norwayeast",
        "southcentralus": "southcentralus",
        "southeastasia": "southeastasia",
        "switzerlandnorth": "switzerlandnorth",
        "uksouth": "uksouth",
        "usgovvirginia": "usgovvirginia",
        "usgovarizona": "usgovarizona",
        "uaenorth": "uaenorth",
        "westcentralus": "westcentralus",
        "westeurope": "westeurope",
        "westus": "westus",
        "westus2": "westus2"
      },
      "metadata": {
        "description": "List of mapped Log Analytics regions to Azure Automation Account regions"
      }
    },
    "enableSecurityCenter": {
      "type": "bool",
      "defaultValue": false,
      "allowedValues": [
        true,
        false
      ],
      "metadata": {
        "description": "If 'true' then security center standard will be enabled on the log analytics workspace, and the security solution installed."
      }
    },
    "workspaceName": {
      "type": "string"
    },
    "solutionTypes": {
      "type": "array"
    },
    "actionGroupEmailName": {
      "type": "string",
      "defaultValue": ""
    },
    "actionGroupName": {
      "type": "string",
      "metadata": {
        "description": "Resource Id for the Action group."
      }
    },
    "actionGroupUseCAS": {
      "type": "bool",
      "defaultValue": true
    },
    "Environment": {
      "metadata": {
        "description": "Log Analytics instance: DEV, TEST or PROD"
      },
      "type": "string",
      "allowedValues": [
        "DEV",
        "TEST",
        "PROD",
        "DIAG"
      ]
    },
    "serviceNowToken": {
      "metadata": {
        "description": "Service Now Token - unique for each client."
      },
      "type": "string"
    },
    "actionGroupEmail": {
      "type": "string",
      "defaultValue": ""
    },
    "workspaceRetentionDays": {
      "type": "string",
      "defaultValue": "",
      "metadata": {
        "description": "A workspace retention days"
      }
    },
    "automationAccount": {
      "type": "string"
    },
    "_artifactsLocation": {
      "type": "string"
    },
    "_artifactsLocationSasToken": {
      "type": "securestring"
    },
    "diagnosticSettingName": {
      "type": "string",
      "defaultValue": "DriveTrain",
      "metadata": {
        "discription": "The name of the diagnostic setting"
      }
    },
    "roleNameGuid": {
            "type": "string",
            "defaultValue": "[newGuid()]",
            "metadata": {
                "description": "A new GUID used to identify the role assignment"
            }
        },
    "scheduleTime": {
        "type": "string",
        "defaultValue": "[dateTimeAdd(utcNow('u'), 'PT1H', 'yyyy-MM-dd THH:mm:ss zzzz')]"
    },
    "managementGroupName": {
      "type": "string",
      "metadata": {
        "description": "Management Group Scope - if monitoring management group, otherwise leave empty for single subscription"
      }
    }
  },
  "variables": {
    "actionGroupWebHookName": "[concat('WebHook-', parameters('Environment'))]",
    "actionGroupWebHookEnvironment": "[if(equals(parameters('Environment'), 'PROD'), '', parameters('Environment'))]",
    "actionGroupWebHookUri": "[concat('https://newsignature', variables('actionGroupWebHookEnvironment'),'.service-now.com/api/global/em/ns_inbound_event_azure?token=', parameters('serviceNowToken'))]",
    "actionGroupEmailJson": "[if(equals(parameters('actionGroupEmail'), ''), '', json(concat('[{ \"name\": \"', parameters('actionGroupEmailName') , '\", \"emailAddress\": \"', parameters('actionGroupEmail') ,'\" }]')))]",
    "actionGroupWebHookJson": "[if(equals(parameters('Environment'), 'DIAG'), '', json(concat('[{ \"name\": \"', variables('actionGroupWebHookName') ,'\", \"serviceUri\": \"', variables('actionGroupWebHookUri') ,'\", \"useCommonAlertSchema\": \"', parameters('actionGroupUseCAS') ,'\"}]')))]",
    "sku": "[if(equals(parameters('Environment'), 'PROD'), 'pergb2018', 'pergb2018')]",
    "automationAccounts_externalid": "[concat(resourceGroup().id, '/providers/Microsoft.Automation/automationAccounts/', parameters('automationAccount'))]",
    "automationSku": "[if(equals(parameters('Environment'), 'PROD'), 'basic', 'Free')]",
    "scriptUri": "[concat(parameters('_artifactsLocation'), 'CMDB-ActiveSynch.ps1', parameters('_artifactsLocationSasToken'))]",
    "netAppRunbookscriptUri": "[concat(parameters('_artifactsLocation'), 'Add-NetAppMetricAlert.ps1', parameters('_artifactsLocationSasToken'))]",
    "automationAccountLocation": "[parameters('LA-AutomationLinkedRegions')[tolower(parameters('ResourceLocation'))]]",
    "securityCenterTier": "[If(parameters('enableSecurityCenter'), 'All', 'None')]",
    "WindowsEventLogs": {
      "category": "Windows Event Logs",
      "Details": [
        {
          "name": "Application",
          "eventLogName": "Application"
        },
        {
          "name": "Microsoft-Windows-Backup",
          "eventLogName": "Microsoft-Windows-Backup"
        },
        {
          "name": "Microsoft-Windows-Backup-Operational",
          "eventLogName": "Microsoft-Windows-Backup/Operational"
        },
        {
          "name": "Microsoft-Windows-Ntfs-Operational",
          "eventLogName": "Microsoft-Windows-Ntfs/Operational"
        },
        {
          "name": "DNS-Server",
          "eventLogName": "DNS-Server"
        },
        {
          "name": "Microsoft-Windows-WindowsUpdateClient-Operational",
          "eventLogName": "Microsoft-Windows-WindowsUpdateClient/Operational"
        },
        {
          "name": "MicrosoftAzureRecoveryServicesReplication",
          "eventLogName": "MicrosoftAzureRecoveryServices/Replication"
        },
        {
          "name": "CloudBackup",
          "eventLogName": "CloudBackup/Operational"
        },
        {
          "name": "CloudBackupOperational",
          "eventLogName": "Microsoft-Windows-CloudBackup/Operational"
        },
        {
          "name": "GroupPolicyOperational",
          "eventLogName": "Microsoft-Windows-GroupPolicy/Operational"
        },
        {
          "name": "Setup",
          "eventLogName": "Setup"
        },
        {
          "name": "System",
          "eventLogName": "System"
        },
        {
          "name": "DFS-Replication",
          "eventLogName": "DFS-Replication"
        },
        {
          "name": "DhcpAdminEvents",
          "eventLogName": "DhcpAdminEvents"
        }
      ]
    },
    "WindowsPerformanceCounterLogs": {
      "category": "Windows Performance Counter Logs",
      "Details": [
        {
          "name": "PerfCounter_LogicalDisk-IdleTime",
          "objectName": "LogicalDisk",
          "instanceName": "*",
          "intervalSeconds": 60,
          "counterName": "Idle time"
        },
        {
          "name": "PerfCounter_LogicalDisk-PctFreeSpace",
          "objectName": "LogicalDisk",
          "instanceName": "*",
          "intervalSeconds": 60,
          "counterName": "% Free Space"
        },
        {
          "name": "PerfCounter_LogicalDisk-PctIdleTime",
          "objectName": "LogicalDisk",
          "instanceName": "*",
          "intervalSeconds": 60,
          "counterName": "% Idle time"
        },
        {
          "name": "PerfCounter_LogicalDisk-AvgDiskSecRead",
          "objectName": "LogicalDisk",
          "instanceName": "*",
          "intervalSeconds": 60,
          "counterName": "Avg. Disk sec/Read"
        },
        {
          "name": "PerfCounter_LogicalDisk-AvgDiskSecWrite",
          "objectName": "LogicalDisk",
          "instanceName": "*",
          "intervalSeconds": 60,
          "counterName": "Avg. Disk sec/Write"
        },
        {
          "name": "PerfCounter_LogicalDisk-AvgDiskQueueLength",
          "objectName": "LogicalDisk",
          "instanceName": "*",
          "intervalSeconds": 60,
          "counterName": "Avg. Disk Queue Length"
        },
        {
          "name": "PerfCounter_LogicalDisk-QueueLength",
          "objectName": "LogicalDisk",
          "instanceName": "*",
          "intervalSeconds": 60,
          "counterName": "Current Disk Queue Length"
        },
        {
          "name": "PerfCounter_LogicalDisk-DiskBytesSec",
          "objectName": "LogicalDisk",
          "instanceName": "*",
          "intervalSeconds": 60,
          "counterName": "Disk Bytes/sec"
        },
        {
          "name": "PerfCounter_LogicalDisk-DiskReadsSec",
          "objectName": "LogicalDisk",
          "instanceName": "*",
          "intervalSeconds": 60,
          "counterName": "Disk Reads/sec"
        },
        {
          "name": "PerfCounter_LogicalDisk-DiskTransfersSec",
          "objectName": "LogicalDisk",
          "instanceName": "*",
          "intervalSeconds": 60,
          "counterName": "Disk Transfers/sec"
        },
        {
          "name": "PerfCounter_LogicalDisk-DiskWriteSec",
          "objectName": "LogicalDisk",
          "instanceName": "*",
          "intervalSeconds": 60,
          "counterName": "Disk Writes/sec"
        },
        {
          "name": "PerfCounter_LogicalDisk-FreeMB",
          "objectName": "LogicalDisk",
          "instanceName": "*",
          "intervalSeconds": 60,
          "counterName": "Free Megabytes"
        },
        {
          "name": "PerfCounter_Mem-PctBytesInUse",
          "objectName": "Memory",
          "instanceName": "*",
          "intervalSeconds": 60,
          "counterName": "% Committed Bytes In Use"
        },
        {
          "name": "PerfCounter_Mem-AvailMB",
          "objectName": "Memory",
          "instanceName": "*",
          "intervalSeconds": 60,
          "counterName": "Available MBytes"
        },
        {
          "name": "PerfCounter_Mem-FreeSysPageTables",
          "objectName": "Memory",
          "instanceName": "*",
          "intervalSeconds": 60,
          "counterName": "Free System Page Table Entries"
        },
        {
          "name": "PerfCounter_Mem-PagesSec",
          "objectName": "Memory",
          "instanceName": "*",
          "intervalSeconds": 60,
          "counterName": "Pages/sec"
        },
        {
          "name": "PerfCounter_NetAdapter-BytesRecSec",
          "objectName": "Network Adapter",
          "instanceName": "*",
          "intervalSeconds": 60,
          "counterName": "Bytes Received/sec"
        },
        {
          "name": "PerfCounter_NetAdapter-BytesSentSec",
          "objectName": "Network Adapter",
          "instanceName": "*",
          "intervalSeconds": 60,
          "counterName": "Bytes Sent/sec"
        },
        {
          "name": "PerfCounter_NetAdapter-BytesTotalSec",
          "objectName": "Network Adapter",
          "instanceName": "*",
          "intervalSeconds": 60,
          "counterName": "Bytes Total/sec"
        },
        {
          "name": "PerfCounter_NetInt-BytesTotalSec",
          "objectName": "Network Interface",
          "instanceName": "*",
          "intervalSeconds": 60,
          "counterName": "Bytes Total/sec"
        },
        {
          "name": "PerfCounter_Proc-CPUUtil",
          "objectName": "Processor",
          "instanceName": "*",
          "intervalSeconds": 60,
          "counterName": "CPU Utilization"
        },
        {
          "name": "PerfCounter_Proc-PctProcTime",
          "objectName": "Processor",
          "instanceName": "_Total",
          "intervalSeconds": 60,
          "counterName": "% Processor Time"
        },
        {
          "name": "PerfCounter_System-ProcQueueLength",
          "objectName": "System",
          "instanceName": "*",
          "intervalSeconds": 60,
          "counterName": "Processor Queue Length"
        },
        {
          "name": "SQLLockWait",
          "objectName": "SQLServer:Locks",
          "instanceName": "_Total",
          "intervalSeconds": 900,
          "counterName": "Average Wait Time (ms)"
        }
      ]
    },
    "LinuxSyslog": {
      "category": "Linux SysLogs",
      "Details": [
        {
          "name": "Syslogkern",
          "syslogName": "kern"
        },
        {
          "name": "SyslogSyslog",
          "syslogName": "syslog"
        }
      ]
    }
  },
  "resources": [
    {
      "type": "Microsoft.Insights/actionGroups",
      "apiVersion": "2019-03-01",
      "name": "[parameters('actionGroupName')]",
      "location": "Global",
      "properties": {
        "groupShortName": "[parameters('actionGroupName')]",
        "enabled": true,
        "emailReceivers": "[variables('actionGroupEmailJson')]",
        "webhookReceivers": "[variables('actionGroupWebHookJson')]"
      }
    },
    {
      "apiVersion": "2020-03-01-preview",
      "type": "Microsoft.OperationalInsights/workspaces",
      "name": "[parameters('workspaceName')]",
      "location": "[parameters('ResourceLocation')]",
      "properties": {
        "sku": {
          "name": "[variables('sku')]"
        },
        "retentionInDays": "[parameters('workspaceRetentionDays')]"
      },
      "resources": [
        {
          "type": "linkedServices",
          "apiVersion": "2020-03-01-preview",
          "name": "automation",
          "dependsOn": [
            "[resourceId('microsoft.operationalinsights/workspaces', parameters('workspaceName'))]",
            "[resourceId('Microsoft.Automation/automationAccounts', parameters('automationAccount'))]"
          ],
          "properties": {
            "resourceId": "[variables('automationAccounts_externalid')]"
          }
        }
      ]
    },
    {
      "type": "Microsoft.Automation/automationAccounts/providers/diagnosticSettings",
      "apiVersion": "2017-05-01-preview",
      "name": "[concat(parameters('automationAccount'), '/microsoft.insights/', parameters('diagnosticSettingName'))]",
      "location": "[parameters('ResourceLocation')]",
      "dependsOn": [
        "[parameters('workspaceName')]",
        "[parameters('automationAccount')]"
      ],
      "properties": {
        "workspaceId": "[resourceId('microsoft.operationalinsights/workspaces', parameters('workspaceName'))]",
        "logs": [
          {
            "category": "JobLogs",
            "enabled": true
          },
          {
            "category": "JobStreams",
            "enabled": true
          },
          {
            "category": "DscNodeStatus",
            "enabled": true
          }
        ],
        "metrics": [
          {
            "category": "AllMetrics",
            "enabled": true
          }
        ]
      }
    },
    {
      "name": "[parameters('automationAccount')]",
      "type": "Microsoft.Automation/automationAccounts",
      "apiVersion": "2015-10-31",
      "identity": {
          "type": "SystemAssigned"
      },
      "dependsOn": [
        "[resourceId('microsoft.operationalinsights/workspaces', parameters('workspaceName'))]"
      ],
      "properties": {
        "sku": {
          "name": "[variables('automationSku')]"
        }
      },
      "location": "[variables('automationAccountLocation')]",
      "resources": [
        {
          "name": "CMDBActiveSynch",
          "type": "runbooks",
          "apiVersion": "2015-10-31",
          "condition": "[not(equals(parameters('Environment'), 'DIAG'))]",
          "location": "[variables('automationAccountLocation')]",
          "dependsOn": [
            "[concat('Microsoft.Automation/automationAccounts/', parameters('automationAccount'))]"
          ],
          "properties": {
            "runbookType": "Script",
            "logProgress": false,
            "logVerbose": false,
            "description": "New Signature CMDB Active Synch",
            "publishContentLink": {
              "uri": "[variables('scriptUri')]",
              "version": "1.0.0.0"
            }
          }
        },
        {
          "name": "Az.Accounts",
          "type": "modules",
          "apiVersion": "2020-01-13-preview",
          "location": "[variables('automationAccountLocation')]",
          "dependsOn": [
            "[parameters('automationAccount')]"
          ],
          "properties": {
            "contentLink": {
              "uri": "https://www.powershellgallery.com/api/v2/package/Az.Accounts/2.5.1",
              "version": "2.5.1"
            }
          }
        },
        {
          "name": "Az.Resources",
          "type": "modules",
          "apiVersion": "2020-01-13-preview",
          "location": "[variables('automationAccountLocation')]",
          "dependsOn": [
            "[parameters('automationAccount')]",
            "[resourceId('Microsoft.Automation/automationAccounts/modules/', parameters('automationAccount'), 'Az.Accounts')]"
          ],
          "properties": {
            "contentLink": {
              "uri": "https://www.powershellgallery.com/api/v2/package/Az.Resources/4.2.0",
              "version": "4.2.0"
            }
          }
        },
        {
          "name": "Az.Monitor",
          "type": "modules",
          "apiVersion": "2020-01-13-preview",
          "location": "[variables('automationAccountLocation')]",
          "dependsOn": [
            "[parameters('automationAccount')]",
            "[resourceId('Microsoft.Automation/automationAccounts/modules/', parameters('automationAccount'), 'Az.Accounts')]"
          ],
          "properties": {
            "contentLink": {
              "uri": "https://www.powershellgallery.com/api/v2/package/Az.Monitor/2.6.0",
              "version": "2.6.0"
            }
          }
        },
        {
          "name": "Az.NetAppFiles",
          "type": "modules",
          "apiVersion": "2020-01-13-preview",
          "location": "[variables('automationAccountLocation')]",
          "dependsOn": [
            "[parameters('automationAccount')]",
            "[resourceId('Microsoft.Automation/automationAccounts/modules/', parameters('automationAccount'), 'Az.Accounts')]"
          ],
          "properties": {
            "contentLink": {
              "uri": "https://www.powershellgallery.com/api/v2/package/Az.NetAppFiles/0.6.0",
              "version": "0.6.0"
            }
          }
        },
        {
          "name": "Add-NetAppMetricAlert",
          "type": "runbooks",
          "apiVersion": "2015-10-31",
          "condition": "[not(equals(parameters('Environment'), 'DIAG'))]",
          "location": "[variables('automationAccountLocation')]",
          "dependsOn": [
            "[concat('Microsoft.Automation/automationAccounts/', parameters('automationAccount'))]"
          ],
          "properties": {
            "runbookType": "Script",
            "logProgress": false,
            "logVerbose": false,
            "description": "Add NetApp Metric Alert",
            "publishContentLink": {
              "uri": "[variables('netAppRunbookscriptUri')]",
              "version": "1.0.0.0"
            },
            "parameters":{
              "mgName":"[parameters('managementGroupName')]",
              "rgName":"[resourceGroup().name]",
              "runbookSubId":"[subscription().subscriptionId]"
            }
          }
        },
        {
          "name": "[concat(parameters('automationAccount'), '/', 'createNetAppMetricAlert')]",
          "type": "Microsoft.Automation/automationAccounts/schedules",
          "apiVersion": "2021-04-01",
          "dependsOn": [
            "[concat('Microsoft.Automation/automationAccounts/', parameters('automationAccount'))]",
            "Add-NetAppMetricAlert"
          ],
          "properties": {
            "description": "Starts the Add-NetAppMetricAlert runbooks",
            "expiryTime": "9999-12-31T17:59:00-06:00",
            "isEnabled": true,
            "frequency": "Day",
            "interval": 1,
            "startTime": "[parameters('scheduleTime')]",
            "timeZone": "utc"
          }
        },
        {
          "name": "[concat(parameters('automationAccount'), '/', parameters('roleNameGuid'))]",
          "type": "Microsoft.Automation/automationAccounts/jobSchedules",
          "apiVersion": "2021-04-01",
          "location": "[variables('automationAccountLocation')]",
          "dependsOn": [
            "[resourceId('Microsoft.Automation/automationAccounts', parameters('automationAccount'))]",
            "createNetAppMetricAlert"
          ],
          "properties": {
            "schedule": {
              "name": "createNetAppMetricAlert"
            },
            "runbook": {
              "name": "Add-NetAppMetricAlert"
            },
            "parameters": {
              "mgname" : "[parameters('managementGroupName')]",
              "rgName":"[resourceGroup().name]",
              "runbookSubId":"[subscription().subscriptionId]"
            }
          }
        }
      ]
    },
    {
      "apiVersion": "2020-03-01-preview",
      "type": "Microsoft.OperationalInsights/workspaces/dataSources",
      "name": "[concat(parameters('workspaceName'), '/', variables('WindowsEventLogs').Details[copyIndex()].name)]",
      "kind": "WindowsEvent",
      "dependsOn": [
        "[resourceId('microsoft.operationalinsights/workspaces', parameters('workspaceName'))]"
      ],
      "properties": {
        "eventLogName": "[variables('WindowsEventLogs').Details[copyIndex()].eventLogName]",
        "eventTypes": [
          {
            "eventType": "Error"
          },
          {
            "eventType": "Warning"
          },
          {
            "eventType": "Information"
          }
        ]
      },
      "copy": {
        "name": "windowsEventLogsCopy",
        "count": "[length(variables('WindowsEventLogs').Details)]"
      }
    },
    {
      "apiVersion": "2020-03-01-preview",
      "type": "Microsoft.OperationalInsights/workspaces/dataSources",
      "name": "[concat(parameters('workspaceName'), '/', variables('WindowsPerformanceCounterLogs').Details[copyIndex()].name)]",
      "kind": "WindowsPerformanceCounter",
      "dependsOn": [
        "[resourceId('microsoft.operationalinsights/workspaces', parameters('workspaceName'))]"
      ],
      "properties": {
        "objectName": "[variables('WindowsPerformanceCounterLogs').Details[copyIndex()].objectName]",
        "instanceName": "[variables('WindowsPerformanceCounterLogs').Details[copyIndex()].instanceName]",
        "intervalSeconds": "[variables('WindowsPerformanceCounterLogs').Details[copyIndex()].intervalSeconds]",
        "counterName": "[variables('WindowsPerformanceCounterLogs').Details[copyIndex()].counterName]"
      },
      "copy": {
        "name": "windowsPerformanceCounterLogsCopy",
        "count": "[length(variables('WindowsPerformanceCounterLogs').Details)]"
      }
    },
    {
      "apiVersion": "2020-03-01-preview",
      "type": "Microsoft.OperationalInsights/workspaces/dataSources",
      "name": "[concat(parameters('workspaceName'), '/LinuxPerf')]",
      "kind": "LinuxPerformanceObject",
      "dependsOn": [
        "[resourceId('microsoft.operationalinsights/workspaces', parameters('workspaceName'))]"
      ],
      "properties": {
        "performanceCounters": [
          {
            "counterName": "% Used Inodes"
          },
          {
            "counterName": "Free Megabytes"
          },
          {
            "counterName": "% Used Space"
          },
          {
            "counterName": "Disk Transfers/sec"
          },
          {
            "counterName": "Disk Reads/sec"
          },
          {
            "counterName": "Disk Writes/sec"
          },
          {
            "counterName": "% Used Swap Space"
          }
        ],
        "objectName": "Logical Disk",
        "instanceName": "*",
        "intervalSeconds": 60
      }
    },
    {
      "apiVersion": "2020-03-01-preview",
      "type": "Microsoft.OperationalInsights/workspaces/dataSources",
      "name": "[concat(parameters('workspaceName'), '/LinuxMemory')]",
      "kind": "LinuxPerformanceObject",
      "dependsOn": [
        "[resourceId('microsoft.operationalinsights/workspaces', parameters('workspaceName'))]"
      ],
      "properties": {
        "performanceCounters": [
          {
            "counterName": "% Used Memory"
          },
          {
            "counterName": "Available MBytes Memory"
          },
          {
            "counterName": "% Used Swap Space"
          }
        ],
        "objectName": "Memory",
        "instanceName": "*",
        "intervalSeconds": 60
      }
    },
    {
      "apiVersion": "2020-03-01-preview",
      "type": "Microsoft.OperationalInsights/workspaces/dataSources",
      "name": "[concat(parameters('workspaceName'), '/LinuxProcessor')]",
      "kind": "LinuxPerformanceObject",
      "dependsOn": [
        "[resourceId('microsoft.operationalinsights/workspaces', parameters('workspaceName'))]"
      ],
      "properties": {
        "performanceCounters": [
          {
            "counterName": "% Processor Time"
          }
        ],
        "objectName": "Processor",
        "instanceName": "*",
        "intervalSeconds": 60
      }
    },
    {
      "apiVersion": "2020-03-01-preview",
      "type": "Microsoft.OperationalInsights/workspaces/dataSources",
      "name": "[concat(parameters('workspaceName'), '/LinuxSystem')]",
      "kind": "LinuxPerformanceObject",
      "dependsOn": [
        "[resourceId('microsoft.operationalinsights/workspaces', parameters('workspaceName'))]"
      ],
      "properties": {
        "performanceCounters": [
          {
            "counterName": "Uptime"
          }
        ],
        "objectName": "System",
        "instanceName": "*",
        "intervalSeconds": 60
      }
    },
    {
      "apiVersion": "2020-03-01-preview",
      "type": "Microsoft.OperationalInsights/workspaces/dataSources",
      "name": "[concat(parameters('workspaceName'), '/LinuxPerfCollection')]",
      "kind": "LinuxPerformanceCollection",
      "dependsOn": [
        "[resourceId('microsoft.operationalinsights/workspaces', parameters('workspaceName'))]"
      ],
      "properties": {
        "state": "Enabled"
      }
    },
    {
      "apiVersion": "2020-03-01-preview",
      "type": "Microsoft.OperationalInsights/workspaces/dataSources",
      "name": "[concat(parameters('workspaceName'), '/', variables('LinuxSyslog').Details[copyIndex()].name)]",
      "kind": "LinuxSyslog",
      "dependsOn": [
        "[resourceId('microsoft.operationalinsights/workspaces', parameters('workspaceName'))]"
      ],
      "properties": {
        "syslogName": "[variables('LinuxSyslog').Details[copyIndex()].syslogName]",
        "syslogSeverities": [
          {
            "severity": "emerg"
          },
          {
            "severity": "alert"
          },
          {
            "severity": "crit"
          },
          {
            "severity": "err"
          },
          {
            "severity": "warning"
          },
          {
            "severity": "info"
          }
        ]
      },
      "copy": {
        "name": "linuxSysLogsCopy",
        "count": "[length(variables('LinuxSyslog').Details)]"
      }
    },
    {
      "apiVersion": "2020-03-01-preview",
      "type": "Microsoft.OperationalInsights/workspaces/dataSources",
      "name": "[concat(parameters('workspaceName'), '/sampleSyslogCollection1')]",
      "kind": "LinuxSyslogCollection",
      "dependsOn": [
        "[resourceId('microsoft.operationalinsights/workspaces', parameters('workspaceName'))]"
      ],
      "properties": {
        "state": "Enabled"
      }
    },
    {
      "apiVersion": "2020-03-01-preview",
      "type": "Microsoft.OperationalInsights/workspaces/dataSources",
      "name": "[concat(parameters('workspaceName'), '/SecurityEventCollectionConfiguration')]",
      "condition": "[parameters('enableSecurityCenter')]",
      "kind": "SecurityEventCollectionConfiguration",
      "dependsOn": [
        "[resourceId('microsoft.operationalinsights/workspaces', parameters('workspaceName'))]",
        "solutionsCopy"
      ],
      "properties": {
        "TierSetMethod": "Custom",
        "Tier": "[variables('securityCenterTier')]"
      }
    },
    {
      "id": "[concat(resourceGroup().id, '/providers/Microsoft.OperationsManagement/solutions/', parameters('solutionTypes')[copyIndex()], '(', parameters('workspaceName'), ')')]",
      "type": "Microsoft.OperationsManagement/solutions",
      "name": "[concat(parameters('solutionTypes')[copyIndex()], '(', parameters('workspaceName'), ')')]",
      "apiVersion": "2015-11-01-preview",
      "location": "[parameters('ResourceLocation')]",
      "dependsOn": [
        "[resourceId('microsoft.operationalinsights/workspaces', parameters('workspaceName'))]"
      ],
      "copy": {
        "name": "solutionsCopy",
        "count": "[length(parameters('solutionTypes'))]"
      },
      "plan": {
        "name": "[concat(parameters('solutionTypes')[copyIndex()], '(', parameters('workspaceName'), ')')]",
        "product": "[concat('OMSGallery/', parameters('solutionTypes')[copyIndex()])]",
        "promotionCode": "",
        "publisher": "Microsoft"
      },
      "properties": {
        "workspaceResourceId": "[concat(resourceGroup().id, '/providers/Microsoft.OperationalInsights/workspaces/', parameters('workspaceName'))]"
      }
    }
  ],
  "outputs": {
    "ActionGroup": {
      "type": "string",
      "value": "[resourceId('Microsoft.Insights/actionGroups/', parameters('actionGroupName'))]"
    },
    "workspaceResourceId": {
      "type": "string",
      "value": "[resourceid('Microsoft.OperationalInsights/workspaces/', parameters('workspaceName'))]"
    }
  }
}