{
  "$schema": "https://schema.management.azure.com/schemas/2019-04-01/deploymentTemplate.json#",
  "contentVersion": "1.0.0.0",
  "parameters": {
    "workspaceName": {
      "type": "string"
    },
    "appInsightName": {
      "type": "string"
    }
  },
  "resources": [
  ],
  "outputs": {
    "metricAlerts": {
      "type": "array",
      "value": [
        {
          "name": "VM Availability - Heartbeat Total Less than 3",
          "description": "VM Availability - Heartbeat Total Less than 3",
          "severity": 2,
          "autoMitigate": true,
          "evaluationFrequency": "PT5M",
          "windowSize": "PT5M",
          "criterion": {
            "threshold": 3,
            "name": "Metric1",
            "metricName": "Heartbeat",
            "dimensions": [
              {
                "name": "Computer",
                "operator": "Include",
                "values": [
                  "*"
                ]
              }
            ],
            "operator": "LessThan",
            "timeAggregation": "Total"
          }
        },
        {
          "name": "VM - Low Available MB Memory",
          "description": "VM - Low Available MB Memory",
          "severity": 2,
          "autoMitigate": true,
          "evaluationFrequency": "PT1H",
          "windowSize": "PT1H",
          "criterion": {
            "threshold": 100,
            "name": "Metric1",
            "metricName": "Average_Available MBytes Memory",
            "dimensions": [
              {
                "name": "Computer",
                "operator": "Include",
                "values": [
                  "*"
                ]
              }
            ],
            "operator": "LessThan",
            "timeAggregation": "Minimum"
          }
        },
        {
          "name": "VM Availability - Linux Uptime below threshold",
          "description": "VM Availability - Linux Uptime below threshold",
          "severity": 2,
          "autoMitigate": true,
          "evaluationFrequency": "PT5M",
          "windowSize": "PT15M",
          "criterion": {
            "threshold": 600,
            "name": "Metric1",
            "metricName": "Average_Uptime",
            "dimensions": [
              {
                "name": "Computer",
                "operator": "Include",
                "values": [
                  "*"
                ]
              }
            ],
            "operator": "LessThan",
            "timeAggregation": "Minimum"
          }
        },
        {
          "name": "Linux VM Swap",
          "description": "Linux VM Swap",
          "severity": 2,
          "autoMitigate": true,
          "evaluationFrequency": "PT5M",
          "windowSize": "PT15M",
          "criterion": {
            "threshold": 95,
            "name": "Metric1",
            "metricName": "Average_% Used Swap Space",
            "dimensions": [
              {
                "name": "Computer",
                "operator": "Include",
                "values": [
                  "*"
                ]
              }
            ],
            "operator": "GreaterThan",
            "timeAggregation": "Maximum"
          }
        },
        {
          "name": "Processor utilization is high",
          "description": "Processor utilization is high",
          "severity": 2,
          "autoMitigate": false,
          "evaluationFrequency": "PT1H",
          "windowSize": "PT1H",
          "criterion": {
            "threshold": 90,
            "name": "Metric1",
            "metricName": "Average_% Processor Time",
            "dimensions": [
              {
                "name": "Computer",
                "operator": "Include",
                "values": [
                  "*"
                ]
              }
            ],
            "operator": "GreaterThan",
            "timeAggregation": "Average"
          }
        },
        {
          "name": "Windows Service unexpected error",
          "description": "Windows Service unexpected error",
          "severity": 1,
          "autoMitigate": false,
          "evaluationFrequency": "PT5M",
          "windowSize": "PT5M",
          "criterion": {
            "threshold": 0,
            "name": "Metric1",
            "metricName": "Event",
            "dimensions": [
              {
                "name": "Source",
                "operator": "Include",
                "values": [
                  "Service Control Manager"
                ]
              },
              {
                "name": "EventLog",
                "operator": "Include",
                "values": [
                  "System"
                ]
              },
              {
                "name": "Computer",
                "operator": "Include",
                "values": [
                  "*"
                ]
              },
              {
                "name": "EventID",
                "operator": "Include",
                "values": [
                  "7031",
                  "7024",
                  "7034"
                ]
              }
            ],
            "operator": "GreaterThan",
            "timeAggregation": "Count"
          }
        },
        {
          "name": "Committed Memory percentage is high - Metric",
          "description": "Committed Memory percentage is high - Metric",
          "severity": 1,
          "autoMitigate": true,
          "evaluationFrequency": "PT1H",
          "windowSize": "PT1H",
          "criterion": {
            "threshold": 70,
            "name": "Metric1",
            "metricName": "Average_% Committed Bytes In Use",
            "dimensions": [
              {
                "name": "Computer",
                "operator": "Include",
                "values": [
                  "*"
                ]
              }
            ],
            "operator": "GreaterThan",
            "timeAggregation": "Average"
          }
        },
        {
          "name": "VM - Free disk space percentage warning",
          "description": "VM - Free disk space percentage warning",
          "severity": 1,
          "autoMitigate": true,
          "evaluationFrequency": "PT1H",
          "windowSize": "PT1H",
          "criterion": {
            "threshold": 5,
            "name": "Metric1",
            "metricName": "Average_% Free Space",
            "dimensions": [
              {
                "name": "Computer",
                "operator": "Include",
                "values": [
                  "*"
                ]
              },
              {
                "name": "InstanceName",
                "operator": "Include",
                "values": [
                  "*"
                ]
              }
            ],
            "operator": "LessThanOrEqual",
            "timeAggregation": "Minimum"
          }
        },
        {
          "name": "VM - Free disk space MB critical",
          "description": "VM - Free disk space MB critical",
          "severity": 1,
          "autoMitigate": true,
          "evaluationFrequency": "PT1M",
          "windowSize": "PT5M",
          "criterion": {
            "threshold": 1000,
            "name": "Metric1",
            "metricName": "Average_Free Megabytes",
            "dimensions": [
              {
                "name": "Computer",
                "operator": "Include",
                "values": [
                  "*"
                ]
              },
              {
                "name": "InstanceName",
                "operator": "Include",
                "values": [
                  "*"
                ]
              }
            ],
            "operator": "LessThanOrEqual",
            "timeAggregation": "Minimum"
          }
        },
        {
          "name": "VM Stop Error",
          "description": "VM Stop Error",
          "severity": 1,
          "autoMitigate": true,
          "evaluationFrequency": "PT5M",
          "windowSize": "PT5M",
          "criterion": {
            "threshold": 0,
            "name": "Metric1",
            "metricName": "Event",
            "dimensions": [
              {
                "name": "Source",
                "operator": "Include",
                "values": [
                  "User32"
                ]
              },
              {
                "name": "EventLog",
                "operator": "Include",
                "values": [
                  "System"
                ]
              },
              {
                "name": "Computer",
                "operator": "Include",
                "values": [
                  "*"
                ]
              },
              {
                "name": "EventID",
                "operator": "Include",
                "values": [
                  "1001"
                ]
              }
            ],
            "operator": "GreaterThan",
            "timeAggregation": "Total"
          }
        },
        {
          "name": "VM Availability - Restart or Shutdown Event",
          "description": "VM Availability - Restart or Shutdown Event",
          "severity": 1,
          "autoMitigate": false,
          "evaluationFrequency": "PT5M",
          "windowSize": "PT5M",
          "criterion": {
            "threshold": 0,
            "name": "Metric1",
            "metricName": "Event",
            "dimensions": [
              {
                "name": "Source",
                "operator": "Include",
                "values": [
                  "User32"
                ]
              },
              {
                "name": "EventLog",
                "operator": "Include",
                "values": [
                  "System"
                ]
              },
              {
                "name": "Computer",
                "operator": "Include",
                "values": [
                  "*"
                ]
              },
              {
                "name": "EventID",
                "operator": "Include",
                "values": [
                  "1074"
                ]
              }
            ],
            "operator": "GreaterThan",
            "timeAggregation": "Total"
          }
        },
        {
          "name": "Average Disk Queue length is high",
          "description": "Average Disk Queue length is high",
          "severity": 1,
          "autoMitigate": true,
          "evaluationFrequency": "PT1H",
          "windowSize": "PT1H",
          "criterion": {
            "threshold": 40,
            "name": "Metric1",
            "metricName": "Average_Current Disk Queue Length",
            "dimensions": [
              {
                "name": "Computer",
                "operator": "Include",
                "values": [
                  "*"
                ]
              },
              {
                "name": "InstanceName",
                "operator": "Include",
                "values": [
                  "*"
                ]
              }
            ],
            "operator": "GreaterThan",
            "timeAggregation": "Average"
          }
        },
        {
          "name": "VM - Free disk space percentage critical",
          "description": "VM - Free disk space percentage critical",
          "severity": 1,
          "autoMitigate": true,
          "evaluationFrequency": "PT1H",
          "windowSize": "PT1H",
          "criterion": {
            "threshold": 1,
            "name": "Metric1",
            "metricName": "Average_% Free Space",
            "dimensions": [
              {
                "name": "Computer",
                "operator": "Include",
                "values": [
                  "*"
                ]
              },
              {
                "name": "InstanceName",
                "operator": "Include",
                "values": [
                  "*"
                ]
              }
            ],
            "operator": "LessThanOrEqual",
            "timeAggregation": "Minimum"
          }
        },
        {
          "name": "VM - Free disk space MB warning",
          "description": "VM - Free disk space MB warning",
          "severity": 1,
          "autoMitigate": true,
          "evaluationFrequency": "PT1H",
          "windowSize": "PT1H",
          "criterion": {
            "threshold": 5000,
            "name": "Metric1",
            "metricName": "Average_Free Megabytes",
            "dimensions": [
              {
                "name": "Computer",
                "operator": "Include",
                "values": [
                  "*"
                ]
              },
              {
                "name": "InstanceName",
                "operator": "Include",
                "values": [
                  "*"
                ]
              }
            ],
            "operator": "LessThanOrEqual",
            "timeAggregation": "Minimum"
          }
        }
      ]
    },
    "SQRAlerts": {
      "type": "array",
      "value": [
        {
          "name": "MySQL - Instance was Deleted",
          "description": "MySQL - Instance was Deleted",
          "severity": "0",
          "schedule": {
            "frequency": 30,
            "timeWindow": 30
          },
          "source": {
            "query": "AzureActivity \n| where OperationName == \"Delete MySQL Server\" \n|  where ActivityStatus == \"Succeeded\" and ResourceProvider == \"Microsoft.DBforMySQL\" \n| project EventSubmissionTimestamp, Asset=Resource, ResourceId, OperationId, Caller, ResourceGroup, OperationName",
            "dataSourceId": "[resourceId('microsoft.operationalinsights/workspaces', parameters('workspaceName'))]",
            "queryType": "ResultCount"
          },
          "trigger": {
            "thresholdOperator": "GreaterThan",
            "threshold": "0"
          }
        },
        {
          "name": "MySQL - Instance was Restarted",
          "description": "MySQL - Instance was Restarted",
          "severity": "0",
          "schedule": {
            "frequency": 30,
            "timeWindow": 30
          },
          "source": {
            "query": "AzureActivity \n| where OperationName == \"Restart MySQL Server\" \n|  where ActivityStatus == \"Succeeded\" and ResourceProvider == \"Microsoft.DBforMySQL\" \n| project EventSubmissionTimestamp, Asset=Resource, ResourceId, OperationId, Caller, ResourceGroup, OperationName",
            "dataSourceId": "[resourceId('microsoft.operationalinsights/workspaces', parameters('workspaceName'))]",
            "queryType": "ResultCount"
          },
          "trigger": {
            "thresholdOperator": "GreaterThan",
            "threshold": "0"
          }
        },
        {
          "name": "Security - VM Multiple Account Logon Failure",
          "description": "Security - VM Multiple Account Logon Failure",
          "severity": "1",
          "schedule": {
            "frequency": 5,
            "timeWindow": 5
          },
          "source": {
            "query": "SecurityEvent | where EventID == 4625 | project Asset=Computer, AdditionalData=EventData, TenantId, Activity, MetricValue=EventID, MetricName=\"Event\", TargetAccount | summarize AggregatedValue = count() by TargetAccount, Asset, AdditionalData, TenantId, Activity, MetricValue, MetricName",
            "dataSourceId": "[resourceId('microsoft.operationalinsights/workspaces', parameters('workspaceName'))]",
            "queryType": "ResultCount"
          },
          "trigger": {
            "thresholdOperator": "GreaterThan",
            "threshold": "0"
          }
        },
        {
          "name": "Azure SQL Storage capacity warning",
          "description": "Azure SQL Storage capacity warning",
          "severity": "1",
          "schedule": {
            "frequency": 60,
            "timeWindow": 60
          },
          "source": {
            "query": "AzureMetrics \n| where ResourceProvider==\"MICROSOFT.SQL\" \n| where ResourceId contains \"/DATABASES/\" \n| where MetricName==\"storage_percent\" \n| where TimeGenerated > ago(60m) \n| where Maximum > 75",
            "dataSourceId": "[resourceId('microsoft.operationalinsights/workspaces', parameters('workspaceName'))]",
            "queryType": "ResultCount"
          },
          "trigger": {
            "thresholdOperator": "GreaterThan",
            "threshold": "0"
          }
        },
        {
          "name": "Security - VM Cleared Security Event Logs",
          "description": "Security - VM Cleared Security Event Logs",
          "severity": "1",
          "schedule": {
            "frequency": 5,
            "timeWindow": 5
          },
          "source": {
            "query": "SecurityEvent | where (EventID == 1102 or EventID == 517) and EventSourceName == \"Microsoft-Windows-Eventlog\" | summarize AggregatedValue = count() by  Asset=Computer, AdditionalData=EventData, TenantId, Activity, MetricValue=EventID, MetricName=\"Event\", TargetAccount, EventSourceName",
            "dataSourceId": "[resourceId('microsoft.operationalinsights/workspaces', parameters('workspaceName'))]",
            "queryType": "ResultCount"
          },
          "trigger": {
            "thresholdOperator": "GreaterThan",
            "threshold": "0"
          }
        },
        {
          "name": "Backup - VM MARS Agent Backup Failure",
          "description": "Backup - VM MARS Agent Backup Failure",
          "severity": "1",
          "schedule": {
            "frequency": 60,
            "timeWindow": 60
          },
          "source": {
            "query": "Event | where Source == \"CloudBackup\" | where EventLevelName != \"Information\" | project MetricName=Source, MetricValue=EventID, RenderedDescription , Asset=Computer, Type, EventData, EventLog, TimeGenerated, EventLevelName, UserName",
            "dataSourceId": "[resourceId('microsoft.operationalinsights/workspaces', parameters('workspaceName'))]",
            "queryType": "ResultCount"
          },
          "trigger": {
            "thresholdOperator": "GreaterThan",
            "threshold": "0"
          }
        },
        {
          "name": "VM Availability - VM Stopped in Portal",
          "description": "VM Availability - VM Stopped in Portal",
          "severity": "1",
          "schedule": {
            "frequency": 30,
            "timeWindow": 30
          },
          "source": {
            "query": "AzureActivity | where OperationName == \"Deallocate Virtual Machine\" or OperationName == \"Delete Virtual Machine\" or OperationName == \"Redeploy Virtual Machine\" or OperationName == \"Stop Virtual Machine\" | where ActivityStatus == \"Succeeded\" and ResourceProvider == \"Microsoft.Compute\" | project EventSubmissionTimestamp, ResourceId, OperationId, Caller, ResourceGroup, OperationName",
            "dataSourceId": "[resourceId('microsoft.operationalinsights/workspaces', parameters('workspaceName'))]",
            "queryType": "ResultCount"
          },
          "trigger": {
            "thresholdOperator": "GreaterThan",
            "Threshold": "0"
          }
        },
        {
          "name": "Computer with detected threats",
          "description": "Computer with detected threats",
          "severity": "1",
          "schedule": {
            "frequency": 5,
            "timeWindow": 5
          },
          "source": {
            "query": "ProtectionStatus | where ThreatStatusRank > 199 and ThreatStatusRank != 470 | summarize Rank = max(ThreatStatusRank) by Computer | limit 50000",
            "dataSourceId": "[resourceId('microsoft.operationalinsights/workspaces', parameters('workspaceName'))]",
            "queryType": "ResultCount"
          },
          "trigger": {
            "thresholdOperator": "GreaterThan",
            "threshold": "0"
          }
        },
        {
          "name": "Servers Pending Reboot for Update Installation",
          "description": "Servers Pending Reboot for Update Installation",
          "severity": "3",
          "schedule": {
            "frequency": 1440,
            "timeWindow": 1440
          },
          "source": {
            "query": "WaaSDeploymentStatus | where DetailedStatus == \"Reboot pending\" | summarize DeviceCount = count() by ReleaseName, UpdateCategory, UpdateClassification | render table",
            "dataSourceId": "[resourceId('microsoft.operationalinsights/workspaces', parameters('workspaceName'))]",
            "queryType": "ResultCount"
          },
          "trigger": {
            "thresholdOperator": "GreaterThan",
            "threshold": "0"
          }
        },
        {
          "name": "Updates Pending Restart",
          "description": "Updates Pending Restart",
          "severity": "3",
          "schedule": {
            "frequency": 5,
            "timeWindow": 5
          },
          "source": {
            "query": "UpdateSummary | where RestartPending == True| project TimeGenerated, Asset=Computer, MetricName=\"RestartPending\", MetricValue=RestartPending",
            "dataSourceId": "[resourceId('microsoft.operationalinsights/workspaces', parameters('workspaceName'))]",
            "queryType": "ResultCount"
          },
          "trigger": {
            "thresholdOperator": "GreaterThan",
            "threshold": "0"
          }
        },
        {
          "name": "NET Performance - VPN High bandwidth utilization",
          "description": "NET Performance - VPN High bandwidth utilization",
          "severity": "3",
          "schedule": {
            "frequency": 5,
            "timeWindow": 5
          },
          "source": {
            "query": "AzureMetrics \n| where ResourceProvider == \"MICROSOFT.NETWORK\" \n| where Maximum > 500000000 \n| project MetricName = \"AverageBandwidth\", MetricValue = Maximum, Asset=Resource, Type, ResourceId, SubscriptionId, ResourceGroup, Category, TimeGenerated",
            "dataSourceId": "[resourceId('microsoft.operationalinsights/workspaces', parameters('workspaceName'))]",
            "queryType": "ResultCount"
          },
          "trigger": {
            "thresholdOperator": "GreaterThan",
            "threshold": "0"
          }
        },
        {
          "name": "NET Performance - Expressroute High bandwidth utilization",
          "description": "NET Performance - Expressroute High bandwidth utilization",
          "severity": "2",
          "schedule": {
            "frequency": 5,
            "timeWindow": 5
          },
          "source": {
            "query": "AzureMetrics \n| where ResourceProvider == \"MICROSOFT.NETWORK\" \n| where MetricName == \"BitsOutPerSecond\" or MetricName  == \"BitsInPerSecond\" \n| where Maximum > 90000000 \n| summarize MetricValue = sum(Maximum) by Asset=Resource, MetricName = \"MaxBandwidth\", Type, ResourceId, SubscriptionId, ResourceGroup, Category, bin(TimeGenerated, 5m)",
            "dataSourceId": "[resourceId('microsoft.operationalinsights/workspaces', parameters('workspaceName'))]",
            "queryType": "ResultCount"
          },
          "trigger": {
            "thresholdOperator": "GreaterThan",
            "threshold": "0"
          }
        },
        {
          "name": "SQL Server Availability Group failover",
          "description": "SQL Server Availability Group failover",
          "severity": "2",
          "schedule": {
            "frequency": 5,
            "timeWindow": 5
          },
          "source": {
            "query": "Event \n| where Source == \"MSSQLSERVER\" \n| where EventID == \"26069\" \n| project TimeGenerated, ResourceId = _ResourceId, MetricName = Source, MetricValue = EventID, RenderedDescription, Asset=Computer, Type, EventData, EventLog, EventLevelName, UserName",
            "dataSourceId": "[resourceId('microsoft.operationalinsights/workspaces', parameters('workspaceName'))]",
            "queryType": "ResultCount"
          },
          "trigger": {
            "thresholdOperator": "GreaterThan",
            "threshold": "0"
          }
        },
        {
          "name": "SQL Server Database Backup Failed",
          "description": "SQL Server Database Backup Failed",
          "severity": "1",
          "schedule": {
            "frequency": 5,
            "timeWindow": 5
          },
          "source": {
            "query": "Event \n| where Source == \"MSSQLSERVER\" \n| where EventID == \"3041\" \n| project TimeGenerated, ResourceId = _ResourceId, MetricName=Source, MetricValue = EventID, RenderedDescription, Asset=Computer, Type, EventData, EventLog, EventLevelName, UserName",
            "dataSourceId": "[resourceId('microsoft.operationalinsights/workspaces', parameters('workspaceName'))]",
            "queryType": "ResultCount"
          },
          "trigger": {
            "thresholdOperator": "GreaterThan",
            "threshold": "0"
          }
        },
        {
          "name": "SQL Server Replica role changed",
          "description": "SQL Server Replica role changed",
          "severity": "2",
          "schedule": {
            "frequency": 5,
            "timeWindow": 5
          },
          "source": {
            "query": "Event \n| where Source == \"MSSQLSERVER\" \n| where EventID == \"19406\" \n|  project TimeGenerated, ResourceId = _ResourceId, MetricName = Source, MetricValue = EventID, RenderedDescription, Asset = Computer, Type, EventData, EventLog, EventLevelName, UserName",
            "dataSourceId": "[resourceId('microsoft.operationalinsights/workspaces', parameters('workspaceName'))]",
            "queryType": "ResultCount"
          },
          "trigger": {
            "thresholdOperator": "GreaterThan",
            "threshold": "0"
          }
        },
        {
          "name": "SQL Server logon failed",
          "description": "SQL Server logon failed",
          "severity": "2",
          "schedule": {
            "frequency": 30,
            "timeWindow": 30
          },
          "source": {
            "query": "Event \n| where Source == \"MSSQLSERVER\" \n| where EventID == \"18456\" \n|  project TimeGenerated, ResourceId = _ResourceId, MetricName = Source, MetricValue = EventID, RenderedDescription, Asset = Computer, Type, EventData, EventLog, EventLevelName, UserName \n| summarize count() by bin(TimeGenerated,60m), ResourceId, MetricName, MetricValue, RenderedDescription, Asset, Type, EventLog, EventLevelName, UserName",
            "dataSourceId": "[resourceId('microsoft.operationalinsights/workspaces', parameters('workspaceName'))]",
            "queryType": "ResultCount"
          },
          "trigger": {
            "thresholdOperator": "GreaterThan",
            "threshold": "0"
          }
        },
        {
          "name": "SQL Server agent job failed",
          "description": "SQL Server agent job failed",
          "severity": "3",
          "schedule": {
            "frequency": 5,
            "timeWindow": 5
          },
          "source": {
            "query": "Event \n| where Source == \"SQLSERVERAGENT\" \n| where EventID == \"208\" \n| project TimeGenerated, ResourceId = _ResourceId, MetricName=Source, MetricValue=EventID, RenderedDescription, Asset=Computer, Type, EventData, EventLog, EventLevelName, UserName",
            "dataSourceId": "[resourceId('microsoft.operationalinsights/workspaces', parameters('workspaceName'))]",
            "queryType": "ResultCount"
          },
          "trigger": {
            "thresholdOperator": "GreaterThan",
            "threshold": "0"
          }
        },
        {
          "name": "SQL Server filegroup out of space",
          "description": "SQL Server filegroup out of space",
          "severity": "1",
          "schedule": {
            "frequency": 5,
            "timeWindow": 5
          },
          "source": {
            "query": "Event \n| where Source == \"MSSQLSERVER\" \n| where EventID == \"1101\" \n| project TimeGenerated, ResourceId = _ResourceId, MetricName=Source, MetricValue=EventID, RenderedDescription, Asset=Computer, Type, EventData, EventLog, EventLevelName, UserName",
            "dataSourceId": "[resourceId('microsoft.operationalinsights/workspaces', parameters('workspaceName'))]",
            "queryType": "ResultCount"
          },
          "trigger": {
            "thresholdOperator": "GreaterThan",
            "threshold": "0"
          }
        },
        {
          "name": "SQL Lock Wait Time high",
          "description": "SQL Lock Wait Time high",
          "severity": "1",
          "schedule": {
            "frequency": 5,
            "timeWindow": 5
          },
          "source": {
            "query": "Perf \n| where ObjectName == \"SQLServer:Locks\" \n| where CounterName == \"Average Wait Time (ms)\" \n| where CounterValue > 500 \n| project TimeGenerated, Asset = Computer, ResourceId = _ResourceId, MetricName = CounterName, MetricValue = CounterValue, AdditionalData = CounterPath",
            "dataSourceId": "[resourceId('microsoft.operationalinsights/workspaces', parameters('workspaceName'))]",
            "queryType": "ResultCount"
          },
          "trigger": {
            "thresholdOperator": "GreaterThan",
            "threshold": "0"
          }
        },
        {
          "name": "VM Application fault",
          "description": "VM Application fault",
          "severity": "3",
          "schedule": {
            "frequency": 5,
            "timeWindow": 5
          },
          "source": {
            "query": "Event \n| where EventLog == \"Application\" \n| where EventID == \"1000\" \n| project TimeGenerated, ResourceId = _ResourceId, MetricName = Source, MetricValue = EventID, RenderedDescription, Asset=Computer, Type, EventData, EventLog, EventLevelName, UserName",
            "dataSourceId": "[resourceId('microsoft.operationalinsights/workspaces', parameters('workspaceName'))]",
            "queryType": "ResultCount"
          },
          "trigger": {
            "thresholdOperator": "GreaterThan",
            "threshold": "0"
          }
        },
        {
          "name": "VM Availability - Unexpected Shutdown",
          "description": "VM Availability - Unexpected Shutdown",
          "severity": "1",
          "schedule": {
            "frequency": 5,
            "timeWindow": 5
          },
          "source": {
            "query": "Event \n| where EventLog == \"System\" \n| where EventID == \"6008\" \n| project TimeGenerated, ResourceId = _ResourceId, MetricName=Source, MetricValue=EventID, RenderedDescription, Asset=Computer, Type, EventData, EventLog, EventLevelName, UserName",
            "dataSourceId": "[resourceId('microsoft.operationalinsights/workspaces', parameters('workspaceName'))]",
            "queryType": "ResultCount"
          },
          "trigger": {
            "thresholdOperator": "GreaterThan",
            "threshold": "0"
          }
        },
        {
          "name": "Missing endpoint protection",
          "description": "Missing endpoint protection",
          "severity": "2",
          "schedule": {
            "frequency": 1440,
            "timeWindow": 1440
          },
          "source": {
            "query": "ProtectionStatus \n| where ProtectionStatusRank == '470' or ProtectionStatusRank == '450' or ProtectionStatusRank == '270' \n| project TimeGenerated, Asset=Computer, AdditionalData=TypeofProtection, ResourceId, Metric = \"ProtectionStatus\", MetricValue = ThreatStatusRank",
            "dataSourceId": "[resourceId('microsoft.operationalinsights/workspaces', parameters('workspaceName'))]",
            "queryType": "ResultCount"
          },
          "trigger": {
            "thresholdOperator": "GreaterThan",
            "threshold": "0"
          }
        },
        {
          "name": "Local security group changed",
          "description": "Local security group changed",
          "severity": "2",
          "schedule": {
            "frequency": 5,
            "timeWindow": 5
          },
          "source": {
            "query": "SecurityEvent \n| where EventID == '4735' or EventID == '4733' or EventID == '4732' \n| where Channel == 'Security' \n| where SubjectAccount !endswith \"$\" \n| project Asset=Computer, AdditionalData=Activity, MetricValue=EventID, MetricName='SecurityEvent', ResourceId=_ResourceId, TimeGenerated, SubjectAccount, SubjectDomainName, TargetAccount",
            "dataSourceId": "[resourceId('microsoft.operationalinsights/workspaces', parameters('workspaceName'))]",
            "queryType": "ResultCount"
          },
          "trigger": {
            "thresholdOperator": "GreaterThan",
            "threshold": "0"
          }
        },
        {
          "name": "VM availability",
          "description": "VM availability",
          "severity": "2",
          "schedule": {
            "frequency": 5,
            "timeWindow": 5
          },
          "source": {
            "query": "Heartbeat | where TimeGenerated > ago(1h) | summarize LastHeartbeat = max(TimeGenerated) by Computer | where isnotempty(Computer) | where LastHeartbeat < ago(5m)",
            "dataSourceId": "[resourceId('microsoft.operationalinsights/workspaces', parameters('workspaceName'))]",
            "queryType": "ResultCount"
          },
          "trigger": {
            "thresholdOperator": "GreaterThan",
            "threshold": "0"
          }
        },
        {
          "name": "NTFS Errors",
          "description": "NTFS Errors",
          "severity": "2",
          "schedule": {
            "frequency": 5,
            "timeWindow": 5
          },
          "source": {
            "query": "Event \n| where Source == \"Microsoft-Windows-Ntfs\" \n| where EventLevelName == \"error\" \n| project TimeGenerated, ResourceId = _ResourceId, MetricName = Source, MetricValue = EventID, RenderedDescription, Asset=Computer, Type, EventData, EventLog, EventLevelName, UserName",
            "dataSourceId": "[resourceId('microsoft.operationalinsights/workspaces', parameters('workspaceName'))]",
            "queryType": "ResultCount"
          },
          "trigger": {
            "thresholdOperator": "GreaterThan",
            "threshold": "0"
          }
        },
        {
          "name": "Linux free disk space",
          "description": "Linux free disk space",
          "severity": "2",
          "schedule": {
            "frequency": 5,
            "timeWindow": 5
          },
          "source": {
            "query": "Perf | where ObjectName == \"Logical Disk\" | where CounterName == \"Free Megabytes\" | where InstanceName !contains \"boot\" | where CounterValue < 1000",
            "dataSourceId": "[resourceId('microsoft.operationalinsights/workspaces', parameters('workspaceName'))]",
            "queryType": "ResultCount"
          },
          "trigger": {
            "thresholdOperator": "GreaterThan",
            "threshold": "0"
          }
        },
        {
          "name": "Active Directory GPO lookup failure",
          "description": "Active Directory GPO lookup failure",
          "severity": "2",
          "schedule": {
            "frequency": 5,
            "timeWindow": 5
          },
          "source": {
            "query": "Event \n| where Source == \"Microsoft-Windows-GroupPolicy\" and EventID == \"1030\" \n| project TimeGenerated, ResourceId = _ResourceId, MetricName = Source, MetricValue = EventID, RenderedDescription, Asset=Computer, Type, EventData, EventLog, EventLevelName, UserName",
            "dataSourceId": "[resourceId('microsoft.operationalinsights/workspaces', parameters('workspaceName'))]",
            "queryType": "ResultCount"
          },
          "trigger": {
            "thresholdOperator": "GreaterThan",
            "threshold": "0"
          }
        },
        {
          "name": "Azure Site Recovery Critical Health",
          "description": "Azure Site Recovery Critical Health",
          "severity": "1",
          "schedule": {
            "frequency": 5,
            "timeWindow": 5
          },
          "source": {
            "query": "AzureDiagnostics | where SourceSystem == \"Azure\" and Level == \"Critical\" and OperationName == \"AzureSiteRecoveryEvents\" | project TimeGenerated, ResourceId, SubscriptionId, MetricName=Category, MetricValue=description_s, AdditionalData=healthErrors_s, Asset=Resource, affectedResourceName_s",
            "dataSourceId": "[resourceId('microsoft.operationalinsights/workspaces', parameters('workspaceName'))]",
            "queryType": "ResultCount"
          },
          "trigger": {
            "thresholdOperator": "GreaterThan",
            "threshold": "0"
          }
        },
        {
          "name": "Backup - Azure VM Managed Backup Failure",
          "description": "Backup - Azure VM Managed Backup Failure",
          "severity": "2",
          "schedule": {
            "frequency": 60,
            "timeWindow": 60
          },
          "source": {
            "query": "AzureDiagnostics | where OperationName  == \"Job\" and JobOperation_s == \"Backup\" and JobStatus_s == \"Failed\" | project MetricName=BackupManagementType_s , Level, BackupItemUniqueId_s , Type, ResourceId, Asset=Resource, JobOperation_s, MetricValue=JobStatus_s, Category, TimeGenerated",
            "dataSourceId": "[resourceId('microsoft.operationalinsights/workspaces', parameters('workspaceName'))]",
            "queryType": "ResultCount"
          },
          "trigger": {
            "thresholdOperator": "GreaterThan",
            "threshold": "0"
          }
        },
        {
          "name": "Azure SQL Delete Activity",
          "description": "Azure SQL Delete Activity",
          "severity": "1",
          "schedule": {
            "frequency": 60,
            "timeWindow": 60
          },
          "source": {
            "query": "AzureActivity \n| where OperationName == \"Delete SQL database\"  or OperationName == \"Delete SQL server\" \n| where ActivityStatus == \"Accepted\" and ResourceProvider == \"Microsoft SQL\" \n| project EventSubmissionTimestamp , Asset=ResourceId, OperationId, Caller, ResourceGroup, OperationName",
            "dataSourceId": "[resourceId('microsoft.operationalinsights/workspaces', parameters('workspaceName'))]",
            "queryType": "ResultCount"
          },
          "trigger": {
            "thresholdOperator": "GreaterThan",
            "threshold": "0"
          }
        },
        {
          "name": "NET Availability - VPN Connectivity State Change",
          "description": "NET Availability - VPN Connectivity State Change",
          "severity": "2",
          "schedule": {
            "frequency": 5,
            "timeWindow": 5
          },
          "source": {
            "query": "AzureDiagnostics |  where status_s == \"Disconnected\" or status_s == \"Connected\" and ResourceProvider == \"MICROSOFT.NETWORK\"\n| project status_s, instance_s, stateChangeReason_s, isNATed_b, tunnelType_s, remoteIP_s, MetricValue=OperationName, ResourceProvider, Asset=Resource, MetricName=ResourceType, Type, ResourceId, SubscriptionId, ResourceGroup, Category, TimeGenerated",
            "dataSourceId": "[resourceId('microsoft.operationalinsights/workspaces', parameters('workspaceName'))]",
            "queryType": "ResultCount"
          },
          "trigger": {
            "thresholdOperator": "GreaterThan",
            "threshold": "0"
          }
        },
        {
          "name": "New Azure Virtual Machine Created",
          "description": "New Azure Virtual Machine Created",
          "severity": "3",
          "schedule": {
            "frequency": 60,
            "timeWindow": 60
          },
          "source": {
            "query": "AzureActivity \n| where OperationName == \"Create or Update Virtual Machine\" \n| where ActivityStatus == \"Succeeded\" and ResourceProvider == \"Microsoft.Compute\" \n| project EventSubmissionTimestamp, Asset=ResourceId, OperationId, Caller, ResourceGroup, OperationName",
            "dataSourceId": "[resourceId('microsoft.operationalinsights/workspaces', parameters('workspaceName'))]",
            "queryType": "ResultCount"
          },
          "trigger": {
            "thresholdOperator": "GreaterThan",
            "threshold": "0"
          }
        },
        {
          "name": "DataFactory - Instance was Deleted",
          "description": "DataFactory - Instance was Deleted",
          "severity": "0",
          "schedule": {
            "frequency": 30,
            "timeWindow": 30
          },
          "source": {
            "query": "AzureActivity \n| where OperationName == \"Delete Data Factory\" \n|  where ActivityStatus == \"Succeeded\" and ResourceProvider == \"Microsoft.DATAFACTORY\" \n| project EventSubmissionTimestamp, Asset=Resource, ResourceId, OperationId, Caller, ResourceGroup, OperationName",
            "dataSourceId": "[resourceId('microsoft.operationalinsights/workspaces', parameters('workspaceName'))]",
            "queryType": "ResultCount"
          },
          "trigger": {
            "thresholdOperator": "GreaterThan",
            "threshold": "0"
          }
        },
        {
          "name": "Application Insights - Web Test Availability",
          "description": "Application Insights - Web Test Availability",
          "severity": "1",
          "schedule": {
            "frequency": 5,
            "timeWindow": 5
          },
          "source": {
            "query": "availabilityResults \n| where  message !=\"Passed\" \n| project name, success, timestamp, location, message, duration, itemType, appId, appName, itemCount, Asset= strcat(name, \"-\", appName) \n| summarize AggregatedValue=count(success) by name, Asset, bin(timestamp, 5m), success, location, message, duration, MetricName=itemType, appId, MetricValue=itemCount, Resource=appName",
            "dataSourceId": "[resourceId('microsoft.insights/components', parameters('appInsightName'))]",
            "queryType": "ResultCount"
          },
          "trigger": {
            "thresholdOperator": "GreaterThan",
            "threshold": "3"
          }
        },
        {
          "name": "Application Insights - Web Test HTTP 5xx Errors",
          "description": "Application Insights - Web Test HTTP 5xx Errors",
          "severity": "1",
          "schedule": {
            "frequency": 5,
            "timeWindow": 5
          },
          "source": {
            "query": "requests \n| where  resultCode startswith \"5\" \n| project url, success, timestamp, itemType, appId, appName, itemCount, Asset= strcat(name, \"-\", appName), resultCode \n| summarize AggregatedValue=count(resultCode) by  Asset, bin(timestamp, 5m), success, url, MetricName=itemType, appId, MetricValue=itemCount, Resource=appName, resultCode",
            "dataSourceId": "[resourceId('microsoft.insights/components', parameters('appInsightName'))]",
            "queryType": "ResultCount"
          },
          "trigger": {
            "thresholdOperator": "GreaterThan",
            "threshold": "0"
          }
        },
        {
          "name": "Application Insights - Web Test HTTP 4xx Errors",
          "description": "Application Insights - Web Test HTTP 4xx Errors",
          "severity": "1",
          "schedule": {
            "frequency": 5,
            "timeWindow": 5
          },
          "source": {
            "query": "requests \n| where resultCode startswith \"4\" \n| project url, success, timestamp, itemType, appId, appName, itemCount, Asset= strcat(name, \"-\", appName), resultCode \n| summarize AggregatedValue=count(resultCode) by Asset, bin(timestamp, 5m), success, url, MetricName=itemType, appId, MetricValue=itemCount, Resource=appName, resultCode",
            "dataSourceId": "[resourceId('microsoft.insights/components', parameters('appInsightName'))]",
            "queryType": "ResultCount"
          },
          "trigger": {
            "thresholdOperator": "GreaterThan",
            "threshold": "0"
          }
        },
        {
          "name": "Application Insights - Web Test Latency",
          "description": "Application Insights - Web Test Latency",
          "severity": "1",
          "schedule": {
            "frequency": 5,
            "timeWindow": 5
          },
          "source": {
            "query": "availabilityResults \n| where  message ==\"Passed\" \n| project name, success, timestamp, location, message, duration, itemType, appId, appName, itemCount, Asset= strcat(name, \"-\", appName)  \n| summarize AggregatedValue=min(duration) by name, Asset, bin(timestamp, 5m), success, location, message, duration, MetricName=itemType, appId, MetricValue=itemCount, Resource=appName \n| where AggregatedValue > 500",
            "dataSourceId": "[resourceId('microsoft.insights/components', parameters('appInsightName'))]",
            "queryType": "ResultCount"
          },
          "trigger": {
            "thresholdOperator": "GreaterThan",
            "threshold": "0"
          }
        },
        {
          "name": "AAS Server was Deleted",
          "description": "AAS Server was Deleted",
          "severity": "0",
          "schedule": {
            "frequency": 30,
            "timeWindow": 30
          },
          "source": {
            "query": "AzureActivity \n| where OperationNameValue == \"Microsoft.AnalysisServices/servers/delete\" and ActivityStatusValue == \"Succeeded\" \n| project EventSubmissionTimestamp, Asset=Resource, ResourceId, OperationId, Caller, ResourceGroup, OperationName",
            "dataSourceId": "[resourceId('microsoft.operationalinsights/workspaces', parameters('workspaceName'))]",
            "queryType": "ResultCount"
          },
          "trigger": {
            "thresholdOperator": "GreaterThan",
            "threshold": "0"
          }
        },
        {
          "name": "AAS Server was Suspended",
          "description": "AAS Server was Suspended",
          "severity": "0",
          "schedule": {
            "frequency": 30,
            "timeWindow": 30
          },
          "source": {
            "query": "AzureActivity \n| where OperationNameValue == \"Microsoft.AnalysisServices/servers/suspend/action\" and ActivityStatusValue == \"Succeeded\" \n| project EventSubmissionTimestamp, Asset=Resource, ResourceId, OperationId, Caller, ResourceGroup, OperationName",
            "dataSourceId": "[resourceId('microsoft.operationalinsights/workspaces', parameters('workspaceName'))]",
            "queryType": "ResultCount"
          },
          "trigger": {
            "thresholdOperator": "GreaterThan",
            "threshold": "0"
          }
        },
        {
          "name": "Automation Account Runbook Job Fails",
          "description": "Automation Account Runbook Job Fails",
          "severity": "2",
          "schedule": {
            "frequency": 15,
            "timeWindow": 15
          },
          "source": {
            "query": "AzureDiagnostics \n| where resourceprovider == \"MICROSOFT.AUTOMATION\" and Category == \"JobLogs\" and (ResultType == \"Failed\" or \"Suspended\") \n | summarize AggregatedValue = count() by RunbookName_s",
            "dataSourceId": "[resourceId('microsoft.operationalinsights/workspaces', parameters('workspaceName'))]",
            "queryType": "ResultCount"
          },
          "trigger": {
            "thresholdOperator": "GreaterThan",
            "threshold": "0"
          }
        },
        {
          "name": "Azure Data Factory Pipeline has failed",
          "description": "Azure Data Factory Pipeline has failed",
          "severity": "2",
          "schedule": {
            "frequency": 15,
            "timeWindow": 15
          },
          "source": {
            "query": "ADFActivityRun \n| where Status == \"Failed\" \n| where ErrorMessage !contains \"Activity failed because an inner activity failed\" \n| project TimeGenerated, ResourceId, OuterMessage=PipelineName, Activity=OperationName, InnerMostMessage=ErrorMessage, AdditionalData=PipelineRunId",
            "dataSourceId": "[resourceId('microsoft.operationalinsights/workspaces', parameters('workspaceName'))]",
            "queryType": "ResultCount"
          },
          "trigger": {
            "thresholdOperator": "GreaterThan",
            "threshold": "0"
          }
        }
      ]
    },
    "SQRMetrics": {
      "type": "array",
      "value": [
        {
          "name": "API Manager Unauthorized Requests",
          "description": "API Manager Unauthorized Requests",
          "severity": "2",
          "schedule": {
            "frequency": 15,
            "timeWindow": 15
          },
          "source": {
            "query": "AzureMetrics \n| where ResourceProvider == \"MICROSOFT.APIMANAGEMENT\" and MetricName == \"UnauthorizedRequests\" \n| summarize AggregatedValue=max(Maximum) by bin(TimeGenerated,15m), SubscriptionId, ResourceId, Asset=Resource, MetricName='UnauthorizedRequests'",
            "dataSourceId": "[resourceId('microsoft.operationalinsights/workspaces', parameters('workspaceName'))]",
            "queryType": "ResultCount"
          },
          "trigger": {
            "thresholdOperator": "GreaterThan",
            "threshold": "15"
          },
          "metricTrigger": {
            "thresholdOperator": "GreaterThan",
            "threshold": "0",
            "metricTriggerType": "Consecutive",
            "metricColumn": "ResourceId"
          }
        },
        {
          "name": "API Manager Failed Requests",
          "description": "API Manager Failed Requests",
          "severity": "2",
          "schedule": {
            "frequency": 15,
            "timeWindow": 15
          },
          "source": {
            "query": "AzureMetrics \n| where ResourceProvider == \"MICROSOFT.APIMANAGEMENT\" and MetricName == \"FailedRequests\" \n| summarize AggregatedValue=max(Maximum) by bin(TimeGenerated,15m), SubscriptionId, ResourceId, Asset = Resource, MetricName = 'FailedRequests'",
            "dataSourceId": "[resourceId('microsoft.operationalinsights/workspaces', parameters('workspaceName'))]",
            "queryType": "ResultCount"
          },
          "trigger": {
            "thresholdOperator": "GreaterThan",
            "threshold": "15"
          },
          "metricTrigger": {
            "thresholdOperator": "GreaterThan",
            "threshold": "0",
            "metricTriggerType": "Consecutive",
            "metricColumn": "ResourceId"
          }
        },
        {
          "name": "API Manager Capacity high",
          "description": "API Manager Capacity high",
          "severity": "2",
          "schedule": {
            "frequency": 5,
            "timeWindow": 5
          },
          "source": {
            "query": "AzureMetrics \n| where ResourceProvider == \"MICROSOFT.APIMANAGEMENT\"  \n| where MetricName == \"Capacity\" \n| summarize AggregatedValue=max(Maximum) by bin(TimeGenerated,5m), SubscriptionId, ResourceId, Asset=Resource, MetricName='Capacity'",
            "dataSourceId": "[resourceId('microsoft.operationalinsights/workspaces', parameters('workspaceName'))]",
            "queryType": "ResultCount"
          },
          "trigger": {
            "thresholdOperator": "GreaterThan",
            "threshold": "95"
          },
          "metricTrigger": {
            "thresholdOperator": "GreaterThan",
            "threshold": "0",
            "metricTriggerType": "Consecutive",
            "metricColumn": "ResourceId"
          }
        },
        {
          "name": "Application Gateway Failed Requests",
          "description": "Application Gateway Failed Requests",
          "severity": "1",
          "schedule": {
            "frequency": 5,
            "timeWindow": 5
          },
          "source": {
            "query": "AzureMetrics \n| where ResourceProvider == \"MICROSOFT.NETWORK\"  \n| where MetricName == \"FailedRequests\" \n| summarize AggregatedValue=sum(Count) by bin(TimeGenerated,5m), SubscriptionId, ResourceId, Asset=Resource, MetricName = 'FailedRequests'",
            "dataSourceId": "[resourceId('microsoft.operationalinsights/workspaces', parameters('workspaceName'))]",
            "queryType": "ResultCount"
          },
          "trigger": {
            "thresholdOperator": "GreaterThan",
            "threshold": "20"
          },
          "metricTrigger": {
            "thresholdOperator": "GreaterThan",
            "threshold": "5",
            "metricTriggerType": "Consecutive",
            "metricColumn": "ResourceId"
          }
        },
        {
          "name": "Web High CPU Time",
          "description": "Web Application CPU Time over 95%",
          "severity": "2",
          "schedule": {
            "frequency": 5,
            "timeWindow": 5
          },
          "source": {
            "query": "AzureMetrics \n| where ResourceProvider == \"MICROSOFT.WEB\" \n| where MetricName == \"CpuTime\" \n| summarize AggregatedValue=avg(Average) by bin(TimeGenerated,5m), SubscriptionId, ResourceId, Asset=Resource, MetricName=\"CpuTime\"",
            "dataSourceId": "[resourceId('microsoft.operationalinsights/workspaces', parameters('workspaceName'))]",
            "queryType": "ResultCount"
          },
          "trigger": {
            "thresholdOperator": "GreaterThan",
            "threshold": "95"
          },
          "metricTrigger": {
            "thresholdOperator": "GreaterThan",
            "threshold": "3",
            "metricTriggerType": "Consecutive",
            "metricColumn": "ResourceId"
          }
        },
        {
          "name": "Web High CPU Percentage",
          "description": "Web Application CPU over 95%",
          "severity": "2",
          "schedule": {
            "frequency": 5,
            "timeWindow": 5
          },
          "source": {
            "query": "AzureMetrics \n| where ResourceProvider == \"MICROSOFT.WEB\" \n| where MetricName == \"CpuPercentage\" \n| summarize AggregatedValue=avg(Average) by bin(TimeGenerated,5m), SubscriptionId, ResourceId, Asset=Resource, MetricName=\"CPUPercentage\"",
            "dataSourceId": "[resourceId('microsoft.operationalinsights/workspaces', parameters('workspaceName'))]",
            "queryType": "ResultCount"
          },
          "trigger": {
            "thresholdOperator": "GreaterThan",
            "threshold": "95"
          },
          "metricTrigger": {
            "thresholdOperator": "GreaterThan",
            "threshold": "3",
            "metricTriggerType": "Consecutive",
            "metricColumn": "ResourceId"
          }
        },
        {
          "name": "Web High Memory Percentage",
          "description": "Web Application Memory over 95%",
          "severity": "2",
          "schedule": {
            "frequency": 5,
            "timeWindow": 5
          },
          "source": {
            "query": "AzureMetrics \n| where ResourceProvider == \"MICROSOFT.WEB\" \n| where MetricName == \"MemoryPercentage\" \n| summarize AggregatedValue=avg(Average) by bin(TimeGenerated, 5m), SubscriptionId, ResourceId, Asset=Resource, MetricName=\"MemoryPercentage\"",
            "dataSourceId": "[resourceId('microsoft.operationalinsights/workspaces', parameters('workspaceName'))]",
            "queryType": "ResultCount"
          },
          "trigger": {
            "thresholdOperator": "GreaterThan",
            "threshold": "95"
          },
          "metricTrigger": {
            "thresholdOperator": "GreaterThan",
            "threshold": "3",
            "metricTriggerType": "Consecutive",
            "metricColumn": "ResourceId"
          }
        },
        {
          "name": "Web High Disk Queue Length",
          "description": "Web Application disk queue length over 40",
          "severity": "2",
          "schedule": {
            "frequency": 5,
            "timeWindow": 5
          },
          "source": {
            "query": "AzureMetrics \n| where ResourceProvider == \"MICROSOFT.WEB\" \n| where MetricName == \"DiskQueueLength\" \n| summarize AggregatedValue=avg(Average) by bin(TimeGenerated,5m), SubscriptionId, ResourceId, Asset=Resource, MetricName=\"DiskQueueLength\"",
            "dataSourceId": "[resourceId('microsoft.operationalinsights/workspaces', parameters('workspaceName'))]",
            "queryType": "ResultCount"
          },
          "trigger": {
            "thresholdOperator": "GreaterThan",
            "threshold": "40"
          },
          "metricTrigger": {
            "thresholdOperator": "GreaterThan",
            "threshold": "5",
            "metricTriggerType": "Consecutive",
            "metricColumn": "ResourceId"
          }
        },
        {
          "name": "Web High HTTP Queue Length",
          "description": "Web High HTTP queue length over 50",
          "severity": "1",
          "schedule": {
            "frequency": 5,
            "timeWindow": 5
          },
          "source": {
            "query": "AzureMetrics \n| where ResourceProvider == \"MICROSOFT.WEB\" \n| where MetricName == \"HttpQueueLength\" \n| summarize AggregatedValue=avg(Average) by bin(TimeGenerated,5m), SubscriptionId, ResourceId, Asset=Resource, MetricName='HttpQueueLength'",
            "dataSourceId": "[resourceId('microsoft.operationalinsights/workspaces', parameters('workspaceName'))]",
            "queryType": "ResultCount"
          },
          "trigger": {
            "thresholdOperator": "GreaterThan",
            "threshold": "500"
          },
          "metricTrigger": {
            "thresholdOperator": "GreaterThan",
            "threshold": "5",
            "metricTriggerType": "Consecutive",
            "metricColumn": "ResourceId"
          }
        },
        {
          "name": "Azure SQL storage quota above threshold",
          "description": "Azure SQL storage quota above threshold",
          "severity": "2",
          "schedule": {
            "frequency": 5,
            "timeWindow": 5
          },
          "source": {
            "query": "AzureMetrics \n| where ResourceProvider==\"MICROSOFT.SQL\" \n| where MetricName==\"storage_percent\" \n| summarize AggregatedValue = max(Maximum) by bin(TimeGenerated, 5m), TimeGenerated, MetricName, Asset=Resource, ResourceId, SubscriptionId",
            "dataSourceId": "[resourceId('microsoft.operationalinsights/workspaces', parameters('workspaceName'))]",
            "queryType": "ResultCount"
          },
          "trigger": {
            "thresholdOperator": "GreaterThan",
            "threshold": "80"
          },
          "metricTrigger": {
            "thresholdOperator": "GreaterThan",
            "threshold": "0",
            "metricTriggerType": "Consecutive",
            "metricColumn": "ResourceId"
          }
        },
        {
          "name": "Azure SQL log write iops above threshold",
          "description": "Azure SQL log write iops above threshold",
          "severity": "2",
          "schedule": {
            "frequency": 5,
            "timeWindow": 5
          },
          "source": {
            "query": "AzureMetrics\n| where ResourceProvider==\"MICROSOFT.SQL\" \n| where MetricName==\"log_write_percent\" \n| summarize AggregatedValue = max(Maximum) by bin(TimeGenerated, 5m), TimeGenerated, MetricName, Asset=Resource, ResourceId, SubscriptionId",
            "dataSourceId": "[resourceId('microsoft.operationalinsights/workspaces', parameters('workspaceName'))]",
            "queryType": "ResultCount"
          },
          "trigger": {
            "thresholdOperator": "GreaterThan",
            "threshold": "75"
          },
          "metricTrigger": {
            "thresholdOperator": "GreaterThan",
            "threshold": "0",
            "metricTriggerType": "Consecutive",
            "metricColumn": "ResourceId"
          }
        },
        {
          "name": "Azure SQL oltp storage quota above threshold",
          "description": "Azure SQL oltp storage quota above threshold",
          "severity": "2",
          "schedule": {
            "frequency": 5,
            "timeWindow": 5
          },
          "source": {
            "query": "AzureMetrics\n| where ResourceProvider==\"MICROSOFT.SQL\" \n| where MetricName==\"xtp_storage_percent\"\n| summarize AggregatedValue = max(Maximum) by bin(TimeGenerated, 5m), TimeGenerated, MetricName, Asset=Resource, ResourceId, SubscriptionId",
            "dataSourceId": "[resourceId('microsoft.operationalinsights/workspaces', parameters('workspaceName'))]",
            "queryType": "ResultCount"
          },
          "trigger": {
            "thresholdOperator": "GreaterThan",
            "threshold": "90"
          },
          "metricTrigger": {
            "thresholdOperator": "GreaterThan",
            "threshold": "0",
            "metricTriggerType": "Consecutive",
            "metricColumn": "ResourceId"
          }
        },
        {
          "name": "Azure SQL read IOPS above threshold",
          "description": "Azure SQL read IOPS above threshold",
          "severity": "2",
          "schedule": {
            "frequency": 5,
            "timeWindow": 5
          },
          "source": {
            "query": "AzureMetrics \n| where ResourceProvider==\"MICROSOFT.SQL\" \n| where MetricName==\"physical_data_read_percent\" \n| summarize AggregatedValue = max(Maximum) by bin(TimeGenerated, 5m), TimeGenerated, MetricName, Asset=Resource, ResourceId, SubscriptionId",
            "dataSourceId": "[resourceId('microsoft.operationalinsights/workspaces', parameters('workspaceName'))]",
            "queryType": "ResultCount"
          },
          "trigger": {
            "thresholdOperator": "GreaterThan",
            "threshold": "75"
          },
          "metricTrigger": {
            "thresholdOperator": "GreaterThan",
            "threshold": "0",
            "metricTriggerType": "Consecutive",
            "metricColumn": "ResourceId"
          }
        },
        {
          "name": "Azure SQL sessions above threshold",
          "description": "Azure SQL sessions above threshold",
          "severity": "2",
          "schedule": {
            "frequency": 5,
            "timeWindow": 5
          },
          "source": {
            "query": "AzureMetrics \n| where ResourceProvider==\"MICROSOFT.SQL\" \n| where MetricName==\"sessions_percent\" \n| summarize AggregatedValue = max(Maximum) by bin(TimeGenerated, 5m), TimeGenerated, MetricName, Asset=Resource, ResourceId, SubscriptionId",
            "dataSourceId": "[resourceId('microsoft.operationalinsights/workspaces', parameters('workspaceName'))]",
            "queryType": "ResultCount"
          },
          "trigger": {
            "thresholdOperator": "GreaterThan",
            "threshold": "80"
          },
          "metricTrigger": {
            "thresholdOperator": "GreaterThan",
            "threshold": "0",
            "metricTriggerType": "Consecutive",
            "metricColumn": "ResourceId"
          }
        },
        {
          "name": "Azure SQL workers above threshold",
          "description": "Azure SQL workers above threshold",
          "severity": "2",
          "schedule": {
            "frequency": 5,
            "timeWindow": 5
          },
          "source": {
            "query": "AzureMetrics \n| where ResourceProvider==\"MICROSOFT.SQL\" \n| where MetricName==\"workers_percent\" \n| summarize AggregatedValue = max(Maximum) by bin(TimeGenerated, 5m), TimeGenerated, MetricName, Asset=Resource, ResourceId, SubscriptionId",
            "dataSourceId": "[resourceId('microsoft.operationalinsights/workspaces', parameters('workspaceName'))]",
            "queryType": "ResultCount"
          },
          "trigger": {
            "thresholdOperator": "GreaterThan",
            "threshold": "80"
          },
          "metricTrigger": {
            "thresholdOperator": "GreaterThan",
            "threshold": "0",
            "metricTriggerType": "Consecutive",
            "metricColumn": "ResourceId"
          }
        },
        {
          "name": "SQL CPU Percentage High",
          "description": "SQL CPU Percentage High",
          "severity": "1",
          "schedule": {
            "frequency": 5,
            "timeWindow": 5
          },
          "source": {
            "query": "AzureMetrics \n| where ResourceProvider == \"MICROSOFT.SQL\"  \n| where MetricName == \"cpu_percent\" \n| summarize AggregatedValue=avg(Maximum) by bin(TimeGenerated,5m),SubscriptionId, ResourceId, Asset=Resource, MetricName=\"cpu_percent\"",
            "dataSourceId": "[resourceId('microsoft.operationalinsights/workspaces', parameters('workspaceName'))]",
            "queryType": "ResultCount"
          },
          "trigger": {
            "thresholdOperator": "GreaterThan",
            "threshold": "95"
          },
          "metricTrigger": {
            "thresholdOperator": "GreaterThan",
            "threshold": "5",
            "metricTriggerType": "Consecutive",
            "metricColumn": "ResourceId"
          }
        },
        {
          "name": "SQL Connection Failed",
          "description": "SQL Connection Failed",
          "severity": "0",
          "schedule": {
            "frequency": 5,
            "timeWindow": 5
          },
          "source": {
            "query": "AzureMetrics \n| where ResourceProvider == \"MICROSOFT.SQL\"  \n| where MetricName == \"connection_failed\" \n| summarize AggregatedValue=avg(Maximum) by bin(TimeGenerated,5m),SubscriptionId, ResourceId, Asset=Resource, MetricName=\"connection_failed\"",
            "dataSourceId": "[resourceId('microsoft.operationalinsights/workspaces', parameters('workspaceName'))]",
            "queryType": "ResultCount"
          },
          "trigger": {
            "thresholdOperator": "GreaterThan",
            "threshold": "5"
          },
          "metricTrigger": {
            "thresholdOperator": "GreaterThan",
            "threshold": "0",
            "metricTriggerType": "Consecutive",
            "metricColumn": "ResourceId"
          }
        },
        {
          "name": "SQL High DTU",
          "description": "SQL High DTU",
          "severity": "1",
          "schedule": {
            "frequency": 5,
            "timeWindow": 5
          },
          "source": {
            "query": "AzureMetrics \n| where ResourceProvider==\"MICROSOFT.SQL\" \n| where MetricName==\"dtu_consumption_percent\" \n| summarize AggregatedValue = max(Maximum) by bin(TimeGenerated, 5m), TimeGenerated, MetricName, Asset=Resource, ResourceId, SubscriptionId",
            "dataSourceId": "[resourceId('microsoft.operationalinsights/workspaces', parameters('workspaceName'))]",
            "queryType": "ResultCount"
          },
          "trigger": {
            "thresholdOperator": "GreaterThan",
            "Threshold": "75"
          },
          "metricTrigger": {
            "thresholdOperator": "GreaterThan",
            "threshold": "3",
            "metricTriggerType": "Consecutive",
            "metricColumn": "ResourceId"
          }
        },
        {
          "name": "Azure SQL - Managed Instance CPU Utilization High",
          "description": "Azure SQL - Managed Instance CPU Utilization High",
          "severity": "2",
          "schedule": {
            "frequency": 60,
            "timeWindow": 60
          },
          "source": {
            "query": "AzureDiagnostics \n| where ResourceProvider == \"MICROSOFT.SQL\" and ResourceType == \"MANAGEDINSTANCES\" \n| project MetricValue= toreal(avg_cpu_percent_s), ResourceId, Category, SKU_s, LogicalServerName_s, TimeGenerated, TenantId, SubscriptionId, Type, ResourceType, Asset=Resource, MetricName = \"avg_cpu_percent\" \n| summarize AggregatedValue = max(MetricValue) by ResourceId, Category, SKU_s, LogicalServerName_s, TimeGenerated, TenantId, SubscriptionId, Type, ResourceType, Asset, MetricName, bin(TimeGenerated,60m)",
            "dataSourceId": "[resourceId('microsoft.operationalinsights/workspaces', parameters('workspaceName'))]",
            "queryType": "ResultCount"
          },
          "trigger": {
            "thresholdOperator": "GreaterThan",
            "threshold": "85"
          },
          "metricTrigger": {
            "thresholdOperator": "GreaterThan",
            "threshold": "0",
            "metricTriggerType": "Consecutive",
            "metricColumn": "ResourceId"
          }
        },
        {
          "name": "Azure SQL - Managed Instance Storage Quota Consumption",
          "description": "Azure SQL - Managed Instance Storage Quota Consumption",
          "severity": "2",
          "schedule": {
            "frequency": 60,
            "timeWindow": 60
          },
          "source": {
            "query": "AzureDiagnostics \n| where ResourceProvider == \"MICROSOFT.SQL\" and ResourceType == \"MANAGEDINSTANCES\" \n| project MetricValue= toreal(storage_space_used_mb_s) / toreal(reserved_storage_mb_s) * 100 , ResourceId, Category, SKU_s, LogicalServerName_s, TimeGenerated , TenantId, SubscriptionId , Type, ResourceType, Asset=Resource, MetricName = \"StorageQuotaPct\" \n|  summarize AggregatedValue = max(MetricValue) by  ResourceId, Category, SKU_s, LogicalServerName_s, TimeGenerated , TenantId, SubscriptionId , Type, ResourceType, Asset, MetricName, bin(TimeGenerated,60m)",
            "dataSourceId": "[resourceId('microsoft.operationalinsights/workspaces', parameters('workspaceName'))]",
            "queryType": "ResultCount"
          },
          "trigger": {
            "thresholdOperator": "GreaterThan",
            "threshold": "85"
          },
          "metricTrigger": {
            "thresholdOperator": "GreaterThan",
            "threshold": "0",
            "metricTriggerType": "Consecutive",
            "metricColumn": "ResourceId"
          }
        },
        {
          "name": "MySQL - High Database Storage Quota",
          "description": "MySQL - High Database Storage Quota",
          "severity": "2",
          "schedule": {
            "frequency": 5,
            "timeWindow": 5
          },
          "source": {
            "query": "AzureMetrics \n| where ResourceProvider  == \"MICROSOFT.DBFORMYSQL\" \n| where MetricName == \"storage_percent\" \n| summarize  AggregatedValue = max(Maximum) by bin(TimeGenerated,5m), SubscriptionId, ResourceId, Asset=Resource, MetricName",
            "dataSourceId": "[resourceId('microsoft.operationalinsights/workspaces', parameters('workspaceName'))]",
            "queryType": "ResultCount"
          },
          "trigger": {
            "thresholdOperator": "GreaterThan",
            "threshold": "75"
          },
          "metricTrigger": {
            "thresholdOperator": "GreaterThan",
            "threshold": "0",
            "metricTriggerType": "Consecutive",
            "metricColumn": "ResourceId"
          }
        },
        {
          "name": "MySQL - High Log Storage Quota",
          "description": "MySQL - High Log Storage Quota",
          "severity": "2",
          "schedule": {
            "frequency": 5,
            "timeWindow": 5
          },
          "source": {
            "query": "AzureMetrics \n| where ResourceProvider  == \"MICROSOFT.DBFORMYSQL\" \n| where MetricName == \"serverlog_storage_percent\" \n| summarize  AggregatedValue = max(Maximum) by bin(TimeGenerated,5m), SubscriptionId, ResourceId, Asset=Resource, MetricName",
            "dataSourceId": "[resourceId('microsoft.operationalinsights/workspaces', parameters('workspaceName'))]",
            "queryType": "ResultCount"
          },
          "trigger": {
            "thresholdOperator": "GreaterThan",
            "threshold": "75"
          },
          "metricTrigger": {
            "thresholdOperator": "GreaterThan",
            "threshold": "0",
            "metricTriggerType": "Consecutive",
            "metricColumn": "ResourceId"
          }
        },
        {
          "name": "MySQL - High CPU Percentage",
          "description": "MySQL - High CPU Percentage",
          "severity": "2",
          "schedule": {
            "frequency": 5,
            "timeWindow": 30
          },
          "source": {
            "query": "AzureMetrics \n| where ResourceProvider  == \"MICROSOFT.DBFORMYSQL\" \n| where MetricName == \"cpu_percent\" \n| summarize  AggregatedValue = avg(Average) by bin(TimeGenerated,5m), SubscriptionId, ResourceId, Asset=Resource, MetricName",
            "dataSourceId": "[resourceId('microsoft.operationalinsights/workspaces', parameters('workspaceName'))]",
            "queryType": "ResultCount"
          },
          "trigger": {
            "thresholdOperator": "GreaterThan",
            "threshold": "95"
          },
          "metricTrigger": {
            "thresholdOperator": "GreaterThan",
            "threshold": "0",
            "metricTriggerType": "Consecutive",
            "metricColumn": "ResourceId"
          }
        },
        {
          "name": "MySQL - Failed Connections",
          "description": "MySQL - Failed Connections",
          "severity": "2",
          "schedule": {
            "frequency": 5,
            "timeWindow": 5
          },
          "source": {
            "query": "AzureMetrics \n| where ResourceProvider == \"MICROSOFT.DBFORMYSQL\" \n| where MetricName == \"connections_failed\" \n| summarize AggregatedValue=sum(Total) by bin(TimeGenerated,5m), SubscriptionId, ResourceId, Asset=Resource, MetricName",
            "dataSourceId": "[resourceId('microsoft.operationalinsights/workspaces', parameters('workspaceName'))]",
            "queryType": "ResultCount"
          },
          "trigger": {
            "thresholdOperator": "GreaterThan",
            "Threshold": "5"
          },
          "metricTrigger": {
            "thresholdOperator": "GreaterThan",
            "threshold": "5",
            "metricTriggerType": "Consecutive",
            "metricColumn": "ResourceId"
          }
        },
        {
          "name": "MySQL - High IO Consumption",
          "description": "MySQL - High IO Consumption",
          "severity": "2",
          "schedule": {
            "frequency": 5,
            "timeWindow": 5
          },
          "source": {
            "query": "AzureMetrics \n| where ResourceProvider  == \"MICROSOFT.DBFORMYSQL\" \n| where MetricName == \"io_consumption_percent\" \n| summarize  AggregatedValue = max(Maximum) by bin(TimeGenerated,5m), SubscriptionId, ResourceId, Asset=Resource, MetricName",
            "dataSourceId": "[resourceId('microsoft.operationalinsights/workspaces', parameters('workspaceName'))]",
            "queryType": "ResultCount"
          },
          "trigger": {
            "thresholdOperator": "GreaterThan",
            "threshold": "75"
          },
          "metricTrigger": {
            "thresholdOperator": "GreaterThan",
            "threshold": "0",
            "metricTriggerType": "Consecutive",
            "metricColumn": "ResourceId"
          }
        },
        {
          "name": "MySQL - High Memory Percentage",
          "description": "MySQL - High Memory Percentage",
          "severity": "1",
          "schedule": {
            "frequency": 5,
            "timeWindow": 30
          },
          "source": {
            "query": " AzureMetrics \n| where ResourceProvider  == \"MICROSOFT.DBFORMYSQL\" \n| where MetricName == \"memory_percent\" \n| summarize  AggregatedValue = avg(Average) by bin(TimeGenerated,5m), SubscriptionId, ResourceId, Asset=Resource, MetricName",
            "dataSourceId": "[resourceId('microsoft.operationalinsights/workspaces', parameters('workspaceName'))]",
            "queryType": "ResultCount"
          },
          "trigger": {
            "thresholdOperator": "GreaterThan",
            "threshold": "95"
          },
          "metricTrigger": {
            "thresholdOperator": "GreaterThan",
            "threshold": "4",
            "metricTriggerType": "Consecutive",
            "metricColumn": "ResourceId"
          }
        },
        {
          "name": "Failed Activity Run Threshold Breached",
          "description": "Failed Activity Run Threshold Breached",
          "severity": "1",
          "schedule": {
            "frequency": 5,
            "timeWindow": 5
          },
          "source": {
            "query": "AzureMetrics \n| where ResourceProvider == \"MICROSOFT.DATAFACTORY\" and MetricName == \"ActivityFailedRuns\" \n| summarize AggregatedValue=sum(Total) by bin(TimeGenerated,5m), SubscriptionId, ResourceId, Asset=Resource, MetricName = 'ActivityFailedRuns'",
            "dataSourceId": "[resourceId('microsoft.operationalinsights/workspaces', parameters('workspaceName'))]",
            "queryType": "ResultCount"
          },
          "trigger": {
            "thresholdOperator": "GreaterThan",
            "threshold": "0"
          },
          "metricTrigger": {
            "thresholdOperator": "GreaterThan",
            "threshold": "0",
            "metricTriggerType": "Consecutive",
            "metricColumn": "ResourceId"
          }
        },
        {
          "name": "Failed Trigger Run Threshold Breached",
          "description": "Failed Trigger Run Threshold Breached",
          "severity": "1",
          "schedule": {
            "frequency": 5,
            "timeWindow": 5
          },
          "source": {
            "query": "AzureMetrics \n| where ResourceProvider == \"MICROSOFT.DATAFACTORY\" and MetricName == \"TriggerFailedRuns\" \n| summarize AggregatedValue=sum(Total) by bin(TimeGenerated,5m), SubscriptionId, ResourceId, Asset=Resource, MetricName = 'TriggerFailedRuns'",
            "dataSourceId": "[resourceId('microsoft.operationalinsights/workspaces', parameters('workspaceName'))]",
            "queryType": "ResultCount"
          },
          "trigger": {
            "thresholdOperator": "GreaterThan",
            "threshold": "0"
          },
          "metricTrigger": {
            "thresholdOperator": "GreaterThan",
            "threshold": "0",
            "metricTriggerType": "Consecutive",
            "metricColumn": "ResourceId"
          }
        },
        {
          "name": "DataFactory - High CPU Percentage",
          "description": "DataFactory - High CPU Percentage",
          "severity": "2",
          "schedule": {
            "frequency": 5,
            "timeWindow": 5
          },
          "source": {
            "query": "AzureMetrics \n| where ResourceProvider  == \"MICROSOFT.DATAFACTORY\" \n| where MetricName == \"IntegrationRuntimeCpuPercentage\" \n| summarize  AggregatedValue = avg(Average) by bin(TimeGenerated,5m), SubscriptionId, ResourceId, Asset=Resource, MetricName",
            "dataSourceId": "[resourceId('microsoft.operationalinsights/workspaces', parameters('workspaceName'))]",
            "queryType": "ResultCount"
          },
          "trigger": {
            "thresholdOperator": "GreaterThan",
            "Threshold": "95"
          },
          "metricTrigger": {
            "thresholdOperator": "GreaterThan",
            "threshold": "3",
            "metricTriggerType": "Consecutive",
            "metricColumn": "ResourceId"
          }
        }
      ]
    }
  }
}
