{
  "MetricAlerts": {
    "category": "Metric Alerts",
    "Details": [
      {
        "name": "MA01_deployment",
        "Alert_autoMitigateTrueFalse": {
          "value": true
        },
        "Alert_criterion": {
          "value": {
            "threshold": 3,
            "name": "Metric1",
            "metricName": "Heartbeat",
            "dimensions": [
              {
                "name": "Computer",
                "operator": "Include",
                "values": [
                  "*"
                ]
              }
            ],
            "operator": "LessThan",
            "timeAggregation": "Total"
          }
        },
        "Alert_description": {
          "value": "VM Availability - Heartbeat Total Less than 3"
        },
        "Alert_evaluationFrequency": {
          "value": "PT5M"
        },
        "Alert_name": {
          "value": "VM Availability - Heartbeat Total Less than 3"
        },
        "Alert_Severity": {
          "value": 2
        },
        "Alert_windowSize": {
          "value": "PT5M"
        }
      },
      {
        "name": "MA02_deployment",
        "Alert_autoMitigateTrueFalse": {
          "value": true
        },
        "Alert_criterion": {
          "value": {
            "threshold": 100,
            "name": "Metric1",
            "metricName": "Average_Available MBytes Memory",
            "dimensions": [
              {
                "name": "Computer",
                "operator": "Include",
                "values": [
                  "*"
                ]
              }
            ],
            "operator": "LessThan",
            "timeAggregation": "Minimum"
          }
        },
        "Alert_description": {
          "value": "VM - Low Available MB Memory"
        },
        "Alert_evaluationFrequency": {
          "value": "PT1H"
        },
        "Alert_name": {
          "value": "VM - Low Available MB Memory"
        },
        "Alert_Severity": {
          "value": 2
        },
        "Alert_windowSize": {
          "value": "PT1H"
        }
      },
      {
        "name": "MA03_deployment",
        "Alert_autoMitigateTrueFalse": {
          "value": true
        },
        "Alert_criterion": {
          "value": {
            "threshold": 600,
            "name": "Metric1",
            "metricName": "Average_Uptime",
            "dimensions": [
              {
                "name": "Computer",
                "operator": "Include",
                "values": [
                  "*"
                ]
              }
            ],
            "operator": "LessThan",
            "timeAggregation": "Minimum"
          }
        },
        "Alert_description": {
          "value": "VM Availability - Linux Uptime below threshold"
        },
        "Alert_evaluationFrequency": {
          "value": "PT5M"
        },
        "Alert_name": {
          "value": "VM Availability - Linux Uptime below threshold"
        },
        "Alert_Severity": {
          "value": 2
        },
        "Alert_windowSize": {
          "value": "PT15M"
        }
      },
      {
        "name": "MA04_deployment",
        "Alert_autoMitigateTrueFalse": {
          "value": true
        },
        "Alert_criterion": {
          "value": {
            "threshold": 95,
            "name": "Metric1",
            "metricName": "Average_% Used Swap Space",
            "dimensions": [
              {
                "name": "Computer",
                "operator": "Include",
                "values": [
                  "*"
                ]
              }
            ],
            "operator": "GreaterThan",
            "timeAggregation": "Maximum"
          }
        },
        "Alert_description": {
          "value": "Linux VM Swap"
        },
        "Alert_evaluationFrequency": {
          "value": "PT5M"
        },
        "Alert_name": {
          "value": "Linux VM Swap"
        },
        "Alert_Severity": {
          "value": 2
        },
        "Alert_windowSize": {
          "value": "PT15M"
        }
      },
      {
        "name": "MA14_deployment",
        "Alert_autoMitigateTrueFalse": {
          "value": false
        },
        "Alert_criterion": {
          "value": {
            "threshold": 90,
            "name": "Metric1",
            "metricName": "Average_% Processor Time",
            "dimensions": [
              {
                "name": "Computer",
                "operator": "Include",
                "values": [
                  "*"
                ]
              }
            ],
            "operator": "GreaterThan",
            "timeAggregation": "Average"
          }
        },
        "Alert_description": {
          "value": "Processor utilization is high"
        },
        "Alert_evaluationFrequency": {
          "value": "PT1H"
        },
        "Alert_name": {
          "value": "Processor utilization is high"
        },
        "Alert_Severity": {
          "value": 2
        },
        "Alert_windowSize": {
          "value": "PT1H"
        }
      },
      {
        "name": "MA19_deployment",
        "Alert_autoMitigateTrueFalse": {
          "value": false
        },
        "Alert_criterion": {
          "value": {
            "threshold": 0,
            "name": "Metric1",
            "metricName": "Event",
            "dimensions": [
              {
                "name": "Source",
                "operator": "Include",
                "values": [
                  "Service Control Manager"
                ]
              },
              {
                "name": "EventLog",
                "operator": "Include",
                "values": [
                  "System"
                ]
              },
              {
                "name": "Computer",
                "operator": "Include",
                "values": [
                  "*"
                ]
              },
              {
                "name": "EventID",
                "operator": "Include",
                "values": [
                  "7031",
                  "7024",
                  "7034"
                ]
              }
            ],
            "operator": "GreaterThan",
            "timeAggregation": "Count"
          }
        },
        "Alert_description": {
          "value": "Windows Service unexpected error"
        },
        "Alert_evaluationFrequency": {
          "value": "PT5M"
        },
        "Alert_name": {
          "value": "Windows Service unexpected error"
        },
        "Alert_Severity": {
          "value": 1
        },
        "Alert_windowSize": {
          "value": "PT5M"
        }
      },
      {
        "name": "MA13_deployment",
        "Alert_autoMitigateTrueFalse": {
          "value": true
        },
        "Alert_criterion": {
          "value": {
            "threshold": 70,
            "name": "Metric1",
            "metricName": "Average_% Committed Bytes In Use",
            "dimensions": [
              {
                "name": "Computer",
                "operator": "Include",
                "values": [
                  "*"
                ]
              }
            ],
            "operator": "GreaterThan",
            "timeAggregation": "Average"
          }
        },
        "Alert_description": {
          "value": "Committed Memory percentage is high - Metric"
        },
        "Alert_evaluationFrequency": {
          "value": "PT1H"
        },
        "Alert_name": {
          "value": "Committed Memory percentage is high - Metric"
        },
        "Alert_Severity": {
          "value": 1
        },
        "Alert_windowSize": {
          "value": "PT1H"
        }
      },
      {
        "name": "MA11_deployment",
        "Alert_autoMitigateTrueFalse": {
          "value": true
        },
        "Alert_criterion": {
          "value": {
            "threshold": 5,
            "name": "Metric1",
            "metricName": "Average_% Free Space",
            "dimensions": [
              {
                "name": "Computer",
                "operator": "Include",
                "values": [
                  "*"
                ]
              },
              {
                "name": "InstanceName",
                "operator": "Include",
                "values": [
                  "*"
                ]
              }
            ],
            "operator": "LessThanOrEqual",
            "timeAggregation": "Minimum"
          }
        },
        "Alert_description": {
          "value": "Logical Disk Free Space Percentage Low"
        },
        "Alert_evaluationFrequency": {
          "value": "PT1H"
        },
        "Alert_name": {
          "value": "Logical Disk Free Space Percentage Low"
        },
        "Alert_Severity": {
          "value": 1
        },
        "Alert_windowSize": {
          "value": "PT1H"
        }
      },
      {
        "name": "MA12_deployment",
        "Alert_autoMitigateTrueFalse": {
          "value": true
        },
        "Alert_criterion": {
          "value": {
            "threshold": 1000,
            "name": "Metric1",
            "metricName": "Average_Free Megabytes",
            "dimensions": [
              {
                "name": "Computer",
                "operator": "Include",
                "values": [
                  "*"
                ]
              },
              {
                "name": "InstanceName",
                "operator": "Include",
                "values": [
                  "*"
                ]
              }
            ],
            "operator": "LessThanOrEqual",
            "timeAggregation": "Minimum"
          }
        },
        "Alert_description": {
          "value": "VM Availability - Disk Free MB Low"
        },
        "Alert_evaluationFrequency": {
          "value": "PT1M"
        },
        "Alert_name": {
          "value": "VM Availability - Disk Free MB Low"
        },
        "Alert_Severity": {
          "value": 1
        },
        "Alert_windowSize": {
          "value": "PT5M"
        }
      },
      {
        "name": "MA26_deployment",
        "Alert_autoMitigateTrueFalse": {
          "value": true
        },
        "Alert_criterion": {
          "value": {
            "threshold": 0,
            "name": "Metric1",
            "metricName": "Event",
            "dimensions": [
              {
                "name": "Source",
                "operator": "Include",
                "values": [
                  "User32"
                ]
              },
              {
                "name": "EventLog",
                "operator": "Include",
                "values": [
                  "System"
                ]
              },
              {
                "name": "Computer",
                "operator": "Include",
                "values": [
                  "*"
                ]
              },
              {
                "name": "EventID",
                "operator": "Include",
                "values": [
                  "1001"
                ]
              }
            ],
            "operator": "GreaterThan",
            "timeAggregation": "Total"
          }
        },
        "Alert_description": {
          "value": "VM Stop Error"
        },
        "Alert_evaluationFrequency": {
          "value": "PT5M"
        },
        "Alert_name": {
          "value": "VM Stop Error"
        },
        "Alert_Severity": {
          "value": 1
        },
        "Alert_windowSize": {
          "value": "PT5M"
        }
      },
      {
        "name": "MA25_deployment",
        "Alert_autoMitigateTrueFalse": {
          "value": false
        },
        "Alert_criterion": {
          "value": {
            "threshold": 0,
            "name": "Metric1",
            "metricName": "Event",
            "dimensions": [
              {
                "name": "Source",
                "operator": "Include",
                "values": [
                  "User32"
                ]
              },
              {
                "name": "EventLog",
                "operator": "Include",
                "values": [
                  "System"
                ]
              },
              {
                "name": "Computer",
                "operator": "Include",
                "values": [
                  "*"
                ]
              },
              {
                "name": "EventID",
                "operator": "Include",
                "values": [
                  "1074"
                ]
              }
            ],
            "operator": "GreaterThan",
            "timeAggregation": "Total"
          }
        },
        "Alert_description": {
          "value": "VM Availability - Restart or Shutdown Event"
        },
        "Alert_evaluationFrequency": {
          "value": "PT5M"
        },
        "Alert_name": {
          "value": "VM Availability - Restart or Shutdown Event"
        },
        "Alert_Severity": {
          "value": 1
        },
        "Alert_windowSize": {
          "value": "PT5M"
        }
      },
      {
        "name": "MA12_deployment",
        "Alert_autoMitigateTrueFalse": {
          "value": true
        },
        "Alert_criterion": {
          "value": {
            "threshold": 40,
            "name": "Metric1",
            "metricName": "Average_Current Disk Queue Length",
            "dimensions": [
              {
                "name": "Computer",
                "operator": "Include",
                "values": [
                  "*"
                ]
              },
              {
                "name": "InstanceName",
                "operator": "Include",
                "values": [
                  "*"
                ]
              }
            ],
            "operator": "GreaterThan",
            "timeAggregation": "Average"
          }
        },
        "Alert_description": {
          "value": "Average Disk Queue length is high"
        },
        "Alert_evaluationFrequency": {
          "value": "PT1H"
        },
        "Alert_name": {
          "value": "Average Disk Queue length is high"
        },
        "Alert_Severity": {
          "value": 1
        },
        "Alert_windowSize": {
          "value": "PT1H"
        }
      }
    ]
  },
  "SQRAlerts": {
    "category": "Other similar alerts are grouped in this object. These alerts are from SQR, SQL, VM, NTFS, Windows, Linux, WebApp, ActiveDirectory, Api Manager",
    "Details": [
      {
        "name": "MySQL01",
        "SeverityLevel": {
          "value": "0"
        },
        "Alert_description": {
          "value": "MySQL - Instance was Deleted"
        },
        "Alert_name": {
          "value": "MySQL - Instance was Deleted"
        },
        "Alert_Schedule": {
          "value": {
            "Frequency": 30,
            "Time": 30
          }
        },
        "Alert_Source": {
          "value": {
            "Query": "AzureActivity \n| where OperationName == \"Delete MySQL Server\" \n|  where ActivityStatus == \"Succeeded\" and ResourceProvider == \"Microsoft.DBforMySQL\" \n| project EventSubmissionTimestamp, Asset=Resource, ResourceId, OperationId, Caller, ResourceGroup, OperationName",
            "SourceId": "[resourceId('microsoft.operationalinsights/workspaces', parameters('workspaceName'))]",
            "Type": "ResultCount"
          }
        },
        "Alert_Trigger": {
          "value": {
            "Operator": "GreaterThan",
            "Threshold": "0"
          }
        }
      },
      {
        "name": "MySQL02",
        "SeverityLevel": {
          "value": "0"
        },
        "Alert_description": {
          "value": "MySQL - Instance was Restarted"
        },
        "Alert_name": {
          "value": "MySQL - Instance was Restarted"
        },
        "Alert_Schedule": {
          "value": {
            "Frequency": 30,
            "Time": 30
          }
        },
        "Alert_Source": {
          "value": {
            "Query": "AzureActivity \n| where OperationName == \"Restart MySQL Server\" \n|  where ActivityStatus == \"Succeeded\" and ResourceProvider == \"Microsoft.DBforMySQL\" \n| project EventSubmissionTimestamp, Asset=Resource, ResourceId, OperationId, Caller, ResourceGroup, OperationName",
            "SourceId": "[resourceId('microsoft.operationalinsights/workspaces', parameters('workspaceName'))]",
            "Type": "ResultCount"
          }
        },
        "Alert_Trigger": {
          "value": {
            "Operator": "GreaterThan",
            "Threshold": "0"
          }
        }
      },
      {
        "name": "SQR02_deployment",
        "SeverityLevel": {
          "value": "1"
        },
        "Alert_description": {
          "value": "Security - VM Multiple Account Logon Failure"
        },
        "Alert_name": {
          "value": "Security - VM Multiple Account Logon Failure"
        },
        "Alert_Schedule": {
          "value": {
            "Frequency": 5,
            "Time": 5
          }
        },
        "Alert_Source": {
          "value": {
            "Query": "SecurityEvent | where EventID == 4625 | project Asset=Computer, AdditionalData=EventData, TenantId, Activity, MetricValue=EventID, MetricName=\"Event\", TargetAccount | summarize AggregatedValue = count() by TargetAccount, Asset, AdditionalData, TenantId, Activity, MetricValue, MetricName",
            "SourceId": "[resourceId('microsoft.operationalinsights/workspaces', parameters('workspaceName'))]",
            "Type": "ResultCount"
          }
        },
        "Alert_Trigger": {
          "value": {
            "Operator": "GreaterThan",
            "Threshold": "0"
          }
        }
      },
      {
        "name": "SQR05_deployment",
        "SeverityLevel": {
          "value": "1"
        },
        "Alert_description": {
          "value": "Azure SQL Storage capacity warning"
        },
        "Alert_name": {
          "value": "Azure SQL Storage capacity warning"
        },
        "Alert_Schedule": {
          "value": {
            "Frequency": 60,
            "Time": 60
          }
        },
        "Alert_Source": {
          "value": {
            "Query": "AzureMetrics \n| where ResourceProvider==\"MICROSOFT.SQL\" \n| where ResourceId contains \"/DATABASES/\" \n| where MetricName==\"storage_percent\" \n| where TimeGenerated > ago(60m) \n| where Maximum > 75",
            "SourceId": "[resourceId('microsoft.operationalinsights/workspaces', parameters('workspaceName'))]",
            "Type": "ResultCount"
          }
        },
        "Alert_Trigger": {
          "value": {
            "Operator": "GreaterThan",
            "Threshold": "0"
          }
        }
      },
      {
        "name": "SQR06_deployment",
        "SeverityLevel": {
          "value": "1"
        },
        "Alert_description": {
          "value": "Security - VM Cleared Security Event Logs"
        },
        "Alert_name": {
          "value": "Security - VM Cleared Security Event Logs"
        },
        "Alert_Schedule": {
          "value": {
            "Frequency": 5,
            "Time": 5
          }
        },
        "Alert_Source": {
          "value": {
            "Query": "SecurityEvent | where (EventID == 1102 or EventID == 517) and EventSourceName == \"Microsoft-Windows-Eventlog\" | summarize AggregatedValue = count() by  Asset=Computer, AdditionalData=EventData, TenantId, Activity, MetricValue=EventID, MetricName=\"Event\", TargetAccount, EventSourceName",
            "SourceId": "[resourceId('microsoft.operationalinsights/workspaces', parameters('workspaceName'))]",
            "Type": "ResultCount"
          }
        },
        "Alert_Trigger": {
          "value": {
            "Operator": "GreaterThan",
            "Threshold": "0"
          }
        }
      },
      {
        "name": "SQR35_deployment",
        "SeverityLevel": {
          "value": "1"
        },
        "Alert_description": {
          "value": "Backup - VM MARS Agent Backup Failure"
        },
        "Alert_name": {
          "value": "Backup - VM MARS Agent Backup Failure"
        },
        "Alert_Schedule": {
          "value": {
            "Frequency": 60,
            "Time": 60
          }
        },
        "Alert_Source": {
          "value": {
            "Query": "Event | where Source == \"CloudBackup\" | where EventLevelName != \"Information\" | project MetricName=Source, MetricValue=EventID, RenderedDescription , Asset=Computer, Type, EventData, EventLog, TimeGenerated, EventLevelName, UserName",
            "SourceId": "[resourceId('microsoft.operationalinsights/workspaces', parameters('workspaceName'))]",
            "Type": "ResultCount"
          }
        },
        "Alert_Trigger": {
          "value": {
            "Operator": "GreaterThan",
            "Threshold": "0"
          }
        }
      },
      {
        "name": "SQR09_deployment",
        "SeverityLevel": {
          "value": "1"
        },
        "Alert_description": {
          "value": "VM Availability - VM Stopped in Portal"
        },
        "Alert_name": {
          "value": "VM Availability - VM Stopped in Portal"
        },
        "Alert_Schedule": {
          "value": {
            "Frequency": 30,
            "Time": 30
          }
        },
        "Alert_Source": {
          "value": {
            "Query": "AzureActivity | where OperationName == \"Deallocate Virtual Machine\" or OperationName == \"Delete Virtual Machine\" or OperationName == \"Redeploy Virtual Machine\" or OperationName == \"Stop Virtual Machine\" | where ActivityStatus == \"Succeeded\" and ResourceProvider == \"Microsoft.Compute\" | project EventSubmissionTimestamp, ResourceId, OperationId, Caller, ResourceGroup, OperationName",
            "SourceId": "[resourceId('microsoft.operationalinsights/workspaces', parameters('workspaceName'))]",
            "Type": "ResultCount"
          }
        },
        "Alert_Trigger": {
          "value": {
            "Operator": "GreaterThan",
            "Threshold": "0"
          }
        }
      },
      {
        "name": "SQR07_deployment",
        "SeverityLevel": {
          "value": "1"
        },
        "Alert_description": {
          "value": "Computer with detected threats"
        },
        "Alert_name": {
          "value": "Computer with detected threats"
        },
        "Alert_Schedule": {
          "value": {
            "Frequency": 5,
            "Time": 5
          }
        },
        "Alert_Source": {
          "value": {
            "Query": "ProtectionStatus | where ThreatStatusRank > 199 and ThreatStatusRank != 470 | summarize Rank = max(ThreatStatusRank) by Computer | limit 50000",
            "SourceId": "[resourceId('microsoft.operationalinsights/workspaces', parameters('workspaceName'))]",
            "Type": "ResultCount"
          }
        },
        "Alert_Trigger": {
          "value": {
            "Operator": "GreaterThan",
            "Threshold": "0"
          }
        }
      },
      {
        "name": "SQR17_deployment",
        "SeverityLevel": {
          "value": "3"
        },
        "Alert_description": {
          "value": "Servers Pending Reboot for Update Installation"
        },
        "Alert_name": {
          "value": "Servers Pending Reboot for Update Installation"
        },
        "Alert_Schedule": {
          "value": {
            "Frequency": 1440,
            "Time": 1440
          }
        },
        "Alert_Source": {
          "value": {
            "Query": "WaaSDeploymentStatus | where DetailedStatus == \"Reboot pending\" | summarize DeviceCount = count() by ReleaseName, UpdateCategory, UpdateClassification | render table",
            "SourceId": "[resourceId('microsoft.operationalinsights/workspaces', parameters('workspaceName'))]",
            "Type": "ResultCount"
          }
        },
        "Alert_Trigger": {
          "value": {
            "Operator": "GreaterThan",
            "Threshold": "0"
          }
        }
      },
      {
        "name": "SQR18_deployment",
        "SeverityLevel": {
          "value": "3"
        },
        "Alert_description": {
          "value": "Updates Pending Restart"
        },
        "Alert_name": {
          "value": "Updates Pending Restart"
        },
        "Alert_Schedule": {
          "value": {
            "Frequency": 5,
            "Time": 5
          }
        },
        "Alert_Source": {
          "value": {
            "Query": "UpdateSummary | where RestartPending == True| project TimeGenerated, Asset=Computer, MetricName=\"RestartPending\", MetricValue=RestartPending",
            "SourceId": "[resourceId('microsoft.operationalinsights/workspaces', parameters('workspaceName'))]",
            "Type": "ResultCount"
          }
        },
        "Alert_Trigger": {
          "value": {
            "Operator": "GreaterThan",
            "Threshold": "0"
          }
        }
      },
      {
        "name": "SQR36_deployment",
        "SeverityLevel": {
          "value": "3"
        },
        "Alert_description": {
          "value": "NET Performance - VPN High bandwidth utilization"
        },
        "Alert_name": {
          "value": "NET Performance - VPN High bandwidth utilization"
        },
        "Alert_Schedule": {
          "value": {
            "Frequency": 5,
            "Time": 5
          }
        },
        "Alert_Source": {
          "value": {
            "Query": "AzureMetrics \n| where ResourceProvider == \"MICROSOFT.NETWORK\" \n| where Maximum > 500000000 \n| project MetricName = \"AverageBandwidth\", MetricValue = Maximum, Asset=Resource, Type, ResourceId, SubscriptionId, ResourceGroup, Category, TimeGenerated",
            "SourceId": "[resourceId('microsoft.operationalinsights/workspaces', parameters('workspaceName'))]",
            "Type": "ResultCount"
          }
        },
        "Alert_Trigger": {
          "value": {
            "Operator": "GreaterThan",
            "Threshold": "0"
          }
        }
      },
      {
        "name": "SQR37_deployment",
        "SeverityLevel": {
          "value": "2"
        },
        "Alert_description": {
          "value": "NET Performance - Expressroute High bandwidth utilization"
        },
        "Alert_name": {
          "value": "NET Performance - Expressroute High bandwidth utilization"
        },
        "Alert_Schedule": {
          "value": {
            "Frequency": 5,
            "Time": 5
          }
        },
        "Alert_Source": {
          "value": {
            "Query": "AzureMetrics \n| where ResourceProvider == \"MICROSOFT.NETWORK\" \n| where MetricName == \"BitsOutPerSecond\" or MetricName  == \"BitsInPerSecond\" \n| where Maximum > 90000000 \n| summarize MetricValue = sum(Maximum) by Asset=Resource, MetricName = \"MaxBandwidth\", Type, ResourceId, SubscriptionId, ResourceGroup, Category, bin(TimeGenerated, 5m)",
            "SourceId": "[resourceId('microsoft.operationalinsights/workspaces', parameters('workspaceName'))]",
            "Type": "ResultCount"
          }
        },
        "Alert_Trigger": {
          "value": {
            "Operator": "GreaterThan",
            "Threshold": "0"
          }
        }
      },
      {
        "name": "SQLServer01_deployment",
        "SeverityLevel": {
          "value": "1"
        },
        "Alert_description": {
          "value": "SQL Server Database Backup Failed"
        },
        "Alert_name": {
          "value": "SQL Server Database Backup Failed"
        },
        "Alert_Schedule": {
          "value": {
            "Frequency": 5,
            "Time": 5
          }
        },
        "Alert_Source": {
          "value": {
            "Query": "Event \n| where Source == \"MSSQLSERVER\" \n| where EventID == \"3041\" \n| project TimeGenerated, ResourceId = _ResourceId, MetricName=Source, MetricValue = EventID, RenderedDescription, Asset=Computer, Type, EventData, EventLog, EventLevelName, UserName",
            "SourceId": "[resourceId('microsoft.operationalinsights/workspaces', parameters('workspaceName'))]",
            "Type": "ResultCount"
          }
        },
        "Alert_Trigger": {
          "value": {
            "Operator": "GreaterThan",
            "Threshold": "0"
          }
        }
      },
      {
        "name": "SQLServer02_deployment",
        "SeverityLevel": {
          "value": "2"
        },
        "Alert_description": {
          "value": "SQL Server Replica role changed"
        },
        "Alert_name": {
          "value": "SQL Server Replica role changed"
        },
        "Alert_Schedule": {
          "value": {
            "Frequency": 5,
            "Time": 5
          }
        },
        "Alert_Source": {
          "value": {
            "Query": "Event \n| where Source == \"MSSQLSERVER\" \n| where EventID == \"19406\" \n|  project TimeGenerated, ResourceId = _ResourceId, MetricName = Source, MetricValue = EventID, RenderedDescription, Asset = Computer, Type, EventData, EventLog, EventLevelName, UserName",
            "SourceId": "[resourceId('microsoft.operationalinsights/workspaces', parameters('workspaceName'))]",
            "Type": "ResultCount"
          }
        },
        "Alert_Trigger": {
          "value": {
            "Operator": "GreaterThan",
            "Threshold": "0"
          }
        }
      },
      {
        "name": "SQLServer03_deployment",
        "SeverityLevel": {
          "value": "2"
        },
        "Alert_description": {
          "value": "SQL Server logon failed"
        },
        "Alert_name": {
          "value": "SQL Server logon failed"
        },
        "Alert_Schedule": {
          "value": {
            "Frequency": 30,
            "Time": 30
          }
        },
        "Alert_Source": {
          "value": {
            "Query": "Event \n| where Source == \"MSSQLSERVER\" \n| where EventID == \"18456\" \n|  project TimeGenerated, ResourceId = _ResourceId, MetricName = Source, MetricValue = EventID, RenderedDescription, Asset = Computer, Type, EventData, EventLog, EventLevelName, UserName \n| summarize count() by bin(TimeGenerated,60m), ResourceId, MetricName, MetricValue, RenderedDescription, Asset, Type, EventLog, EventLevelName, UserName",
            "SourceId": "[resourceId('microsoft.operationalinsights/workspaces', parameters('workspaceName'))]",
            "Type": "ResultCount"
          }
        },
        "Alert_Trigger": {
          "value": {
            "Operator": "GreaterThan",
            "Threshold": "0"
          }
        }
      },
      {
        "name": "SQLServer04_deployment",
        "SeverityLevel": {
          "value": "3"
        },
        "Alert_description": {
          "value": "SQL Server agent job failed"
        },
        "Alert_name": {
          "value": "SQL Server agent job failed"
        },
        "Alert_Schedule": {
          "value": {
            "Frequency": 5,
            "Time": 5
          }
        },
        "Alert_Source": {
          "value": {
            "Query": "Event \n| where Source == \"SQLSERVERAGENT\" \n| where EventID == \"208\" \n| project TimeGenerated, ResourceId = _ResourceId, MetricName=Source, MetricValue=EventID, RenderedDescription, Asset=Computer, Type, EventData, EventLog, EventLevelName, UserName",
            "SourceId": "[resourceId('microsoft.operationalinsights/workspaces', parameters('workspaceName'))]",
            "Type": "ResultCount"
          }
        },
        "Alert_Trigger": {
          "value": {
            "Operator": "GreaterThan",
            "Threshold": "0"
          }
        }
      },
      {
        "name": "SQLServer05_deployment",
        "SeverityLevel": {
          "value": "1"
        },
        "Alert_description": {
          "value": "SQL Server filegroup out of space"
        },
        "Alert_name": {
          "value": "SQL Server filegroup out of space"
        },
        "Alert_Schedule": {
          "value": {
            "Frequency": 5,
            "Time": 5
          }
        },
        "Alert_Source": {
          "value": {
            "Query": "Event \n| where Source == \"MSSQLSERVER\" \n| where EventID == \"1101\" \n| project TimeGenerated, ResourceId = _ResourceId, MetricName=Source, MetricValue=EventID, RenderedDescription, Asset=Computer, Type, EventData, EventLog, EventLevelName, UserName",
            "SourceId": "[resourceId('microsoft.operationalinsights/workspaces', parameters('workspaceName'))]",
            "Type": "ResultCount"
          }
        },
        "Alert_Trigger": {
          "value": {
            "Operator": "GreaterThan",
            "Threshold": "0"
          }
        }
      },
      {
        "name": "SQLServer06_deployment",
        "SeverityLevel": {
          "value": "1"
        },
        "Alert_description": {
          "value": "SQL Lock Wait Time high"
        },
        "Alert_name": {
          "value": "SQL Lock Wait Time high"
        },
        "Alert_Schedule": {
          "value": {
            "Frequency": 5,
            "Time": 5
          }
        },
        "Alert_Source": {
          "value": {
            "Query": "Perf \n| where ObjectName == \"SQLServer:Locks\" \n| where CounterName == \"Average Wait Time (ms)\" \n| where CounterValue > 500 \n| project TimeGenerated, Asset = Computer, ResourceId = _ResourceId, MetricName = CounterName, MetricValue = CounterValue, AdditionalData = CounterPath",
            "SourceId": "[resourceId('microsoft.operationalinsights/workspaces', parameters('workspaceName'))]",
            "Type": "ResultCount"
          }
        },
        "Alert_Trigger": {
          "value": {
            "Operator": "GreaterThan",
            "Threshold": "0"
          }
        }
      },
      {
        "name": "VMEvents01_deployment",
        "SeverityLevel": {
          "value": "3"
        },
        "Alert_description": {
          "value": "VM Application fault"
        },
        "Alert_name": {
          "value": "VM Application fault"
        },
        "Alert_Schedule": {
          "value": {
            "Frequency": 5,
            "Time": 5
          }
        },
        "Alert_Source": {
          "value": {
            "Query": "Event \n| where EventLog == \"Application\" \n| where EventID == \"1000\" \n| project TimeGenerated, ResourceId = _ResourceId, MetricName = Source, MetricValue = EventID, RenderedDescription, Asset=Computer, Type, EventData, EventLog, EventLevelName, UserName",
            "SourceId": "[resourceId('microsoft.operationalinsights/workspaces', parameters('workspaceName'))]",
            "Type": "ResultCount"
          }
        },
        "Alert_Trigger": {
          "value": {
            "Operator": "GreaterThan",
            "Threshold": "0"
          }
        }
      },
      {
        "name": "VMEvents02_deployment",
        "SeverityLevel": {
          "value": "1"
        },
        "Alert_description": {
          "value": "VM Availability - Unexpected Shutdown"
        },
        "Alert_name": {
          "value": "VM Availability - Unexpected Shutdown"
        },
        "Alert_Schedule": {
          "value": {
            "Frequency": 5,
            "Time": 5
          }
        },
        "Alert_Source": {
          "value": {
            "Query": "Event \n| where EventLog == \"System\" \n| where EventID == \"6008\" \n| project TimeGenerated, ResourceId = _ResourceId, MetricName=Source, MetricValue=EventID, RenderedDescription, Asset=Computer, Type, EventData, EventLog, EventLevelName, UserName",
            "SourceId": "[resourceId('microsoft.operationalinsights/workspaces', parameters('workspaceName'))]",
            "Type": "ResultCount"
          }
        },
        "Alert_Trigger": {
          "value": {
            "Operator": "GreaterThan",
            "Threshold": "0"
          }
        }
      },
      {
        "name": "VMSecurity01_deployment",
        "SeverityLevel": {
          "value": "2"
        },
        "Alert_description": {
          "value": "Missing endpoint protection"
        },
        "Alert_name": {
          "value": "Missing endpoint protection"
        },
        "Alert_Schedule": {
          "value": {
            "Frequency": 5,
            "Time": 5
          }
        },
        "Alert_Source": {
          "value": {
            "Query": "ProtectionStatus \n| where ProtectionStatusRank == '470' or ProtectionStatusRank == '450' or ProtectionStatusRank == '270' \n| project TimeGenerated, Asset=Computer, AdditionalData=TypeofProtection, ResourceId, Metric = \"ProtectionStatus\", MetricValue = ThreatStatusRank",
            "SourceId": "[resourceId('microsoft.operationalinsights/workspaces', parameters('workspaceName'))]",
            "Type": "ResultCount"
          }
        },
        "Alert_Trigger": {
          "value": {
            "Operator": "GreaterThan",
            "Threshold": "0"
          }
        }
      },
      {
        "name": "VMSecurity02_deployment",
        "SeverityLevel": {
          "value": "2"
        },
        "Alert_description": {
          "value": "Local security group changed"
        },
        "Alert_name": {
          "value": "Local security group changed"
        },
        "Alert_Schedule": {
          "value": {
            "Frequency": 5,
            "Time": 5
          }
        },
        "Alert_Source": {
          "value": {
            "Query": "SecurityEvent \n| where EventID == '4735' or EventID == '4733' or EventID == '4732' \n| where Channel == 'Security' \n| where SubjectAccount !endswith \"$\" \n| project Asset=Computer, AdditionalData=Activity, MetricValue=EventID, MetricName='SecurityEvent', ResourceId=_ResourceId, TimeGenerated, SubjectAccount, SubjectDomainName, TargetAccount",
            "SourceId": "[resourceId('microsoft.operationalinsights/workspaces', parameters('workspaceName'))]",
            "Type": "ResultCount"
          }
        },
        "Alert_Trigger": {
          "value": {
            "Operator": "GreaterThan",
            "Threshold": "0"
          }
        }
      },
      {
        "name": "VMAvailability01_deployment",
        "SeverityLevel": {
          "value": "2"
        },
        "Alert_description": {
          "value": "VM availability"
        },
        "Alert_name": {
          "value": "VM availability"
        },
        "Alert_Schedule": {
          "value": {
            "Frequency": 5,
            "Time": 5
          }
        },
        "Alert_Source": {
          "value": {
            "Query": "Heartbeat | where TimeGenerated > ago(1h) | summarize LastHeartbeat = max(TimeGenerated) by Computer | where isnotempty(Computer) | where LastHeartbeat < ago(5m)",
            "SourceId": "[resourceId('microsoft.operationalinsights/workspaces', parameters('workspaceName'))]",
            "Type": "ResultCount"
          }
        },
        "Alert_Trigger": {
          "value": {
            "Operator": "GreaterThan",
            "Threshold": "0"
          }
        }
      },
      {
        "name": "NTFS_deployment",
        "SeverityLevel": {
          "value": "2"
        },
        "Alert_description": {
          "value": "NTFS Errors"
        },
        "Alert_name": {
          "value": "NTFS Errors"
        },
        "Alert_Schedule": {
          "value": {
            "Frequency": 5,
            "Time": 5
          }
        },
        "Alert_Source": {
          "value": {
            "Query": "Event \n| where Source == \"Microsoft-Windows-Ntfs\" \n| where EventLevelName == \"error\" \n| project TimeGenerated, ResourceId = _ResourceId, MetricName = Source, MetricValue = EventID, RenderedDescription, Asset=Computer, Type, EventData, EventLog, EventLevelName, UserName",
            "SourceId": "[resourceId('microsoft.operationalinsights/workspaces', parameters('workspaceName'))]",
            "Type": "ResultCount"
          }
        },
        "Alert_Trigger": {
          "value": {
            "Operator": "GreaterThan",
            "Threshold": "0"
          }
        }
      },
      {
        "name": "freeDiskWindows_deployment",
        "SeverityLevel": {
          "value": "2"
        },
        "Alert_description": {
          "value": "Windows free disk space"
        },
        "Alert_name": {
          "value": "Windows free disk space"
        },
        "Alert_Schedule": {
          "value": {
            "Frequency": 5,
            "Time": 5
          }
        },
        "Alert_Source": {
          "value": {
            "Query": "Perf | where ObjectName == \"LogicalDisk\" | where CounterName == \"% Free Space\" | where CounterValue <= 1",
            "SourceId": "[resourceId('microsoft.operationalinsights/workspaces', parameters('workspaceName'))]",
            "Type": "ResultCount"
          }
        },
        "Alert_Trigger": {
          "value": {
            "Operator": "GreaterThan",
            "Threshold": "0"
          }
        }
      },
      {
        "name": "freeDiskLinux_deployment",
        "SeverityLevel": {
          "value": "2"
        },
        "Alert_description": {
          "value": "Linux free disk space"
        },
        "Alert_name": {
          "value": "Linux free disk space"
        },
        "Alert_Schedule": {
          "value": {
            "Frequency": 5,
            "Time": 5
          }
        },
        "Alert_Source": {
          "value": {
            "Query": "Perf | where ObjectName == \"Logical Disk\" | where CounterName == \"Free Megabytes\" | where InstanceName !contains \"boot\" | where CounterValue < 1000",
            "SourceId": "[resourceId('microsoft.operationalinsights/workspaces', parameters('workspaceName'))]",
            "Type": "ResultCount"
          }
        },
        "Alert_Trigger": {
          "value": {
            "Operator": "GreaterThan",
            "Threshold": "0"
          }
        }
      },
      {
        "name": "ActiveDirectory02_deployment",
        "SeverityLevel": {
          "value": "2"
        },
        "Alert_description": {
          "value": "Active Directory GPO lookup failure"
        },
        "Alert_name": {
          "value": "Active Directory GPO lookup failure"
        },
        "Alert_Schedule": {
          "value": {
            "Frequency": 5,
            "Time": 5
          }
        },
        "Alert_Source": {
          "value": {
            "Query": "Event \n| where Source == \"Microsoft-Windows-GroupPolicy\" and EventID == \"1030\" \n| project TimeGenerated, ResourceId = _ResourceId, MetricName = Source, MetricValue = EventID, RenderedDescription, Asset=Computer, Type, EventData, EventLog, EventLevelName, UserName",
            "SourceId": "[resourceId('microsoft.operationalinsights/workspaces', parameters('workspaceName'))]",
            "Type": "ResultCount"
          }
        },
        "Alert_Trigger": {
          "value": {
            "Operator": "GreaterThan",
            "Threshold": "0"
          }
        }
      },
      {
        "name": "RecoveryServices01_deployment",
        "SeverityLevel": {
          "value": "1"
        },
        "Alert_description": {
          "value": "Azure Site Recovery Critical Health"
        },
        "Alert_name": {
          "value": "Azure Site Recovery Critical Health"
        },
        "Alert_Schedule": {
          "value": {
            "Frequency": 5,
            "Time": 5
          }
        },
        "Alert_Source": {
          "value": {
            "Query": "AzureDiagnostics | where SourceSystem == \"Azure\" and Level == \"Critical\" and OperationName == \"AzureSiteRecoveryEvents\" | project TimeGenerated, ResourceId, SubscriptionId, MetricName=Category, MetricValue=description_s, AdditionalData=healthErrors_s, Asset=Resource, affectedResourceName_s",
            "SourceId": "[resourceId('microsoft.operationalinsights/workspaces', parameters('workspaceName'))]",
            "Type": "ResultCount"
          }
        },
        "Alert_Trigger": {
          "value": {
            "Operator": "GreaterThan",
            "Threshold": "0"
          }
        }
      },
      {
        "name": "RecoveryServices02_deployment",
        "SeverityLevel": {
          "value": "2"
        },
        "Alert_description": {
          "value": "Backup - Azure VM Managed Backup Failure"
        },
        "Alert_name": {
          "value": "Backup - Azure VM Managed Backup Failure"
        },
        "Alert_Schedule": {
          "value": {
            "Frequency": 60,
            "Time": 60
          }
        },
        "Alert_Source": {
          "value": {
            "Query": "AzureDiagnostics | where OperationName  == \"Job\" and JobOperation_s == \"Backup\" and JobStatus_s == \"Failed\" | project MetricName=BackupManagementType_s , Level, BackupItemUniqueId_s , Type, ResourceId, Asset=Resource, JobOperation_s, MetricValue=JobStatus_s, Category, TimeGenerated",
            "SourceId": "[resourceId('microsoft.operationalinsights/workspaces', parameters('workspaceName'))]",
            "Type": "ResultCount"
          }
        },
        "Alert_Trigger": {
          "value": {
            "Operator": "GreaterThan",
            "Threshold": "0"
          }
        }
      },
      {
        "name": "AzureSQL_03",
        "SeverityLevel": {
          "value": "1"
        },
        "Alert_description": {
          "value": "Azure SQL Delete Activity"
        },
        "Alert_name": {
          "value": "Azure SQL Delete Activity"
        },
        "Alert_Schedule": {
          "value": {
            "Frequency": 60,
            "Time": 60
          }
        },
        "Alert_Source": {
          "value": {
            "Query": "AzureActivity \n| where OperationName == \"Delete SQL database\"  or OperationName == \"Delete SQL server\" \n| where ActivityStatus == \"Accepted\" and ResourceProvider == \"Microsoft SQL\" \n| project EventSubmissionTimestamp , Asset=ResourceId, OperationId, Caller, ResourceGroup, OperationName",
            "SourceId": "[resourceId('microsoft.operationalinsights/workspaces', parameters('workspaceName'))]",
            "Type": "ResultCount"
          }
        },
        "Alert_Trigger": {
          "value": {
            "Operator": "GreaterThan",
            "Threshold": "0"
          }
        }
      },
      {
        "name": "VPNConnectivity",
        "SeverityLevel": {
          "value": "2"
        },
        "Alert_description": {
          "value": "NET Availability - VPN Connectivity State Change"
        },
        "Alert_name": {
          "value": "NET Availability - VPN Connectivity State Change"
        },
        "Alert_Schedule": {
          "value": {
            "Frequency": 5,
            "Time": 5
          }
        },
        "Alert_Source": {
          "value": {
            "Query": "AzureDiagnostics |  where status_s == \"Disconnected\" or status_s == \"Connected\" and ResourceProvider == \"MICROSOFT.NETWORK\"\n| project status_s, instance_s, stateChangeReason_s, isNATed_b, tunnelType_s, remoteIP_s, MetricValue=OperationName, ResourceProvider, Asset=Resource, MetricName=ResourceType, Type, ResourceId, SubscriptionId, ResourceGroup, Category, TimeGenerated",
            "SourceId": "[resourceId('microsoft.operationalinsights/workspaces', parameters('workspaceName'))]",
            "Type": "ResultCount"
          }
        },
        "Alert_Trigger": {
          "value": {
            "Operator": "GreaterThan",
            "Threshold": "0"
          }
        }
      },
      {
        "name": "VMCreation",
        "SeverityLevel": {
          "value": "3"
        },
        "Alert_description": {
          "value": "New Azure Virtual Machine Created"
        },
        "Alert_name": {
          "value": "New Azure Virtual Machine Created"
        },
        "Alert_Schedule": {
          "value": {
            "Frequency": 60,
            "Time": 60
          }
        },
        "Alert_Source": {
          "value": {
            "Query": "AzureActivity \n| where OperationName == \"Create or Update Virtual Machine\" \n| where ActivityStatus == \"Succeeded\" and ResourceProvider == \"Microsoft.Compute\" \n| project EventSubmissionTimestamp, Asset=ResourceId, OperationId, Caller, ResourceGroup, OperationName",
            "SourceId": "[resourceId('microsoft.operationalinsights/workspaces', parameters('workspaceName'))]",
            "Type": "ResultCount"
          }
        },
        "Alert_Trigger": {
          "value": {
            "Operator": "GreaterThan",
            "Threshold": "0"
          }
        }
      },
      {
        "name": "DataFactoryInstanceDeleted",
        "SeverityLevel": {
          "value": "0"
        },
        "Alert_description": {
          "value": "DataFactory - Instance was Deleted"
        },
        "Alert_name": {
          "value": "DataFactory - Instance was Deleted"
        },
        "Alert_Schedule": {
          "value": {
            "Frequency": 30,
            "Time": 30
          }
        },
        "Alert_Source": {
          "value": {
            "Query": "AzureActivity \n| where OperationName == \"Delete Data Factory\" \n|  where ActivityStatus == \"Succeeded\" and ResourceProvider == \"Microsoft.DATAFACTORY\" \n| project EventSubmissionTimestamp, Asset=Resource, ResourceId, OperationId, Caller, ResourceGroup, OperationName",
            "SourceId": "[resourceId('microsoft.operationalinsights/workspaces', parameters('workspaceName'))]",
            "Type": "ResultCount"
          }
        },
        "Alert_Trigger": {
          "value": {
            "Operator": "GreaterThan",
            "Threshold": "0"
          }
        }
      },
      {
        "name": "WebTestAvailability",
        "SeverityLevel": {
          "value": "1"
        },
        "Alert_description": {
          "value": "Application Insights - Web Test Availability"
        },
        "Alert_name": {
          "value": "Application Insights - Web Test Availability"
        },
        "Alert_Schedule": {
          "value": {
            "Frequency": 5,
            "Time": 5
          }
        },
        "Alert_Source": {
          "value": {
            "Query": "availabilityResults \n| where  message !=\"Passed\" \n| project name, success, timestamp, location, message, duration, itemType, appId, appName, itemCount, Asset= strcat(name, \"-\", appName) \n| summarize AggregatedValue=count(success) by name, Asset, bin(timestamp, 5m), success, location, message, duration, MetricName=itemType, appId, MetricValue=itemCount, Resource=appName",
            "SourceId": "[resourceId('microsoft.insights/components', parameters('appInsightName'))]",
            "Type": "ResultCount"
          }
        },
        "Alert_Trigger": {
          "value": {
            "Operator": "GreaterThan",
            "Threshold": "3"
          }
        }
      },
      {
        "name": "WebTestHTTP5xxErrors",
        "SeverityLevel": {
          "value": "1"
        },
        "Alert_description": {
          "value": "Application Insights - Web Test HTTP 5xx Errors"
        },
        "Alert_name": {
          "value": "Application Insights - Web Test HTTP 5xx Errors"
        },
        "Alert_Schedule": {
          "value": {
            "Frequency": 5,
            "Time": 5
          }
        },
        "Alert_Source": {
          "value": {
            "Query": "requests \n| where  resultCode startswith \"5\" \n| project url, success, timestamp, itemType, appId, appName, itemCount, Asset= strcat(name, \"-\", appName), resultCode \n| summarize AggregatedValue=count(resultCode) by  Asset, bin(timestamp, 5m), success, url, MetricName=itemType, appId, MetricValue=itemCount, Resource=appName, resultCode",
            "SourceId": "[resourceId('microsoft.insights/components', parameters('appInsightName'))]",
            "Type": "ResultCount"
          }
        },
        "Alert_Trigger": {
          "value": {
            "Operator": "GreaterThan",
            "Threshold": "0"
          }
        }
      },
      {
        "name": "WebTestHTTP4xxErrors",
        "SeverityLevel": {
          "value": "1"
        },
        "Alert_description": {
          "value": "Application Insights - Web Test HTTP 4xx Errors"
        },
        "Alert_name": {
          "value": "Application Insights - Web Test HTTP 4xx Errors"
        },
        "Alert_Schedule": {
          "value": {
            "Frequency": 5,
            "Time": 5
          }
        },
        "Alert_Source": {
          "value": {
            "Query": "requests \n| where resultCode startswith \"4\" \n| project url, success, timestamp, itemType, appId, appName, itemCount, Asset= strcat(name, \"-\", appName), resultCode \n| summarize AggregatedValue=count(resultCode) by Asset, bin(timestamp, 5m), success, url, MetricName=itemType, appId, MetricValue=itemCount, Resource=appName, resultCode",
            "SourceId": "[resourceId('microsoft.insights/components', parameters('appInsightName'))]",
            "Type": "ResultCount"
          }
        },
        "Alert_Trigger": {
          "value": {
            "Operator": "GreaterThan",
            "Threshold": "0"
          }
        }
      },
      {
        "name": "WebTestLatency",
        "SeverityLevel": {
          "value": "1"
        },
        "Alert_description": {
          "value": "Application Insights - Web Test Latency"
        },
        "Alert_name": {
          "value": "Application Insights - Web Test Latency"
        },
        "Alert_Schedule": {
          "value": {
            "Frequency": 5,
            "Time": 5
          }
        },
        "Alert_Source": {
          "value": {
            "Query": "availabilityResults \n| where  message ==\"Passed\" \n| project name, success, timestamp, location, message, duration, itemType, appId, appName, itemCount, Asset= strcat(name, \"-\", appName)  \n| summarize AggregatedValue=min(duration) by name, Asset, bin(timestamp, 5m), success, location, message, duration, MetricName=itemType, appId, MetricValue=itemCount, Resource=appName \n| where AggregatedValue > 500",
            "SourceId": "[resourceId('microsoft.insights/components', parameters('appInsightName'))]",
            "Type": "ResultCount"
          }
        },
        "Alert_Trigger": {
          "value": {
            "Operator": "GreaterThan",
            "Threshold": "0"
          }
        }
      },
      {
        "name": "AasServerDeleted",
        "SeverityLevel": {
          "value": "0"
        },
        "Alert_description": {
          "value": "AAS Server was Deleted"
        },
        "Alert_name": {
          "value": "AAS Server was Deleted"
        },
        "Alert_Schedule": {
          "value": {
            "Frequency": 30,
            "Time": 30
          }
        },
        "Alert_Source": {
          "value": {
            "Query": "AzureActivity \n| where OperationNameValue == \"Microsoft.AnalysisServices/servers/delete\" and ActivityStatusValue == \"Succeeded\" \n| project EventSubmissionTimestamp, Asset=Resource, ResourceId, OperationId, Caller, ResourceGroup, OperationName",
            "SourceId": "[resourceId('microsoft.operationalinsights/workspaces', parameters('workspaceName'))]",
            "Type": "ResultCount"
          }
        },
        "Alert_Trigger": {
          "value": {
            "Operator": "GreaterThan",
            "Threshold": "0"
          }
        }
      },
      {
        "name": "AasServerSuspended",
        "SeverityLevel": {
          "value": "0"
        },
        "Alert_description": {
          "value": "AAS Server was Suspended"
        },
        "Alert_name": {
          "value": "AAS Server was Suspended"
        },
        "Alert_Schedule": {
          "value": {
            "Frequency": 30,
            "Time": 30
          }
        },
        "Alert_Source": {
          "value": {
            "Query": "AzureActivity \n| where OperationNameValue == \"Microsoft.AnalysisServices/servers/suspend/action\" and ActivityStatusValue == \"Succeeded\" \n| project EventSubmissionTimestamp, Asset=Resource, ResourceId, OperationId, Caller, ResourceGroup, OperationName",
            "SourceId": "[resourceId('microsoft.operationalinsights/workspaces', parameters('workspaceName'))]",
            "Type": "ResultCount"
          }
        },
        "Alert_Trigger": {
          "value": {
            "Operator": "GreaterThan",
            "Threshold": "0"
          }
        }
      },
      {
        "name":"Automation_runbook_status",
        "SeverityLevel":{
          "value":"2"
        },
        "Alert_description":{
          "value":"Automation Account Runbook Job Fails"
        },
        "Alert_name":{
          "value":"Automation Account Runbook Job Fails"
        },
        "Alert_Schedule":{
          "value":{
            "Frequency":15,
            "Time":15
          }
        },
        "Alert_Source":{
          "value":{
            "Query":"AzureDiagnostics \n| where resourceprovider == \"MICROSOFT.AUTOMATION\" and Category == \"JobLogs\" and (ResultType == \"Failed\" or \"Suspended\") \n | summarize AggregatedValue = count() by RunbookName_s",
            "SourceId":"[resourceId('microsoft.operationalinsights/workspaces', parameters('workspaceName'))]",
            "Type":"ResultCount"
          }
        },
        "Alert_Trigger":{
          "value":{
            "Operator":"GreaterThan",
            "Threshold":"0"
          }
        }

      },
      {
        "name":"DataFactoryPipelineFailed",
        "SeverityLevel":{
          "value":"2"
        },
        "Alert_description":{
          "value":"Azure Data Factory Pipeline has failed"
        },
        "Alert_name":{
          "value":"Azure Data Factory Pipeline has failed"
        },
        "Alert_Schedule":{
          "value":{
            "Frequency":15,
            "Time":15
          }
        },
        "Alert_Source":{
          "value":{
            "Query":"ADFActivityRun \n| where Status == \"Failed\" \n| where ErrorMessage !contains \"Activity failed because an inner activity failed\" \n| project TimeGenerated, ResourceId, OuterMessage=PipelineName, Activity=OperationName, InnerMostMessage=ErrorMessage, AdditionalData=PipelineRunId",
            "SourceId":"[resourceId('microsoft.operationalinsights/workspaces', parameters('workspaceName'))]",
            "Type":"ResultCount"
          }
        },
        "Alert_Trigger":{
          "value":{
            "Operator":"GreaterThan",
            "Threshold":"0"
          }
        }

      }

    ]
  },
  "SQRMetrics": {
    "category": "Other similar alerts are grouped in this object. These alerts are based on Scheduled Queries but defined as metrics",
    "Details": [
      {
        "name": "APIManager01_deployment",
        "SeverityLevel": {
          "value": "2"
        },
        "Alert_description": {
          "value": "API Manager Unauthorized Requests"
        },
        "Alert_name": {
          "value": "API Manager Unauthorized Requests"
        },
        "Alert_Schedule": {
          "value": {
            "Frequency": 15,
            "Time": 15
          }
        },
        "Alert_Source": {
          "value": {
            "Query": "AzureMetrics \n| where ResourceProvider == \"MICROSOFT.APIMANAGEMENT\" and MetricName == \"UnauthorizedRequests\" \n| summarize AggregatedValue=max(Maximum) by bin(TimeGenerated,15m), SubscriptionId, ResourceId, Asset=Resource, MetricName='UnauthorizedRequests'",
            "SourceId": "[resourceId('microsoft.operationalinsights/workspaces', parameters('workspaceName'))]",
            "Type": "ResultCount"
          }
        },
        "Alert_Trigger": {
          "value": {
            "Operator": "GreaterThan",
            "Threshold": "15"
          }
        },
        "metricMeasurement": {
          "thresholdOperator": "GreaterThan",
          "threshold": "0",
          "metricTriggerType": "Consecutive",
          "metricColumn": "ResourceId"
        }
      },
      {
        "name": "APIManager02_deployment",
        "SeverityLevel": {
          "value": "2"
        },
        "Alert_description": {
          "value": "API Manager Failed Requests"
        },
        "Alert_name": {
          "value": "API Manager Failed Requests"
        },
        "Alert_Schedule": {
          "value": {
            "Frequency": 15,
            "Time": 15
          }
        },
        "Alert_Source": {
          "value": {
            "Query": "AzureMetrics \n| where ResourceProvider == \"MICROSOFT.APIMANAGEMENT\" and MetricName == \"FailedRequests\" \n| summarize AggregatedValue=max(Maximum) by bin(TimeGenerated,15m), SubscriptionId, ResourceId, Asset = Resource, MetricName = 'FailedRequests'",
            "SourceId": "[resourceId('microsoft.operationalinsights/workspaces', parameters('workspaceName'))]",
            "Type": "ResultCount"
          }
        },
        "Alert_Trigger": {
          "value": {
            "Operator": "GreaterThan",
            "Threshold": "15"
          }
        },
        "metricMeasurement": {
          "thresholdOperator": "GreaterThan",
          "threshold": "0",
          "metricTriggerType": "Consecutive",
          "metricColumn": "ResourceId"
        }
      },
      {
        "name": "APIManager03_deployment",
        "SeverityLevel": {
          "value": "2"
        },
        "Alert_description": {
          "value": "API Manager Capacity high"
        },
        "Alert_name": {
          "value": "API Manager Capacity high"
        },
        "Alert_Schedule": {
          "value": {
            "Frequency": 5,
            "Time": 5
          }
        },
        "Alert_Source": {
          "value": {
            "Query": "AzureMetrics \n| where ResourceProvider == \"MICROSOFT.APIMANAGEMENT\"  \n| where MetricName == \"Capacity\" \n| summarize AggregatedValue=max(Maximum) by bin(TimeGenerated,5m), SubscriptionId, ResourceId, Asset=Resource, MetricName='Capacity'",
            "SourceId": "[resourceId('microsoft.operationalinsights/workspaces', parameters('workspaceName'))]",
            "Type": "ResultCount"
          }
        },
        "Alert_Trigger": {
          "value": {
            "Operator": "GreaterThan",
            "Threshold": "95"
          }
        },
        "metricMeasurement": {
          "thresholdOperator": "GreaterThan",
          "threshold": "0",
          "metricTriggerType": "Consecutive",
          "metricColumn": "ResourceId"
        }
      },
      {
        "name": "AppGateway01",
        "SeverityLevel": {
          "value": "1"
        },
        "Alert_description": {
          "value": "Application Gateway Failed Requests"
        },
        "Alert_name": {
          "value": "Application Gateway Failed Requests"
        },
        "Alert_Schedule": {
          "value": {
            "Frequency": 5,
            "Time": 5
          }
        },
        "Alert_Source": {
          "value": {
            "Query": "AzureMetrics \n| where ResourceProvider == \"MICROSOFT.NETWORK\"  \n| where MetricName == \"FailedRequests\" \n| summarize AggregatedValue=sum(Count) by bin(TimeGenerated,5m), SubscriptionId, ResourceId, Asset=Resource, MetricName = 'FailedRequests'",
            "SourceId": "[resourceId('microsoft.operationalinsights/workspaces', parameters('workspaceName'))]",
            "Type": "ResultCount"
          }
        },
        "Alert_Trigger": {
          "value": {
            "Operator": "GreaterThan",
            "Threshold": "20"
          }
        },
        "metricMeasurement": {
          "thresholdOperator": "GreaterThan",
          "threshold": "5",
          "metricTriggerType": "Consecutive",
          "metricColumn": "ResourceId"
        }
      },
      {
        "name": "WebApp01",
        "SeverityLevel": {
          "value": "2"
        },
        "Alert_description": {
          "value": "Web Application CPU Time over 95%"
        },
        "Alert_name": {
          "value": "Web High CPU Time"
        },
        "Alert_Schedule": {
          "value": {
            "Frequency": 5,
            "Time": 5
          }
        },
        "Alert_Source": {
          "value": {
            "Query": "AzureMetrics \n| where ResourceProvider == \"MICROSOFT.WEB\" \n| where MetricName == \"CpuTime\" \n| summarize AggregatedValue=avg(Average) by bin(TimeGenerated,5m), SubscriptionId, ResourceId, Asset=Resource, MetricName=\"CpuTime\"",
            "SourceId": "[resourceId('microsoft.operationalinsights/workspaces', parameters('workspaceName'))]",
            "Type": "ResultCount"
          }
        },
        "Alert_Trigger": {
          "value": {
            "Operator": "GreaterThan",
            "Threshold": "95"
          }
        },
        "metricMeasurement": {
          "thresholdOperator": "GreaterThan",
          "threshold": "3",
          "metricTriggerType": "Consecutive",
          "metricColumn": "ResourceId"
        }
      },
      {
        "name": "WebApp02",
        "SeverityLevel": {
          "value": "2"
        },
        "Alert_description": {
          "value": "Web Application CPU over 95%"
        },
        "Alert_name": {
          "value": "Web High CPU Percentage"
        },
        "Alert_Schedule": {
          "value": {
            "Frequency": 5,
            "Time": 5
          }
        },
        "Alert_Source": {
          "value": {
            "Query": "AzureMetrics \n| where ResourceProvider == \"MICROSOFT.WEB\" \n| where MetricName == \"CpuPercentage\" \n| summarize AggregatedValue=avg(Average) by bin(TimeGenerated,5m), SubscriptionId, ResourceId, Asset=Resource, MetricName=\"CPUPercentage\"",
            "SourceId": "[resourceId('microsoft.operationalinsights/workspaces', parameters('workspaceName'))]",
            "Type": "ResultCount"
          }
        },
        "Alert_Trigger": {
          "value": {
            "Operator": "GreaterThan",
            "Threshold": "95"
          }
        },
        "metricMeasurement": {
          "thresholdOperator": "GreaterThan",
          "threshold": "3",
          "metricTriggerType": "Consecutive",
          "metricColumn": "ResourceId"
        }
      },
      {
        "name": "WebApp03",
        "SeverityLevel": {
          "value": "2"
        },
        "Alert_description": {
          "value": "Web Appication Memory over 95%"
        },
        "Alert_name": {
          "value": "Web High Memory Percentage"
        },
        "Alert_Schedule": {
          "value": {
            "Frequency": 5,
            "Time": 5
          }
        },
        "Alert_Source": {
          "value": {
            "Query": "AzureMetrics \n| where ResourceProvider == \"MICROSOFT.WEB\" \n| where MetricName == \"MemoryPercentage\" \n| summarize AggregatedValue=avg(Average) by bin(TimeGenerated, 5m), SubscriptionId, ResourceId, Asset=Resource, MetricName=\"MemoryPercentage\"",
            "SourceId": "[resourceId('microsoft.operationalinsights/workspaces', parameters('workspaceName'))]",
            "Type": "ResultCount"
          }
        },
        "Alert_Trigger": {
          "value": {
            "Operator": "GreaterThan",
            "Threshold": "95"
          }
        },
        "metricMeasurement": {
          "thresholdOperator": "GreaterThan",
          "threshold": "3",
          "metricTriggerType": "Consecutive",
          "metricColumn": "ResourceId"
        }
      },
      {
        "name": "WebApp04",
        "SeverityLevel": {
          "value": "2"
        },
        "Alert_description": {
          "value": "Web Application disk queue length over 40"
        },
        "Alert_name": {
          "value": "Web High Disk Queue Length"
        },
        "Alert_Schedule": {
          "value": {
            "Frequency": 5,
            "Time": 5
          }
        },
        "Alert_Source": {
          "value": {
            "Query": "AzureMetrics \n| where ResourceProvider == \"MICROSOFT.WEB\" \n| where MetricName == \"DiskQueueLength\" \n| summarize AggregatedValue=avg(Average) by bin(TimeGenerated,5m), SubscriptionId, ResourceId, Asset=Resource, MetricName=\"DiskQueueLength\"",
            "SourceId": "[resourceId('microsoft.operationalinsights/workspaces', parameters('workspaceName'))]",
            "Type": "ResultCount"
          }
        },
        "Alert_Trigger": {
          "value": {
            "Operator": "GreaterThan",
            "Threshold": "40"
          }
        },
        "metricMeasurement": {
          "thresholdOperator": "GreaterThan",
          "threshold": "5",
          "metricTriggerType": "Consecutive",
          "metricColumn": "ResourceId"
        }
      },
      {
        "name": "WebApp05",
        "SeverityLevel": {
          "value": "1"
        },
        "Alert_description": {
          "value": "Web High HTTP queue length over 50"
        },
        "Alert_name": {
          "value": "Web High HTTP Queue Length"
        },
        "Alert_Schedule": {
          "value": {
            "Frequency": 5,
            "Time": 5
          }
        },
        "Alert_Source": {
          "value": {
            "Query": "AzureMetrics \n| where ResourceProvider == \"MICROSOFT.WEB\" \n| where MetricName == \"HttpQueueLength\" \n| summarize AggregatedValue=avg(Average) by bin(TimeGenerated,5m), SubscriptionId, ResourceId, Asset=Resource, MetricName='HttpQueueLength'",
            "SourceId": "[resourceId('microsoft.operationalinsights/workspaces', parameters('workspaceName'))]",
            "Type": "ResultCount"
          }
        },
        "Alert_Trigger": {
          "value": {
            "Operator": "GreaterThan",
            "Threshold": "500"
          }
        },
        "metricMeasurement": {
          "thresholdOperator": "GreaterThan",
          "threshold": "5",
          "metricTriggerType": "Consecutive",
          "metricColumn": "ResourceId"
        }
      },
      {
        "name": "ElasticSQL01",
        "SeverityLevel": {
          "value": "2"
        },
        "Alert_description": {
          "value": "Azure SQL storage quota above threshold"
        },
        "Alert_name": {
          "value": "Azure SQL storage quota above threshold"
        },
        "Alert_Schedule": {
          "value": {
            "Frequency": 5,
            "Time": 5
          }
        },
        "Alert_Source": {
          "value": {
            "Query": "AzureMetrics \n| where ResourceProvider==\"MICROSOFT.SQL\" \n| where MetricName==\"storage_percent\" \n| summarize AggregatedValue = max(Maximum) by bin(TimeGenerated, 5m), TimeGenerated, MetricName, Asset=Resource, ResourceId, SubscriptionId",
            "SourceId": "[resourceId('microsoft.operationalinsights/workspaces', parameters('workspaceName'))]",
            "Type": "ResultCount"
          }
        },
        "Alert_Trigger": {
          "value": {
            "Operator": "GreaterThan",
            "Threshold": "80"
          }
        },
        "metricMeasurement": {
          "thresholdOperator": "GreaterThan",
          "threshold": "0",
          "metricTriggerType": "Consecutive",
          "metricColumn": "ResourceId"
        }
      },
      {
        "name": "ElasticSQL03",
        "SeverityLevel": {
          "value": "2"
        },
        "Alert_description": {
          "value": "Azure SQL log write iops above threshold"
        },
        "Alert_name": {
          "value": "Azure SQL log write iops above threshold"
        },
        "Alert_Schedule": {
          "value": {
            "Frequency": 5,
            "Time": 5
          }
        },
        "Alert_Source": {
          "value": {
            "Query": "AzureMetrics\n| where ResourceProvider==\"MICROSOFT.SQL\" \n| where MetricName==\"log_write_percent\" \n| summarize AggregatedValue = max(Maximum) by bin(TimeGenerated, 5m), TimeGenerated, MetricName, Asset=Resource, ResourceId, SubscriptionId",
            "SourceId": "[resourceId('microsoft.operationalinsights/workspaces', parameters('workspaceName'))]",
            "Type": "ResultCount"
          }
        },
        "Alert_Trigger": {
          "value": {
            "Operator": "GreaterThan",
            "Threshold": "75"
          }
        },
        "metricMeasurement": {
          "thresholdOperator": "GreaterThan",
          "threshold": "0",
          "metricTriggerType": "Consecutive",
          "metricColumn": "ResourceId"
        }
      },
      {
        "name": "ElasticSQL04",
        "SeverityLevel": {
          "value": "2"
        },
        "Alert_description": {
          "value": "Azure SQL oltp storage quota above threshold"
        },
        "Alert_name": {
          "value": "Azure SQL oltp storage quota above threshold"
        },
        "Alert_Schedule": {
          "value": {
            "Frequency": 5,
            "Time": 5
          }
        },
        "Alert_Source": {
          "value": {
            "Query": "AzureMetrics\n| where ResourceProvider==\"MICROSOFT.SQL\" \n| where MetricName==\"xtp_storage_percent\"\n| summarize AggregatedValue = max(Maximum) by bin(TimeGenerated, 5m), TimeGenerated, MetricName, Asset=Resource, ResourceId, SubscriptionId",
            "SourceId": "[resourceId('microsoft.operationalinsights/workspaces', parameters('workspaceName'))]",
            "Type": "ResultCount"
          }
        },
        "Alert_Trigger": {
          "value": {
            "Operator": "GreaterThan",
            "Threshold": "90"
          }
        },
        "metricMeasurement": {
          "thresholdOperator": "GreaterThan",
          "threshold": "0",
          "metricTriggerType": "Consecutive",
          "metricColumn": "ResourceId"
        }
      },
      {
        "name": "ElasticSQL05",
        "SeverityLevel": {
          "value": "2"
        },
        "Alert_description": {
          "value": "Azure SQL read IOPS above threshold"
        },
        "Alert_name": {
          "value": "Azure SQL read IOPS above threshold"
        },
        "Alert_Schedule": {
          "value": {
            "Frequency": 5,
            "Time": 5
          }
        },
        "Alert_Source": {
          "value": {
            "Query": "AzureMetrics \n| where ResourceProvider==\"MICROSOFT.SQL\" \n| where MetricName==\"physical_data_read_percent\" \n| summarize AggregatedValue = max(Maximum) by bin(TimeGenerated, 5m), TimeGenerated, MetricName, Asset=Resource, ResourceId, SubscriptionId",
            "SourceId": "[resourceId('microsoft.operationalinsights/workspaces', parameters('workspaceName'))]",
            "Type": "ResultCount"
          }
        },
        "Alert_Trigger": {
          "value": {
            "Operator": "GreaterThan",
            "Threshold": "75"
          }
        },
        "metricMeasurement": {
          "thresholdOperator": "GreaterThan",
          "threshold": "0",
          "metricTriggerType": "Consecutive",
          "metricColumn": "ResourceId"
        }
      },
      {
        "name": "ElasticSQL06",
        "SeverityLevel": {
          "value": "2"
        },
        "Alert_description": {
          "value": "Azure SQL sessions above threshold"
        },
        "Alert_name": {
          "value": "Azure SQL sessions above threshold"
        },
        "Alert_Schedule": {
          "value": {
            "Frequency": 5,
            "Time": 5
          }
        },
        "Alert_Source": {
          "value": {
            "Query": "AzureMetrics\n| where ResourceProvider==\"MICROSOFT.SQL\" \n| where MetricName==\"sessions_percent\"\n| summarize AggregatedValue = max(Maximum) by bin(TimeGenerated, 5m), TimeGenerated, MetricName, Asset=Resource, ResourceId, SubscriptionId",
            "SourceId": "[resourceId('microsoft.operationalinsights/workspaces', parameters('workspaceName'))]",
            "Type": "ResultCount"
          }
        },
        "Alert_Trigger": {
          "value": {
            "Operator": "GreaterThan",
            "Threshold": "80"
          }
        },
        "metricMeasurement": {
          "thresholdOperator": "GreaterThan",
          "threshold": "0",
          "metricTriggerType": "Consecutive",
          "metricColumn": "ResourceId"
        }
      },
      {
        "name": "ElasticSQL07",
        "SeverityLevel": {
          "value": "2"
        },
        "Alert_description": {
          "value": "Azure SQL workers above threshold"
        },
        "Alert_name": {
          "value": "Azure SQL workers above threshold"
        },
        "Alert_Schedule": {
          "value": {
            "Frequency": 5,
            "Time": 5
          }
        },
        "Alert_Source": {
          "value": {
            "Query": "AzureMetrics \n| where ResourceProvider==\"MICROSOFT.SQL\" \n| where MetricName==\"workers_percent\" \n| summarize AggregatedValue = max(Maximum) by bin(TimeGenerated, 5m), TimeGenerated, MetricName, Asset=Resource, ResourceId, SubscriptionId",
            "SourceId": "[resourceId('microsoft.operationalinsights/workspaces', parameters('workspaceName'))]",
            "Type": "ResultCount"
          }
        },
        "Alert_Trigger": {
          "value": {
            "Operator": "GreaterThan",
            "Threshold": "80"
          }
        },
        "metricMeasurement": {
          "thresholdOperator": "GreaterThan",
          "threshold": "0",
          "metricTriggerType": "Consecutive",
          "metricColumn": "ResourceId"
        }
      },
      {
        "name": "AzureSQL01",
        "SeverityLevel": {
          "value": "1"
        },
        "Alert_description": {
          "value": "SQL CPU Percentage High"
        },
        "Alert_name": {
          "value": "SQL CPU Percentage High"
        },
        "Alert_Schedule": {
          "value": {
            "Frequency": 5,
            "Time": 5
          }
        },
        "Alert_Source": {
          "value": {
            "Query": "AzureMetrics \n| where ResourceProvider == \"MICROSOFT.SQL\"  \n| where MetricName == \"cpu_percent\" \n| summarize AggregatedValue=avg(Maximum) by bin(TimeGenerated,5m),SubscriptionId, ResourceId, Asset=Resource, MetricName=\"cpu_percent\"",
            "SourceId": "[resourceId('microsoft.operationalinsights/workspaces', parameters('workspaceName'))]",
            "Type": "ResultCount"
          }
        },
        "Alert_Trigger": {
          "value": {
            "Operator": "GreaterThan",
            "Threshold": "95"
          }
        },
        "metricMeasurement": {
          "thresholdOperator": "GreaterThan",
          "threshold": "5",
          "metricTriggerType": "Consecutive",
          "metricColumn": "ResourceId"
        }
      },
      {
        "name": "AzureSQL02",
        "SeverityLevel": {
          "value": "0"
        },
        "Alert_description": {
          "value": "SQL Connection Failed"
        },
        "Alert_name": {
          "value": "SQL Connection Failed"
        },
        "Alert_Schedule": {
          "value": {
            "Frequency": 5,
            "Time": 5
          }
        },
        "Alert_Source": {
          "value": {
            "Query": "AzureMetrics \n| where ResourceProvider == \"MICROSOFT.SQL\"  \n| where MetricName == \"connection_failed\" \n| summarize AggregatedValue=avg(Maximum) by bin(TimeGenerated,5m),SubscriptionId, ResourceId, Asset=Resource, MetricName=\"connection_failed\"",
            "SourceId": "[resourceId('microsoft.operationalinsights/workspaces', parameters('workspaceName'))]",
            "Type": "ResultCount"
          }
        },
        "Alert_Trigger": {
          "value": {
            "Operator": "GreaterThan",
            "Threshold": "5"
          }
        },
        "metricMeasurement": {
          "thresholdOperator": "GreaterThan",
          "threshold": "0",
          "metricTriggerType": "Consecutive",
          "metricColumn": "ResourceId"
        }
      },
      {
        "name": "AzureSQL03",
        "SeverityLevel": {
          "value": "1"
        },
        "Alert_description": {
          "value": "SQL High DTU"
        },
        "Alert_name": {
          "value": "SQL High DTU"
        },
        "Alert_Schedule": {
          "value": {
            "Frequency": 5,
            "Time": 5
          }
        },
        "Alert_Source": {
          "value": {
            "Query": "AzureMetrics \n| where ResourceProvider==\"MICROSOFT.SQL\" \n| where MetricName==\"dtu_consumption_percent\" \n| summarize AggregatedValue = max(Maximum) by bin(TimeGenerated, 5m), TimeGenerated, MetricName, Asset=Resource, ResourceId, SubscriptionId",
            "SourceId": "[resourceId('microsoft.operationalinsights/workspaces', parameters('workspaceName'))]",
            "Type": "ResultCount"
          }
        },
        "Alert_Trigger": {
          "value": {
            "Operator": "GreaterThan",
            "Threshold": "75"
          }
        },
        "metricMeasurement": {
          "thresholdOperator": "GreaterThan",
          "threshold": "3",
          "metricTriggerType": "Consecutive",
          "metricColumn": "ResourceId"
        }
      },
      {
        "name": "AzureSQLMI01",
        "SeverityLevel": {
          "value": "2"
        },
        "Alert_description": {
          "value": "Azure SQL - Managed Instance CPU Utilization High"
        },
        "Alert_name": {
          "value": "Azure SQL - Managed Instance CPU Utilization High"
        },
        "Alert_Schedule": {
          "value": {
            "Frequency": 60,
            "Time": 60
          }
        },
        "Alert_Source": {
          "value": {
            "Query": "AzureDiagnostics \n| where ResourceProvider == \"MICROSOFT.SQL\" and ResourceType == \"MANAGEDINSTANCES\" \n| project MetricValue= toreal(avg_cpu_percent_s), ResourceId, Category, SKU_s, LogicalServerName_s, TimeGenerated, TenantId, SubscriptionId, Type, ResourceType, Asset=Resource, MetricName = \"avg_cpu_percent\" \n| summarize AggregatedValue = max(MetricValue) by ResourceId, Category, SKU_s, LogicalServerName_s, TimeGenerated, TenantId, SubscriptionId, Type, ResourceType, Asset, MetricName, bin(TimeGenerated,60m)",
            "SourceId": "[resourceId('microsoft.operationalinsights/workspaces', parameters('workspaceName'))]",
            "Type": "ResultCount"
          }
        },
        "Alert_Trigger": {
          "value": {
            "Operator": "GreaterThan",
            "Threshold": "85"
          }
        },
        "metricMeasurement": {
          "thresholdOperator": "GreaterThan",
          "threshold": "0",
          "metricTriggerType": "Consecutive",
          "metricColumn": "ResourceId"
        }
      },
      {
        "name": "AzureSQLMI02",
        "SeverityLevel": {
          "value": "2"
        },
        "Alert_description": {
          "value": "Azure SQL - Managed Instance Storage Quota Consumption"
        },
        "Alert_name": {
          "value": "Azure SQL - Managed Instance Storage Quota Consumption"
        },
        "Alert_Schedule": {
          "value": {
            "Frequency": 60,
            "Time": 60
          }
        },
        "Alert_Source": {
          "value": {
            "Query": "AzureDiagnostics \n| where ResourceProvider == \"MICROSOFT.SQL\" and ResourceType == \"MANAGEDINSTANCES\" \n| project MetricValue= toreal(storage_space_used_mb_s) / toreal(reserved_storage_mb_s) * 100 , ResourceId, Category, SKU_s, LogicalServerName_s, TimeGenerated , TenantId, SubscriptionId , Type, ResourceType, Asset=Resource, MetricName = \"StorageQuotaPct\" \n|  summarize AggregatedValue = max(MetricValue) by  ResourceId, Category, SKU_s, LogicalServerName_s, TimeGenerated , TenantId, SubscriptionId , Type, ResourceType, Asset, MetricName, bin(TimeGenerated,60m)",
            "SourceId": "[resourceId('microsoft.operationalinsights/workspaces', parameters('workspaceName'))]",
            "Type": "ResultCount"
          }
        },
        "Alert_Trigger": {
          "value": {
            "Operator": "GreaterThan",
            "Threshold": "85"
          }
        },
        "metricMeasurement": {
          "thresholdOperator": "GreaterThan",
          "threshold": "0",
          "metricTriggerType": "Consecutive",
          "metricColumn": "ResourceId"
        }
      },
      {
        "name": "MySQL03",
        "SeverityLevel": {
          "value": "2"
        },
        "Alert_description": {
          "value": "MySQL - High Database Storage Quota"
        },
        "Alert_name": {
          "value": "MySQL - High Database Storage Quota"
        },
        "Alert_Schedule": {
          "value": {
            "Frequency": 5,
            "Time": 5
          }
        },
        "Alert_Source": {
          "value": {
            "Query": "AzureMetrics \n| where ResourceProvider  == \"MICROSOFT.DBFORMYSQL\" \n| where MetricName == \"storage_percent\" \n| summarize  AggregatedValue = max(Maximum) by bin(TimeGenerated,5m), SubscriptionId, ResourceId, Asset=Resource, MetricName",
            "SourceId": "[resourceId('microsoft.operationalinsights/workspaces', parameters('workspaceName'))]",
            "Type": "ResultCount"
          }
        },
        "Alert_Trigger": {
          "value": {
            "Operator": "GreaterThan",
            "Threshold": "75"
          }
        },
        "metricMeasurement": {
          "thresholdOperator": "GreaterThan",
          "threshold": "0",
          "metricTriggerType": "Consecutive",
          "metricColumn": "ResourceId"
        }
      },
      {
        "name": "MySQL04",
        "SeverityLevel": {
          "value": "2"
        },
        "Alert_description": {
          "value": "MySQL - High Log Storage Quota"
        },
        "Alert_name": {
          "value": "MySQL - High Log Storage Quota"
        },
        "Alert_Schedule": {
          "value": {
            "Frequency": 5,
            "Time": 5
          }
        },
        "Alert_Source": {
          "value": {
            "Query": "AzureMetrics \n| where ResourceProvider  == \"MICROSOFT.DBFORMYSQL\" \n| where MetricName == \"serverlog_storage_percent\" \n| summarize  AggregatedValue = max(Maximum) by bin(TimeGenerated,5m), SubscriptionId, ResourceId, Asset=Resource, MetricName",
            "SourceId": "[resourceId('microsoft.operationalinsights/workspaces', parameters('workspaceName'))]",
            "Type": "ResultCount"
          }
        },
        "Alert_Trigger": {
          "value": {
            "Operator": "GreaterThan",
            "Threshold": "75"
          }
        },
        "metricMeasurement": {
          "thresholdOperator": "GreaterThan",
          "threshold": "0",
          "metricTriggerType": "Consecutive",
          "metricColumn": "ResourceId"
        }
      },
      {
        "name": "MySQL05",
        "SeverityLevel": {
          "value": "2"
        },
        "Alert_description": {
          "value": "MySQL - High CPU Percentage"
        },
        "Alert_name": {
          "value": "MySQL - High CPU Percentage"
        },
        "Alert_Schedule": {
          "value": {
            "Frequency": 5,
            "Time": 30
          }
        },
        "Alert_Source": {
          "value": {
            "Query": "AzureMetrics \n| where ResourceProvider  == \"MICROSOFT.DBFORMYSQL\" \n| where MetricName == \"cpu_percent\" \n| summarize  AggregatedValue = avg(Average) by bin(TimeGenerated,5m), SubscriptionId, ResourceId, Asset=Resource, MetricName",
            "SourceId": "[resourceId('microsoft.operationalinsights/workspaces', parameters('workspaceName'))]",
            "Type": "ResultCount"
          }
        },
        "Alert_Trigger": {
          "value": {
            "Operator": "GreaterThan",
            "Threshold": "95"
          }
        },
        "metricMeasurement": {
          "thresholdOperator": "GreaterThan",
          "threshold": "0",
          "metricTriggerType": "Consecutive",
          "metricColumn": "ResourceId"
        }
      },
      {
        "name": "MySQL06",
        "SeverityLevel": {
          "value": "2"
        },
        "Alert_description": {
          "value": "MySQL - Failed Connections"
        },
        "Alert_name": {
          "value": "MySQL - Failed Connections"
        },
        "Alert_Schedule": {
          "value": {
            "Frequency": 5,
            "Time": 5
          }
        },
        "Alert_Source": {
          "value": {
            "Query": "AzureMetrics \n| where ResourceProvider == \"MICROSOFT.DBFORMYSQL\" \n| where MetricName == \"connections_failed\" \n| summarize AggregatedValue=sum(Total) by bin(TimeGenerated,5m), SubscriptionId, ResourceId, Asset=Resource, MetricName",
            "SourceId": "[resourceId('microsoft.operationalinsights/workspaces', parameters('workspaceName'))]",
            "Type": "ResultCount"
          }
        },
        "Alert_Trigger": {
          "value": {
            "Operator": "GreaterThan",
            "Threshold": "5"
          }
        },
        "metricMeasurement": {
          "thresholdOperator": "GreaterThan",
          "threshold": "5",
          "metricTriggerType": "Consecutive",
          "metricColumn": "ResourceId"
        }
      },
      {
        "name": "MySQL07",
        "SeverityLevel": {
          "value": "2"
        },
        "Alert_description": {
          "value": "MySQL - High IO Consumption"
        },
        "Alert_name": {
          "value": "MySQL - High IO Consumption"
        },
        "Alert_Schedule": {
          "value": {
            "Frequency": 5,
            "Time": 5
          }
        },
        "Alert_Source": {
          "value": {
            "Query": "AzureMetrics \n| where ResourceProvider  == \"MICROSOFT.DBFORMYSQL\" \n| where MetricName == \"io_consumption_percent\" \n| summarize  AggregatedValue = max(Maximum) by bin(TimeGenerated,5m), SubscriptionId, ResourceId, Asset=Resource, MetricName",
            "SourceId": "[resourceId('microsoft.operationalinsights/workspaces', parameters('workspaceName'))]",
            "Type": "ResultCount"
          }
        },
        "Alert_Trigger": {
          "value": {
            "Operator": "GreaterThan",
            "Threshold": "75"
          }
        },
        "metricMeasurement": {
          "thresholdOperator": "GreaterThan",
          "threshold": "0",
          "metricTriggerType": "Consecutive",
          "metricColumn": "ResourceId"
        }
      },
      {
        "name": "MySQL08",
        "SeverityLevel": {
          "value": "1"
        },
        "Alert_description": {
          "value": "MySQL - High Memory Percentage"
        },
        "Alert_name": {
          "value": "MySQL - High Memory Percentage"
        },
        "Alert_Schedule": {
          "value": {
            "Frequency": 5,
            "Time": 30
          }
        },
        "Alert_Source": {
          "value": {
            "Query": " AzureMetrics \n| where ResourceProvider  == \"MICROSOFT.DBFORMYSQL\" \n| where MetricName == \"memory_percent\" \n| summarize  AggregatedValue = avg(Average) by bin(TimeGenerated,5m), SubscriptionId, ResourceId, Asset=Resource, MetricName",
            "SourceId": "[resourceId('microsoft.operationalinsights/workspaces', parameters('workspaceName'))]",
            "Type": "ResultCount"
          }
        },
        "Alert_Trigger": {
          "value": {
            "Operator": "GreaterThan",
            "Threshold": "95"
          }
        },
        "metricMeasurement": {
          "thresholdOperator": "GreaterThan",
          "threshold": "4",
          "metricTriggerType": "Consecutive",
          "metricColumn": "ResourceId"
        }
      },
      {
        "name": "ActivityFailedRuns",
        "SeverityLevel": {
          "value": "1"
        },
        "Alert_description": {
          "value": "Failed Activity Run Threshold Breached"
        },
        "Alert_name": {
          "value": "Failed Activity Run Threshold Breached"
        },
        "Alert_Schedule": {
          "value": {
            "Frequency": 5,
            "Time": 5
          }
        },
        "Alert_Source": {
          "value": {
            "Query": "AzureMetrics \n| where ResourceProvider == \"MICROSOFT.DATAFACTORY\" and MetricName == \"ActivityFailedRuns\" \n| summarize AggregatedValue=sum(Total) by bin(TimeGenerated,5m), SubscriptionId, ResourceId, Asset=Resource, MetricName = 'ActivityFailedRuns'",
            "SourceId": "[resourceId('microsoft.operationalinsights/workspaces', parameters('workspaceName'))]",
            "Type": "ResultCount"
          }
        },
        "Alert_Trigger": {
          "value": {
            "Operator": "GreaterThan",
            "Threshold": "0"
          }
        },
        "metricMeasurement": {
          "thresholdOperator": "GreaterThan",
          "threshold": "0",
          "metricTriggerType": "Consecutive",
          "metricColumn": "ResourceId"
        }
      },
      {
        "name": "TriggerFailedRuns",
        "SeverityLevel": {
          "value": "1"
        },
        "Alert_description": {
          "value": "Failed Trigger Run Threshold Breached"
        },
        "Alert_name": {
          "value": "Failed Trigger Run Threshold Breached"
        },
        "Alert_Schedule": {
          "value": {
            "Frequency": 5,
            "Time": 5
          }
        },
        "Alert_Source": {
          "value": {
            "Query": "AzureMetrics \n| where ResourceProvider == \"MICROSOFT.DATAFACTORY\" and MetricName == \"TriggerFailedRuns\" \n| summarize AggregatedValue=sum(Total) by bin(TimeGenerated,5m), SubscriptionId, ResourceId, Asset=Resource, MetricName = 'TriggerFailedRuns'",
            "SourceId": "[resourceId('microsoft.operationalinsights/workspaces', parameters('workspaceName'))]",
            "Type": "ResultCount"
          }
        },
        "Alert_Trigger": {
          "value": {
            "Operator": "GreaterThan",
            "Threshold": "0"
          }
        },
        "metricMeasurement": {
          "thresholdOperator": "GreaterThan",
          "threshold": "0",
          "metricTriggerType": "Consecutive",
          "metricColumn": "ResourceId"
        }
      },
      {
        "name": "DataFactoryHighCpu",
        "SeverityLevel": {
          "value": "2"
        },
        "Alert_description": {
          "value": "DataFactory - High CPU Percentage"
        },
        "Alert_name": {
          "value": "DataFactory - High CPU Percentage"
        },
        "Alert_Schedule": {
          "value": {
            "Frequency": 5,
            "Time": 5
          }
        },
        "Alert_Source": {
          "value": {
            "Query": "AzureMetrics \n| where ResourceProvider  == \"MICROSOFT.DATAFACTORY\" \n| where MetricName == \"IntegrationRuntimeCpuPercentage\" \n| summarize  AggregatedValue = avg(Average) by bin(TimeGenerated,5m), SubscriptionId, ResourceId, Asset=Resource, MetricName",
            "SourceId": "[resourceId('microsoft.operationalinsights/workspaces', parameters('workspaceName'))]",
            "Type": "ResultCount"
          }
        },
        "Alert_Trigger": {
          "value": {
            "Operator": "GreaterThan",
            "Threshold": "95"
          }
        },
        "metricMeasurement": {
          "thresholdOperator": "GreaterThan",
          "threshold": "3",
          "metricTriggerType": "Consecutive",
          "metricColumn": "ResourceId"
        }
      }
    ]
  }
}
