{
  "$schema": "https://schema.management.azure.com/schemas/2018-05-01/subscriptionDeploymentTemplate.json#",
  "contentVersion": "1.0.0.0",
  "variables": {
    "SLA-Private-DNS-zone-joiner": "[guid('SLA-Private-DNS-zone-joiner')]",
    "SLA-Subnet-Joiner": "[guid('SLA-Subnet-Joiner')]",
    "SLA-Deployment": "[guid('SLA-Deployment')]",
    "SLA-Private-Endpoints": "[guid('SLA-Private-Endpoints')]",
    "SLA-Locking": "[guid('SLA-Locking')]"
  },
  "resources": [
    {
      "type": "Microsoft.Authorization/roleDefinitions",
      "apiVersion": "2018-07-01",
      "name": "[variables('SLA-Private-DNS-zone-joiner')]",
      "properties": {
        "roleName": "SLA Private DNS zone joiner",
        "description": "Private DNS zone join action",
        "id": "[variables('SLA-Private-DNS-zone-joiner')]",
        "type": "customRole",
        "isCustom": true,
        "permissions": [
          {
            "actions": [
              "Microsoft.Network/privateDnsZones/join/action"
            ],
            "notActions": [],
            "dataActions": [],
            "notDataActions": []
          }
        ],
        "assignableScopes": [
          "[subscription().id]"
        ]
      }
    },
    {
      "type": "Microsoft.Authorization/roleDefinitions",
      "apiVersion": "2018-07-01",
      "name": "[variables('SLA-Subnet-Joiner')]",
      "properties": {
        "roleName": "SLA Subnet Joiner",
        "description": "Subnet write and join action",
        "id": "[variables('SLA-Subnet-Joiner')]",
        "type": "customRole",
        "isCustom": true,
        "permissions": [
          {
            "actions": [
              "Microsoft.Network/virtualNetworks/subnets/write",
              "Microsoft.Network/virtualNetworks/subnets/join/action"
            ],
            "notActions": [],
            "dataActions": [],
            "notDataActions": []
          }
        ],
        "assignableScopes": [
          "[subscription().id]"
        ]
      }
    },
    {
      "type": "Microsoft.Authorization/roleDefinitions",
      "apiVersion": "2018-07-01",
      "name": "[variables('SLA-Deployment')]",
      "properties": {
        "roleName": "SLA Deployment",
        "description": "Deployment write action",
        "id": "[variables('SLA-Deployment')]",
        "type": "customRole",
        "isCustom": true,
        "permissions": [
          {
            "actions": [
              "Microsoft.Resources/deployments/write"
            ],
            "notActions": [],
            "dataActions": [],
            "notDataActions": []
          }
        ],
        "assignableScopes": [
          "[subscription().id]"
        ]
      }
    },
    {
      "type": "Microsoft.Authorization/roleDefinitions",
      "apiVersion": "2018-07-01",
      "name": "[variables('SLA-Private-Endpoints')]",
      "properties": {
        "roleName": "SLA Private Endpoints",
        "description": "Private Endpoints actions",
        "id": "[variables('SLA-Private-Endpoints')]",
        "type": "customRole",
        "isCustom": true,
        "permissions": [
          {
            "actions": [
              "Microsoft.Network/privateEndpoints/write",
              "Microsoft.Network/privateEndpoints/delete",
              "Microsoft.Network/privateEndpoints/privateDnsZoneGroups/write",
              "Microsoft.Network/networkInterfaces/delete"
            ],
            "notActions": [],
            "dataActions": [],
            "notDataActions": []
          }
        ],
        "assignableScopes": [
          "[subscription().id]"
        ]
      }
    },
    {
      "type": "Microsoft.Authorization/roleDefinitions",
      "apiVersion": "2018-07-01",
      "name": "[variables('SLA-Locking')]",
      "properties": {
        "roleName": "SLA Locking",
        "description": "Lock actions",
        "id": "[variables('SLA-Locking')]",
        "type": "customRole",
        "isCustom": true,
        "permissions": [
          {
            "actions": [
              "Microsoft.Authorization/locks/read",
              "Microsoft.Authorization/locks/write",
              "Microsoft.Authorization/locks/delete"
            ],
            "notActions": [],
            "dataActions": [],
            "notDataActions": []
          }
        ],
        "assignableScopes": [
          "[subscription().id]"
        ]
      }
    }
  ]
}
