{
  "$schema": "https://schema.management.azure.com/schemas/2019-04-01/deploymentTemplate.json#",
  "contentVersion": "1.0.0.0",
  "parameters": {
    "tags": {
      "type": "object",
      "metadata": {
        "description": "Object of tags to apply to resources to be created."
      },
      "defaultValue": {
        "environment": "core"
      }
    },
    "AdminUsername": {
      "type": "string",
      "metadata": {
        "description": "Name of the default administrator user to be configured."
      }
    },
    "AdminPassword": {
      "type": "securestring",
      "metadata": {
        "description": "Password of the default administrator user to be configured."
      }
    },
    "AvailabilitySetPlatformFaultDomainCount": {
      "type": "string",
      "defaultValue": "2",
      "allowedValues": [
        "2",
        "3"
      ],
      "metadata": {
        "description": "Number of fault domains to be configured for the availability set."
      }
    },
    "AvailabilitySetPlatformUpdateDomainCount": {
      "type": "string",
      "defaultValue": "5",
      "metadata": {
        "description": "Number of update domains to be configured for the availability set."
      }
    },
    "DataDiskSize": {
      "type": "string",
      "defaultValue": "125",
      "metadata": {
        "description": "VM Data Disk size in GB"
      }
    },
    "SubnetName": {
      "type": "string",
      "metadata": {
        "description": "Name of the subnet to deploy resources into."
      }
    },
    "VirtualNetworkName": {
      "type": "string",
      "metadata": {
        "description": "Name of the Virtual Network to deploy resources into."
      }
    },
    "virtualNetworkRgName": {
      "type": "string",
      "metadata": {
        "description": "Name of the Resource Group containing the Virtual Network to deploy resources into."
      }
    },
    "availabilitySetName": {
      "type": "string",
      "metadata": {
        "description": "Name of the Availability set that will be created to deploy resources into."
      }
    },
    "vmNames": {
      "type": "array",
      "defaultValue": [
        "dc1",
        "dc2"
      ],
      "metadata": {
        "description": "Array of names for the virtual machines to be deployed."
      }
    },
    "vmIpAddresses": {
      "type": "array",
      "defaultValue": [
        "10.10.1.1",
        "10.10.1.2"
      ],
      "metadata": {
        "description": "Array of IP addresses for the virtual machines to be deployed."
      }
    },
    "VmSize": {
      "type": "string",
      "defaultValue": "Standard_DS2_v2",
      "metadata": {
        "description": "Size for the virtual machines to be deployed."
      }
    },
    "vmDiskType": {
      "type": "string",
      "defaultValue": "Standard_LRS",
      "metadata": {
        "description": "Disk type for the virtual machines to be deployed."
      }
    }
  },
  "variables": {
    "vnetId": "[resourceId(parameters('virtualNetworkRgName'),'Microsoft.Network/virtualNetworks', parameters('VirtualNetworkName'))]",
    "subnetRef": "[concat(variables('vnetId'), '/subnets/', parameters('SubnetName'))]",
    "virtualMachineCount": "[length(parameters('vmNames'))]",
    "sasToken": "[concat('?',split(deployment().properties.templateLink.uri,'?')[1])]",
    "dnsModulesURL": "[concat(uri(deployment().properties.templateLink.uri, 'ConfigureDNS.zip'), variables('sasToken'))]",
    "dnsCreationFunction": "ConfigureDNS.ps1\\ConfigureDNS"
  },
  "resources": [
    {
      "type": "Microsoft.Compute/availabilitySets",
      "apiVersion": "2016-04-30-preview",
      "name": "[parameters('availabilitySetName')]",
      "location": "[resourceGroup().location]",
      "tags": "[parameters('tags')]",
      "properties": {
        "platformFaultDomainCount": "[parameters('AvailabilitySetPlatformFaultDomainCount')]",
        "platformUpdateDomainCount": "[parameters('AvailabilitySetPlatformUpdateDomainCount')]",
        "managed": true
      }
    },
    {
      "type": "Microsoft.Network/networkInterfaces",
      "apiVersion": "2018-01-01",
      "name": "[concat(parameters('vmNames')[copyindex()], '-nic')]",
      "location": "[resourceGroup().location]",
      "dependsOn": [],
      "tags": "[parameters('tags')]",
      "properties": {
        "ipConfigurations": [
          {
            "name": "ipconfig1",
            "properties": {
              "subnet": {
                "id": "[variables('subnetRef')]"
              },
              "privateIPAllocationMethod": "Static",
              "privateIPAddress": "[parameters('vmIpAddresses')[copyindex()]]"
            }
          }
        ]
      },
      "copy": {
        "name": "nicCopy",
        "count": "[variables('virtualMachineCount')]"
      }
    },
    {
      "type": "Microsoft.Compute/virtualMachines",
      "apiVersion": "2016-04-30-preview",
      "name": "[parameters('vmNames')[copyindex()]]",
      "location": "[resourceGroup().location]",
      "dependsOn": [
        "nicCopy",
        "[concat('Microsoft.Compute/availabilitySets/', parameters('availabilitySetName'))]"
      ],
      "tags": "[parameters('tags')]",
      "properties": {
        "osProfile": {
          "computerName": "[parameters('vmNames')[copyindex()]]",
          "adminUsername": "[parameters('AdminUsername')]",
          "adminPassword": "[parameters('AdminPassword')]",
          "windowsConfiguration": {
            "provisionVmAgent": true
          }
        },
        "hardwareProfile": {
          "vmSize": "[parameters('VmSize')]"
        },
        "storageProfile": {
          "imageReference": {
            "publisher": "MicrosoftWindowsServer",
            "offer": "WindowsServer",
            "sku": "2019-Datacenter",
            "version": "latest"
          },
          "osDisk": {
            "createOption": "FromImage",
            "name": "[concat(parameters('vmNames')[copyindex()],'-osdisk')]",
            "managedDisk": {
              "storageAccountType": "[parameters('vmDiskType')]"
            }
          },
          "dataDisks": [
            {
              "lun": 0,
              "name": "[concat(parameters('vmNames')[copyindex()],'-datadisk-00')]",
              "caching": "None",
              "createOption": "Empty",
              "diskSizeGB": "[parameters('DataDiskSize')]",
              "managedDisk": {
                "storageAccountType": "[parameters('vmDiskType')]"
              }
            }
          ]
        },
        "networkProfile": {
          "networkInterfaces": [
            {
              "id": "[resourceId('Microsoft.Network/networkInterfaces', concat(parameters('vmNames')[copyindex()],'-nic'))]"
            }
          ]
        },
        "availabilitySet": {
          "id": "[resourceId('Microsoft.Compute/availabilitySets', parameters('availabilitySetName'))]"
        }
      },
      "copy": {
        "name": "vmCopy",
        "count": "[variables('virtualMachineCount')]"
      }
    },
    {
      "type": "Microsoft.Compute/virtualMachines/extensions",
      "apiVersion": "2017-03-30",
      "name": "[concat(parameters('vmNames')[copyindex()], '/antimalware')]",
      "location": "[resourceGroup().location]",
      "dependsOn": [
        "vmCopy"
      ],
      "properties": {
        "publisher": "Microsoft.Azure.Security",
        "type": "IaaSAntimalware",
        "typeHandlerVersion": "1.3",
        "autoUpgradeMinorVersion": true,
        "settings": {
          "AntimalwareEnabled": true,
          "Exclusions": {
            "Paths": "E:\\",
            "Extensions": "",
            "Processes": ""
          },
          "RealtimeProtectionEnabled": "true",
          "ScheduledScanSettings": {
            "isEnabled": "true",
            "scanType": "Quick",
            "day": "7",
            "time": "120"
          }
        },
        "protectedSettings": null
      },
      "copy": {
        "name": "antimalwareCopy",
        "count": "[variables('virtualMachineCount')]"
      }
    },
    {
      "type": "Microsoft.Compute/virtualMachines/extensions",
      "apiVersion": "2017-03-30",
      "name": "[concat(parameters('vmNames')[copyindex()], '/CreateDNSServer')]",
      "location": "[resourceGroup().location]",
      "dependsOn": [
        "[resourceId('Microsoft.Compute/virtualMachines', parameters('vmNames')[copyindex()])]",
        "[concat('Microsoft.Compute/virtualMachines/', parameters('vmNames')[copyindex()], '/extensions/antimalware')]"
      ],
      "properties": {
        "publisher": "Microsoft.Powershell",
        "type": "DSC",
        "typeHandlerVersion": "2.19",
        "autoUpgradeMinorVersion": true,
        "settings": {
          "modulesUrl": "[variables('dnsModulesURL')]",
          "configurationFunction": "[variables('dnsCreationFunction')]",
          "Properties": ""
        },
        "protectedSettings": {
        }
      },
      "copy": {
        "name": "createDNSServerCopy",
        "count": "[variables('virtualMachineCount')]"
      }
    }
  ]
}