{
  "$schema": "https://schema.management.azure.com/schemas/2019-04-01/deploymentTemplate.json#",
  "contentVersion": "1.0.0.0",
  "parameters": {
    "tags": {
      "type": "object",
      "metadata": {
        "description": "Object of tags to apply to resources to be created."
      },
      "defaultValue": {
        "environment": "hub"
      }
    },
    "vnetName": {
      "type": "string",
      "metadata": {
        "description": "Name of the hub virtual network to be created."
      }
    },
    "dnsForwarders": {
      "type": "array",
      "metadata": {
        "description": "Values to be set as the default DNS servers for the virtual network to be created."
      },
      "defaultValue": [
      ]
    },
    "vpnGwName": {
      "type": "string",
      "metadata": {
        "description": "Name for the VPN gateway"
      }
    },
    "vpnGwSku": {
      "type": "string",
      "metadata": {
        "description": "SKU for the VPN gateway"
      }
    },
    "vpnGwIpName": {
      "type": "string",
      "metadata": {
        "description": "Name for the VPN gateway's public IP"
      }
    },
    "firewallName": {
      "type": "string",
      "metadata": {
        "description": "Name for the Azure Firewall to be created."
      }
    },
    "firewallIpName": {
      "type": "string",
      "metadata": {
        "description": "Name for the Azure Firewall Public IP to be created."
      }
    },
    "bastionName": {
      "type": "string",
      "metadata": {
        "description": "Name for the Azure Bastion resource"
      }
    },
    "bastionNsgName": {
      "type": "string",
      "metadata": {
        "description": "Name for the Azure Bastion NSG"
      }
    },
    "bastionIpName": {
      "type": "string",
      "metadata": {
        "description": "Name for the Azure Bastion Public IP to be created."
      }
    },
    "routeTableName": {
      "type": "string",
      "metadata": {
        "description": "Name for the workload subnet Azure Route Table to be created."
      }
    },
    "applicationGatewaySubnetName": {
      "type": "string",
      "metadata": {
        "description": "Name for the Application Gateway subnet to be created."
      }
    },
    "applicationGatewayRouteTableName": {
      "type": "string",
      "metadata": {
        "description": "Name for the application gateway subnet Azure Route Table to be created."
      }
    },
    "applicationGatewaySubnetNsgName": {
      "type": "string",
      "metadata": {
        "description": "Name for the application gateway subnet Network Security Group to be created."
      }
    },
    "applicationGatewayName": {
      "type": "string",
      "defaultValue": "",
      "metadata": {
        "description": "Name for the Application Gateway to be created. If this parameter is not supplied, none will be created."
      }
    },
    "applicationGatewayPublicIpName": {
      "type": "string",
      "defaultValue": "",
      "metadata": {
        "description": "Name for the Application Gateway Public IP to be created. Can be left blank if applicationGatewayName parameter is not supplied."
      }
    },
    "applicationGatewayInstanceCount": {
      "type": "int",
      "defaultValue": 2,
      "allowedValues": [
        null,
        2,
        3,
        4,
        6,
        7,
        8,
        9,
        10
      ],
      "metadata": {
        "description": "Number of instances to be created for the Application Gateway that is to be created. Can be left null if applicationGatewayName parameter is not supplied."
      }
    },
    "azureIpSpace": {
      "type": "string",
      "metadata": {
        "description": "The total Azure IP Address Space (CIDR Block) that needs to be reachable via the VPN Gateway. "
      }
    },
    "vnetIpSpace": {
      "type": "string",
      "metadata": {
        "description": "The IP Address Space (CIDR Block) for the virtual network to be created."
      }
    },
    "workloadSubnetName": {
      "type": "string",
      "metadata": {
        "description": "Name for the Workload Subnet to be created."
      }
    },
    "workloadIpSubnet": {
      "type": "string",
      "metadata": {
        "description": "IP Address Space (CIDR Block) for the Workload Subnet to be created."
      }
    },
    "workloadIpSubnetNsgName": {
      "type": "string",
      "metadata": {
        "description": "Name for the Network Security Group to be attached to the Workload Subnet to be created."
      }
    },
    "bastionIpSubnet": {
      "type": "string",
      "metadata": {
        "description": "IP Address Space (CIDR Block) for the Azure Bastion Subnet to be created."
      }
    },
    "gatewayIpSubnet": {
      "type": "string",
      "metadata": {
        "description": "IP Address Space (CIDR Block) for the Gateway Subnet to be created."
      }
    },
    "firewallIpSubnet": {
      "type": "string",
      "metadata": {
        "description": "IP Address Space (CIDR Block) for the Firewall Subnet to be created."
      }
    },
    "applicationGatewayIpSubnet": {
      "type": "string",
      "metadata": {
        "description": "IP Address Space (CIDR Block) for the Application Gateway Subnet to be created."
      }
    },
    "FirewallAvailabilityZones": {
      "type": "array",
      "metadata": {
        "description": "Array of availability zones for the Azure Firewall to be deployed in."
      },
      "defaultValue": [
        "1"
      ]
    }
  },
  "variables": {
  },
  "resources": [
    {
      "type": "Microsoft.Network/networkSecurityGroups",
      "apiVersion": "2015-06-15",
      "name": "[parameters('workloadIpSubnetNsgName')]",
      "location": "[resourceGroup().location]",
      "tags": "[parameters('tags')]",
      "properties": {
        "securityRules": [
        ],
        "defaultSecurityRules": [
          {
            "name": "AllowVnetInBound",
            "properties": {
              "description": "Allow inbound traffic from all VMs in VNET",
              "protocol": "*",
              "sourcePortRange": "*",
              "destinationPortRange": "*",
              "sourceAddressPrefix": "VirtualNetwork",
              "destinationAddressPrefix": "VirtualNetwork",
              "access": "Allow",
              "priority": 65000,
              "direction": "Inbound",
              "sourcePortRanges": [
              ],
              "destinationPortRanges": [
              ],
              "sourceAddressPrefixes": [
              ],
              "destinationAddressPrefixes": [
              ]
            }
          },
          {
            "name": "AllowAzureLoadBalancerInBound",
            "properties": {
              "description": "Allow inbound traffic from azure load balancer",
              "protocol": "*",
              "sourcePortRange": "*",
              "destinationPortRange": "*",
              "sourceAddressPrefix": "AzureLoadBalancer",
              "destinationAddressPrefix": "*",
              "access": "Allow",
              "priority": 65001,
              "direction": "Inbound",
              "sourcePortRanges": [
              ],
              "destinationPortRanges": [
              ],
              "sourceAddressPrefixes": [
              ],
              "destinationAddressPrefixes": [
              ]
            }
          },
          {
            "name": "DenyAllInBound",
            "properties": {
              "description": "Deny all inbound traffic",
              "protocol": "*",
              "sourcePortRange": "*",
              "destinationPortRange": "*",
              "sourceAddressPrefix": "*",
              "destinationAddressPrefix": "*",
              "access": "Deny",
              "priority": 65500,
              "direction": "Inbound",
              "sourcePortRanges": [
              ],
              "destinationPortRanges": [
              ],
              "sourceAddressPrefixes": [
              ],
              "destinationAddressPrefixes": [
              ]
            }
          },
          {
            "name": "AllowVnetOutBound",
            "properties": {
              "description": "Allow outbound traffic from all VMs to all VMs in VNET",
              "protocol": "*",
              "sourcePortRange": "*",
              "destinationPortRange": "*",
              "sourceAddressPrefix": "VirtualNetwork",
              "destinationAddressPrefix": "VirtualNetwork",
              "access": "Allow",
              "priority": 65000,
              "direction": "Outbound",
              "sourcePortRanges": [
              ],
              "destinationPortRanges": [
              ],
              "sourceAddressPrefixes": [
              ],
              "destinationAddressPrefixes": [
              ]
            }
          },
          {
            "name": "AllowInternetOutBound",
            "properties": {
              "description": "Allow outbound traffic from all VMs to Internet",
              "protocol": "*",
              "sourcePortRange": "*",
              "destinationPortRange": "*",
              "sourceAddressPrefix": "*",
              "destinationAddressPrefix": "Internet",
              "access": "Allow",
              "priority": 65001,
              "direction": "Outbound",
              "sourcePortRanges": [
              ],
              "destinationPortRanges": [
              ],
              "sourceAddressPrefixes": [
              ],
              "destinationAddressPrefixes": [
              ]
            }
          },
          {
            "name": "DenyAllOutBound",
            "properties": {
              "description": "Deny all outbound traffic",
              "protocol": "*",
              "sourcePortRange": "*",
              "destinationPortRange": "*",
              "sourceAddressPrefix": "*",
              "destinationAddressPrefix": "*",
              "access": "Deny",
              "priority": 65500,
              "direction": "Outbound",
              "sourcePortRanges": [
              ],
              "destinationPortRanges": [
              ],
              "sourceAddressPrefixes": [
              ],
              "destinationAddressPrefixes": [
              ]
            }
          }
        ]
      }
    },
    {
      "type": "Microsoft.Network/ddosProtectionPlans",
      "apiVersion": "2019-12-01",
      "name": "[parameters('vnetName')]",
      "location": "[resourceGroup().location]",
      "tags": "[parameters('tags')]",
      "dependsOn": [
        "[resourceId('Microsoft.Network/virtualNetworks', parameters('vnetName'))]"
      ],
      "properties": {
        "virtualNetworks": [
          {
            "id": "[resourceId('Microsoft.Network/virtualNetworks', parameters('vnetName'))]"
          }
        ]
      }
    },
    {
      "type": "Microsoft.Network/virtualNetworks",
      "apiVersion": "2019-11-01",
      "name": "[parameters('vnetName')]",
      "location": "[resourceGroup().location]",
      "tags": "[parameters('tags')]",
      "dependsOn": [
        "[resourceId('Microsoft.Network/networkSecurityGroups', parameters('bastionNsgName'))]",
        "[resourceId('Microsoft.Network/networkSecurityGroups', parameters('workloadIpSubnetNsgName'))]",
        "[resourceId('Microsoft.Network/networkSecurityGroups', parameters('applicationGatewaySubnetNsgName'))]"
      ],
      "properties": {
        "addressSpace": {
          "addressPrefixes": [
            "[parameters('vnetIpSpace')]"
          ]
        },
        "dhcpOptions": {
          "dnsServers": "[parameters('dnsForwarders')]"
        },
        "subnets": [
          {
            "name": "AzureFirewallSubnet",
            "properties": {
              "addressPrefix": "[parameters('firewallIpSubnet')]"
            }
          },
          {
            "name": "GatewaySubnet",
            "properties": {
              "addressPrefix": "[parameters('gatewayIpSubnet')]"
            }
          },
          {
            "name": "AzureBastionSubnet",
            "properties": {
              "addressPrefix": "[parameters('bastionIpSubnet')]",
              "networkSecurityGroup": {
                "id": "[resourceId('Microsoft.Network/networkSecurityGroups', parameters('bastionNsgName'))]"
              }
            }
          },
          {
            "name": "[parameters('applicationGatewaySubnetName')]",
            "properties": {
              "addressPrefix": "[parameters('applicationGatewayIpSubnet')]",
              "networkSecurityGroup": {
                "id": "[resourceId('Microsoft.Network/networkSecurityGroups', parameters('applicationGatewaySubnetNsgName'))]"
              },
              "routeTable": {
                "id": "[resourceId('Microsoft.Network/routeTables', parameters('applicationGatewayRouteTableName'))]"
              }
            }
          },
          {
            "name": "[parameters('workloadSubnetName')]",
            "properties": {
              "addressPrefix": "[parameters('workloadIpSubnet')]",
              "networkSecurityGroup": {
                "id": "[resourceId('Microsoft.Network/networkSecurityGroups', parameters('workloadIpSubnetNsgName'))]"
              },
              "routeTable": {
                "id": "[resourceId('Microsoft.Network/routeTables', parameters('routeTableName'))]"
              }
            }
          }
        ]
      }
    },
    {
      "type": "Microsoft.Network/routeTables",
      "apiVersion": "2019-04-01",
      "name": "[parameters('routeTableName')]",
      "location": "[resourceGroup().location]",
      "tags": "[parameters('tags')]",
      "dependsOn": [
      ],
      "properties": {
        "disableBgpRoutePropagation": true
      }
    },
    {
      "type": "Microsoft.Network/routeTables/routes",
      "apiVersion": "2019-11-01",
      "name": "[concat(parameters('routeTableName'), '/', 'AzureFirewallDefaultRoute')]",
      "dependsOn": [
        "[resourceId('Microsoft.Network/azureFirewalls', parameters('firewallName'))]"
      ],
      "properties": {
        "addressPrefix": "0.0.0.0/0",
        "nextHopType": "VirtualAppliance",
        "nextHopIpAddress": "[reference(resourceId('Microsoft.Network/azureFirewalls', parameters('firewallName'))).ipConfigurations[0].properties.privateIPAddress]"
      }
    },
    {
      "type": "Microsoft.Network/routeTables",
      "apiVersion": "2019-04-01",
      "name": "[parameters('applicationGatewayRouteTableName')]",
      "location": "[resourceGroup().location]",
      "tags": "[parameters('tags')]",
      "dependsOn": [
      ],
      "properties": {
        "disableBgpRoutePropagation": true
      }
    },
    {
      "type": "Microsoft.Network/publicIPAddresses",
      "apiVersion": "2019-04-01",
      "name": "[parameters('firewallIpName')]",
      "location": "[resourceGroup().location]",
      "tags": "[parameters('tags')]",
      "sku": {
        "name": "Standard"
      },
      "properties": {
        "publicIPAllocationMethod": "Static",
        "publicIPAddressVersion": "IPv4"
      }
    },
    {
      "type": "Microsoft.Network/azureFirewalls",
      "apiVersion": "2019-04-01",
      "name": "[parameters('firewallName')]",
      "location": "[resourceGroup().location]",
      "tags": "[parameters('tags')]",
      "dependsOn": [
        "[resourceId('Microsoft.Network/virtualNetworks', parameters('vnetName'))]",
        "[resourceId('Microsoft.Network/publicIPAddresses', parameters('firewallIpName'))]"
      ],
      "zones": "[if(equals(length(parameters('firewallAvailabilityZones')), 0), json('null'), parameters('firewallAvailabilityZones'))]",
      "properties": {
        "ipConfigurations": [
          {
            "name": "[parameters('firewallName')]",
            "properties": {
              "subnet": {
                "id": "[resourceId('Microsoft.Network/virtualNetworks/subnets', parameters('vnetName'), 'AzureFirewallSubnet')]"
              },
              "publicIPAddress": {
                "id": "[resourceId('Microsoft.Network/publicIPAddresses', parameters('firewallIpName'))]"
              }
            }
          }
        ],
        "applicationRuleCollections": [
        ],
        "networkRuleCollections": [
          {
            "name": "allowAllOut",
            "properties": {
              "priority": 200,
              "action": {
                "type": "Allow"
              },
              "rules": [
                {
                  "name": "allowRFC1918PrivateOut",
                  "protocols": [
                    "Any"
                  ],

                  "sourceAddresses": [
                    "[parameters('azureIpSpace')]"
                  ],
                  "destinationAddresses": [
                    "*"
                  ],
                  "destinationPorts": [
                    "*"
                  ]
                }
              ]
            }
          }
        ]
      }
    },
    {
      "type": "Microsoft.Network/publicIPAddresses",
      "apiVersion": "2019-04-01",
      "name": "[parameters('bastionIpName')]",
      "location": "[resourceGroup().location]",
      "tags": "[parameters('tags')]",
      "sku": {
        "name": "Standard"
      },
      "properties": {
        "publicIPAllocationMethod": "Static",
        "publicIPAddressVersion": "IPv4"
      }
    },
    {
      "type": "Microsoft.Network/bastionHosts",
      "apiVersion": "2019-04-01",
      "name": "[parameters('bastionName')]",
      "location": "[resourceGroup().location]",
      "tags": "[parameters('tags')]",
      "dependsOn": [
        "[resourceId('Microsoft.Network/publicIpAddresses', parameters('bastionIpName'))]",
        "[resourceId('Microsoft.Network/virtualNetworks', parameters('vnetName'))]"
      ],
      "properties": {
        "ipConfigurations": [
          {
            "name": "AzureBastion",
            "properties": {
              "subnet": {
                "id": "[resourceId('Microsoft.Network/virtualNetworks/subnets', parameters('vnetName'), 'AzureBastionSubnet')]"
              },
              "publicIPAddress": {
                "id": "[resourceId('Microsoft.Network/publicIpAddresses', parameters('bastionIpName'))]"
              }
            }
          }
        ],
        "dnsName": "string"
      }
    },
    {
      "apiVersion": "2017-06-01",
      "type": "Microsoft.Network/networkSecurityGroups",
      "name": "[parameters('bastionNsgName')]",
      "location": "[resourceGroup().location]",
      "tags": "[parameters('tags')]",
      "properties": {
        "securityRules": [
          {
            "name": "bastion-in-allow",
            "properties": {
              "protocol": "Tcp",
              "sourcePortRange": "*",
              "sourceAddressPrefix": "*",
              "destinationPortRange": "443",
              "destinationAddressPrefix": "*",
              "access": "Allow",
              "priority": 100,
              "direction": "Inbound"
            }
          },
          {
            "name": "bastion-control-in-allow",
            "properties": {
              "protocol": "Tcp",
              "sourcePortRange": "*",
              "sourceAddressPrefix": "GatewayManager",
              "destinationPortRanges": [
                "443",
                "4443"
              ],
              "destinationAddressPrefix": "*",
              "access": "Allow",
              "priority": 120,
              "direction": "Inbound"
            }
          },
          {
            "name": "bastion-in-deny",
            "properties": {
              "protocol": "*",
              "sourcePortRange": "*",
              "destinationPortRange": "*",
              "sourceAddressPrefix": "*",
              "destinationAddressPrefix": "*",
              "access": "Deny",
              "priority": 900,
              "direction": "Inbound"
            }
          },
          {
            "name": "bastion-vnet-out-allow",
            "properties": {
              "protocol": "Tcp",
              "sourcePortRange": "*",
              "sourceAddressPrefix": "*",
              "destinationPortRanges": [
                "22",
                "3389"
              ],
              "destinationAddressPrefix": "VirtualNetwork",
              "access": "Allow",
              "priority": 100,
              "direction": "Outbound"
            }
          },
          {
            "name": "bastion-azure-out-allow",
            "properties": {
              "protocol": "Tcp",
              "sourcePortRange": "*",
              "sourceAddressPrefix": "*",
              "destinationPortRange": "443",
              "destinationAddressPrefix": "AzureCloud",
              "access": "Allow",
              "priority": 120,
              "direction": "Outbound"
            }
          }
        ],
        "defaultSecurityRules": [
          {
            "name": "AllowVnetInBound",
            "properties": {
              "description": "Allow inbound traffic from all VMs in VNET",
              "protocol": "*",
              "sourcePortRange": "*",
              "destinationPortRange": "*",
              "sourceAddressPrefix": "VirtualNetwork",
              "destinationAddressPrefix": "VirtualNetwork",
              "access": "Allow",
              "priority": 65000,
              "direction": "Inbound",
              "sourcePortRanges": [
              ],
              "destinationPortRanges": [
              ],
              "sourceAddressPrefixes": [
              ],
              "destinationAddressPrefixes": [
              ]
            }
          },
          {
            "name": "AllowAzureLoadBalancerInBound",
            "properties": {
              "description": "Allow inbound traffic from azure load balancer",
              "protocol": "*",
              "sourcePortRange": "*",
              "destinationPortRange": "*",
              "sourceAddressPrefix": "AzureLoadBalancer",
              "destinationAddressPrefix": "*",
              "access": "Allow",
              "priority": 65001,
              "direction": "Inbound",
              "sourcePortRanges": [
              ],
              "destinationPortRanges": [
              ],
              "sourceAddressPrefixes": [
              ],
              "destinationAddressPrefixes": [
              ]
            }
          },
          {
            "name": "DenyAllInBound",
            "properties": {
              "description": "Deny all inbound traffic",
              "protocol": "*",
              "sourcePortRange": "*",
              "destinationPortRange": "*",
              "sourceAddressPrefix": "*",
              "destinationAddressPrefix": "*",
              "access": "Deny",
              "priority": 65500,
              "direction": "Inbound",
              "sourcePortRanges": [
              ],
              "destinationPortRanges": [
              ],
              "sourceAddressPrefixes": [
              ],
              "destinationAddressPrefixes": [
              ]
            }
          },
          {
            "name": "AllowVnetOutBound",
            "properties": {
              "description": "Allow outbound traffic from all VMs to all VMs in VNET",
              "protocol": "*",
              "sourcePortRange": "*",
              "destinationPortRange": "*",
              "sourceAddressPrefix": "VirtualNetwork",
              "destinationAddressPrefix": "VirtualNetwork",
              "access": "Allow",
              "priority": 65000,
              "direction": "Outbound",
              "sourcePortRanges": [
              ],
              "destinationPortRanges": [
              ],
              "sourceAddressPrefixes": [
              ],
              "destinationAddressPrefixes": [
              ]
            }
          },
          {
            "name": "AllowInternetOutBound",
            "properties": {
              "description": "Allow outbound traffic from all VMs to Internet",
              "protocol": "*",
              "sourcePortRange": "*",
              "destinationPortRange": "*",
              "sourceAddressPrefix": "*",
              "destinationAddressPrefix": "Internet",
              "access": "Allow",
              "priority": 65001,
              "direction": "Outbound",
              "sourcePortRanges": [
              ],
              "destinationPortRanges": [
              ],
              "sourceAddressPrefixes": [
              ],
              "destinationAddressPrefixes": [
              ]
            }
          },
          {
            "name": "DenyAllOutBound",
            "properties": {
              "description": "Deny all outbound traffic",
              "protocol": "*",
              "sourcePortRange": "*",
              "destinationPortRange": "*",
              "sourceAddressPrefix": "*",
              "destinationAddressPrefix": "*",
              "access": "Deny",
              "priority": 65500,
              "direction": "Outbound",
              "sourcePortRanges": [
              ],
              "destinationPortRanges": [
              ],
              "sourceAddressPrefixes": [
              ],
              "destinationAddressPrefixes": [
              ]
            }
          }
        ]
      }
    },
    {
      "apiVersion": "2015-06-15",
      "type": "Microsoft.Network/publicIPAddresses",
      "name": "[parameters('vpnGwIpName')]",
      "location": "[resourceGroup().location]",
      "tags": "[parameters('tags')]",
      "properties": {
        "publicIPAllocationMethod": "Dynamic",
        "publicIPAddressVersion": "IPv4"
      }
    },
    {
      "apiVersion": "2018-07-01",
      "type": "Microsoft.Network/virtualNetworkGateways",
      "name": "[parameters('vpnGwName')]",
      "location": "[resourceGroup().location]",
      "tags": "[parameters('tags')]",
      "dependsOn": [
        "[resourceId('Microsoft.Network/virtualNetworks', parameters('vnetName'))]",
        "[resourceId('Microsoft.Network/publicIPAddresses', parameters('vpnGwIpName'))]"
      ],
      "properties": {
        "ipConfigurations": [
          {
            "properties": {
              "privateIPAllocationMethod": "Dynamic",
              "subnet": {
                "id": "[resourceId('Microsoft.Network/virtualNetworks/subnets', parameters('vnetName'), 'GatewaySubnet')]"
              },
              "publicIPAddress": {
                "id": "[resourceId('Microsoft.Network/publicIPAddresses', parameters('vpnGwIpName'))]"
              }
            },
            "name": "vnetGatewayConfig"
          }
        ],
        "sku": {
          "name": "[parameters('vpnGwSku')]",
          "tier": "[parameters('vpnGwSku')]"
        },
        "gatewayType": "Vpn",
        "vpnType": "RouteBased",
        "enableBgp": false
      }
    },
    {
      "apiVersion": "2018-08-01",
      "type": "Microsoft.Network/publicIPAddresses",
      "condition": "[not(empty(parameters('applicationGatewayName')))]",
      "name": "[if(not(empty(parameters('applicationGatewayName'))),parameters('applicationGatewayPublicIpName'),'notdeployed')]",
      "location": "[resourceGroup().location]",
      "sku": {
        "name": "Standard"
      },
      "properties": {
        "publicIPAllocationMethod": "Static"
      }
    },
    {
      "apiVersion": "2018-08-01",
      "type": "Microsoft.Network/applicationGateways",
      "condition": "[not(empty(parameters('applicationGatewayName')))]",
      "name": "[if(not(empty(parameters('applicationGatewayName'))),parameters('applicationGatewayName'),'notdeployed')]",
      "location": "[resourceGroup().location]",
      "dependsOn": [
        "[resourceId('Microsoft.Network/publicIPAddresses/', parameters('applicationGatewayPublicIpName'))]",
        "[resourceId('Microsoft.Network/virtualNetworks/', parameters('vnetName'))]"
      ],
      "properties": {
        "sku": {
          "name": "WAF_v2",
          "tier": "WAF_v2"
        },
        "autoscaleConfiguration": {
          "minCapacity": "[parameters('applicationGatewayInstanceCount')]"
        },
        "gatewayIPConfigurations": [
          {
            "name": "appGatewayIpConfig",
            "properties": {
              "subnet": {
                "id": "[resourceId('Microsoft.Network/virtualNetworks/subnets', parameters('vnetName'), parameters('applicationGatewaySubnetName'))]"
              }
            }
          }
        ],
        "frontendIPConfigurations": [
          {
            "name": "appGatewayFrontendIP",
            "properties": {
              "PublicIPAddress": {
                "id": "[resourceId('Microsoft.Network/publicIPAddresses', parameters('applicationGatewayPublicIpName'))]"
              }
            }
          }
        ],
        "frontendPorts": [
          {
            "name": "HTTP",
            "properties": {
              "Port": 80
            }
          },
          {
            "name": "HTTPS",
            "properties": {
              "Port": 443
            }
          }
        ],
        "backendAddressPools": [
          {
            "name": "appGatewayDefaultBackendPool",
            "properties": {
              "BackendAddresses": [
                {
                  "ipAddress": "10.254.254.254"
                }
              ]
            }
          }
        ],
        "backendHttpSettingsCollection": [
          {
            "name": "appGatewayDefaultBackendHttpSettings",
            "properties": {
              "Port": 80,
              "Protocol": "Http",
              "CookieBasedAffinity": "Disabled"
            }
          }
        ],
        "httpListeners": [
          {
            "name": "appGatewayDefaultHttpListener",
            "properties": {
              "FrontendIpConfiguration": {
                "Id": "[resourceId('Microsoft.Network/applicationGateways/frontendIPConfigurations', parameters('applicationGatewayName'), 'appGatewayFrontendIP')]"
              },
              "FrontendPort": {
                "Id": "[resourceId('Microsoft.Network/applicationGateways/frontendPorts', parameters('applicationGatewayName'), 'HTTP')]"
              },
              "Protocol": "Http"
            }
          }
        ],
        "requestRoutingRules": [
          {
            "Name": "rule1",
            "properties": {
              "RuleType": "Basic",
              "httpListener": {
                "id": "[resourceId('Microsoft.Network/applicationGateways/httpListeners', parameters('applicationGatewayName'), 'appGatewayDefaultHttpListener')]"
              },
              "backendAddressPool": {
                "id": "[resourceId('Microsoft.Network/applicationGateways/backendAddressPools', parameters('applicationGatewayName'), 'appGatewayDefaultBackendPool')]"
              },
              "backendHttpSettings": {
                "id": "[resourceId('Microsoft.Network/applicationGateways/backendHttpSettingsCollection', parameters('applicationGatewayName'), 'appGatewayDefaultBackendHttpSettings')]"
              }
            }
          }
        ]
      }
    },
    {
      "apiVersion": "2017-06-01",
      "type": "Microsoft.Network/networkSecurityGroups",
      "name": "[parameters('applicationGatewaySubnetNsgName')]",
      "location": "[resourceGroup().location]",
      "tags": "[parameters('tags')]",
      "properties": {
        "securityRules": [
          {
            "name": "appgw-control-in-allow",
            "properties": {
              "protocol": "*",
              "sourcePortRange": "*",
              "sourceAddressPrefix": "GatewayManager",
              "destinationPortRanges": [
                "65200-65535"
              ],
              "destinationAddressPrefix": "*",
              "access": "Allow",
              "priority": 100,
              "direction": "Inbound"
            }
          },
          {
            "name": "AllowAzureLoadBalancer",
            "properties": {
              "description": "Allow inbound traffic from azure load balancer",
              "protocol": "*",
              "sourcePortRange": "*",
              "destinationPortRange": "*",
              "sourceAddressPrefix": "AzureLoadBalancer",
              "destinationAddressPrefix": "*",
              "access": "Allow",
              "priority": 110,
              "direction": "Inbound",
              "sourcePortRanges": [
              ],
              "destinationPortRanges": [
              ],
              "sourceAddressPrefixes": [
              ],
              "destinationAddressPrefixes": [
              ]
            }
          },
          {
            "name": "http-https-to-appgw-allow",
            "properties": {
              "protocol": "Tcp",
              "sourcePortRange": "*",
              "sourceAddressPrefix": "*",
              "destinationPortRanges": [
                "443",
                "80"
              ],
              "destinationAddressPrefix": "[parameters('applicationGatewayIpSubnet')]",
              "access": "Allow",
              "priority": 120,
              "direction": "Inbound"
            }
          },
          {
            "name": "appgw-in-deny",
            "properties": {
              "protocol": "*",
              "sourcePortRange": "*",
              "destinationPortRange": "*",
              "sourceAddressPrefix": "Internet",
              "destinationAddressPrefix": "*",
              "access": "Deny",
              "priority": 900,
              "direction": "Inbound"
            }
          }
        ],
        "defaultSecurityRules": [
          {
            "name": "AllowVnetInBound",
            "properties": {
              "description": "Allow inbound traffic from all in VNET",
              "protocol": "*",
              "sourcePortRange": "*",
              "destinationPortRange": "*",
              "sourceAddressPrefix": "VirtualNetwork",
              "destinationAddressPrefix": "VirtualNetwork",
              "access": "Allow",
              "priority": 65000,
              "direction": "Inbound",
              "sourcePortRanges": [
              ],
              "destinationPortRanges": [
              ],
              "sourceAddressPrefixes": [
              ],
              "destinationAddressPrefixes": [
              ]
            }
          },
          {
            "name": "AllowAzureLoadBalancerInBound",
            "properties": {
              "description": "Allow inbound traffic from azure load balancer",
              "protocol": "*",
              "sourcePortRange": "*",
              "destinationPortRange": "*",
              "sourceAddressPrefix": "AzureLoadBalancer",
              "destinationAddressPrefix": "*",
              "access": "Allow",
              "priority": 65001,
              "direction": "Inbound",
              "sourcePortRanges": [
              ],
              "destinationPortRanges": [
              ],
              "sourceAddressPrefixes": [
              ],
              "destinationAddressPrefixes": [
              ]
            }
          },
          {
            "name": "DenyAllInBound",
            "properties": {
              "description": "Deny all inbound traffic",
              "protocol": "*",
              "sourcePortRange": "*",
              "destinationPortRange": "*",
              "sourceAddressPrefix": "*",
              "destinationAddressPrefix": "*",
              "access": "Deny",
              "priority": 65500,
              "direction": "Inbound",
              "sourcePortRanges": [
              ],
              "destinationPortRanges": [
              ],
              "sourceAddressPrefixes": [
              ],
              "destinationAddressPrefixes": [
              ]
            }
          },
          {
            "name": "AllowVnetOutBound",
            "properties": {
              "description": "Allow outbound traffic from all VMs to all VMs in VNET",
              "protocol": "*",
              "sourcePortRange": "*",
              "destinationPortRange": "*",
              "sourceAddressPrefix": "VirtualNetwork",
              "destinationAddressPrefix": "VirtualNetwork",
              "access": "Allow",
              "priority": 65000,
              "direction": "Outbound",
              "sourcePortRanges": [
              ],
              "destinationPortRanges": [
              ],
              "sourceAddressPrefixes": [
              ],
              "destinationAddressPrefixes": [
              ]
            }
          },
          {
            "name": "AllowInternetOutBound",
            "properties": {
              "description": "Allow outbound traffic from all VMs to Internet",
              "protocol": "*",
              "sourcePortRange": "*",
              "destinationPortRange": "*",
              "sourceAddressPrefix": "*",
              "destinationAddressPrefix": "Internet",
              "access": "Allow",
              "priority": 65001,
              "direction": "Outbound",
              "sourcePortRanges": [
              ],
              "destinationPortRanges": [
              ],
              "sourceAddressPrefixes": [
              ],
              "destinationAddressPrefixes": [
              ]
            }
          },
          {
            "name": "DenyAllOutBound",
            "properties": {
              "description": "Deny all outbound traffic",
              "protocol": "*",
              "sourcePortRange": "*",
              "destinationPortRange": "*",
              "sourceAddressPrefix": "*",
              "destinationAddressPrefix": "*",
              "access": "Deny",
              "priority": 65500,
              "direction": "Outbound",
              "sourcePortRanges": [
              ],
              "destinationPortRanges": [
              ],
              "sourceAddressPrefixes": [
              ],
              "destinationAddressPrefixes": [
              ]
            }
          }
        ]
      }
    }
  ],
  "outputs": {
    "firewallInternalIp": {
      "type": "string",
      "value": "[reference(resourceId('Microsoft.Network/azureFirewalls', parameters('firewallName'))).ipConfigurations[0].properties.privateIPAddress]"
    }
  }
}
