{
    "$schema": "https://schema.management.azure.com/schemas/2019-04-01/deploymentParameters.json#",
    "contentVersion": "1.0.0.0",
    "parameters": {
        "tags": {
            "value": {
                "environment": "hub"
            }
        },
        "vnetName": {
            "value": "## TO BE DEFINED ##"
        },
        "dnsForwarders": {
            "value": []
        },
        "vpnGwName": {
            "value": "## TO BE DEFINED ##"
        },
        "vpnGwSku": {
            "value": "## TO BE DEFINED ##"
        },
        "vpnGwIpName": {
            "value": "## TO BE DEFINED ##"
        },
        "firewallName": {
            "value": "## TO BE DEFINED ##"
        },
        "firewallIpName": {
            "value": "## TO BE DEFINED ##"
        },
        "bastionName": {
            "value": "## TO BE DEFINED ##"
        },
        "bastionNsgName": {
            "value": "## TO BE DEFINED ##"
        },
        "bastionIpName": {
            "value": "## TO BE DEFINED ##"
        },
        "routeTableName": {
            "value": "## TO BE DEFINED ##"
        },
        "applicationGatewaySubnetName": {
            "value": "## TO BE DEFINED ##"
        },
        "applicationGatewayRouteTableName": {
            "value": "## TO BE DEFINED ##"
        },
        "applicationGatewaySubnetNsgName": {
            "value": "## TO BE DEFINED ##"
        },
        "applicationGatewayName": {
            "value": ""
        },
        "applicationGatewayPublicIpName": {
            "value": ""
        },
        "applicationGatewayInstanceCount": {
            "value": 2
        },
        "azureIpSpace": {
            "value": "## TO BE DEFINED ##"
        },
        "vnetIpSpace": {
            "value": "## TO BE DEFINED ##"
        },
        "workloadSubnetName": {
            "value": "## TO BE DEFINED ##"
        },
        "workloadIpSubnet": {
            "value": "## TO BE DEFINED ##"
        },
        "workloadIpSubnetNsgName": {
            "value": "## TO BE DEFINED ##"
        },
        "bastionIpSubnet": {
            "value": "## TO BE DEFINED ##"
        },
        "gatewayIpSubnet": {
            "value": "## TO BE DEFINED ##"
        },
        "firewallIpSubnet": {
            "value": "## TO BE DEFINED ##"
        },
        "applicationGatewayIpSubnet": {
            "value": "## TO BE DEFINED ##"
        },
        "FirewallAvailabilityZones": {
            "value": [
                "1"
            ]
        }
    }
}