{
  "$schema": "https://schema.management.azure.com/schemas/2019-04-01/deploymentTemplate.json#",
  "contentVersion": "1.0.0.0",
  "parameters": {
    "tags": {
      "type": "object",
      "metadata": {
        "description": "Object of tags to apply to resources to be created."
      },
      "defaultValue": {
        "environment": "hub"
      }
    },
    "vnetName": {
      "type": "string",
      "metadata": {
        "description": "Name of the hub virtual network to be created."
      }
    },
    "dnsForwarders": {
      "type": "array",
      "metadata": {
        "description": "Values to be set as the default DNS servers for the virtual network to be created."
      },
      "defaultValue": [
      ]
    },
    "firewallInternalIp": {
      "type": "string",
      "metadata": {
        "description": "Internal IP for the Azure Firewall to set as the default route for the route table to be created."
      }
    },
    "bastionName": {
      "type": "string",
      "metadata": {
        "description": "Name for the Azure Bastion resource"
      }
    },
    "bastionNsgName": {
      "type": "string",
      "metadata": {
        "description": "Name for the Azure Bastion NSG"
      }
    },
    "bastionIpName": {
      "type": "string",
      "metadata": {
        "description": "Name for the Azure Bastion Public IP to be created."
      }
    },
    "routeTableName": {
      "type": "string",
      "metadata": {
        "description": "Name for the Azure Route Table to be created."
      }
    },
    "vnetIpSpace": {
      "type": "string",
      "metadata": {
        "description": "The IP Address Space (CIDR Block) for the virtual network to be created."
      }
    },
    "workloadSubnetName": {
      "type": "string",
      "metadata": {
        "description": "Name for the Workload Subnet to be created."
      }
    },
    "workloadIpSubnet": {
      "type": "string",
      "metadata": {
        "description": "IP Address Space (CIDR Block) for the Workload Subnet to be created."
      }
    },
    "workloadIpSubnetNsgName": {
      "type": "string",
      "metadata": {
        "description": "Name for the Network Security Group to be attached to the Workload Subnet to be created."
      }
    },
    "bastionIpSubnet": {
      "type": "string",
      "metadata": {
        "description": "IP Address Space (CIDR Block) for the Azure Bastion Subnet to be created."
      }
    },
    "hubVnetSubscriptionId": {
      "type": "string",
      "metadata": {
        "description": "Subscription ID for the hub network to peer with."
      },
      "defaultValue": ""
    },
    "hubVnetRgName": {
      "type": "string",
      "metadata": {
        "description": "Name of the Resource Group that contains the hub network to peer with. "
      },
      "defaultValue": ""
    },
    "hubVnetName": {
      "type": "string",
      "metadata": {
        "description": "Name of the hub Virtual Network to peer with. "
      },
      "defaultValue": ""
    }
  },
  "variables": {
    "SAStoken": "[concat('?',split(deployment().properties.templateLink.uri,'?')[1])]"
  },
  "resources": [
    {
      "type": "Microsoft.Network/virtualNetworks",
      "apiVersion": "2019-11-01",
      "name": "[parameters('vnetName')]",
      "location": "[resourceGroup().location]",
      "tags": "[parameters('tags')]",
      "dependsOn": [
        "[resourceId(resourceGroup().name, 'Microsoft.Network/networkSecurityGroups', parameters('bastionNsgName'))]",
        "[resourceId(resourceGroup().name, 'Microsoft.Network/networkSecurityGroups', parameters('workloadIpSubnetNsgName'))]"
      ],
      "properties": {
        "addressSpace": {
          "addressPrefixes": [
            "[parameters('vnetIpSpace')]"
          ]
        },
        "dhcpOptions": {
          "dnsServers": "[parameters('dnsForwarders')]"
        },
        "subnets": [
          {
            "name": "AzureBastionSubnet",
            "properties": {
              "addressPrefix": "[parameters('bastionIpSubnet')]",
              "networkSecurityGroup": {
                "id": "[resourceId(resourceGroup().name, 'Microsoft.Network/networkSecurityGroups', parameters('bastionNsgName'))]"
              }
            }
          },
          {
            "name": "[parameters('workloadSubnetName')]",
            "properties": {
              "addressPrefix": "[parameters('workloadIpSubnet')]",
              "networkSecurityGroup": {
                "id": "[resourceId(resourceGroup().name, 'Microsoft.Network/networkSecurityGroups', parameters('workloadIpSubnetNsgName'))]"
              },
              "routeTable": {
                "id": "[resourceId('Microsoft.Network/routeTables', parameters('routeTableName'))]"
              }
            }
          }
        ]
      }
    },
    {
      "type": "Microsoft.Network/routeTables",
      "apiVersion": "2019-04-01",
      "name": "[parameters('routeTableName')]",
      "location": "[resourceGroup().location]",
      "tags": "[parameters('tags')]",
      "dependsOn": [
      ],
      "properties": {
        "disableBgpRoutePropagation": true
      }
    },
    {
      "type": "Microsoft.Network/routeTables/routes",
      "apiVersion": "2019-11-01",
      "name": "[concat(parameters('routeTableName'), '/', 'AzureFirewallDefaultRoute')]",
      "condition": "[not(empty(parameters('hubVnetSubscriptionId')))]",
      "dependsOn": [
        "[parameters('routeTableName')]"
      ],
      "properties": {
        "addressPrefix": "0.0.0.0/0",
        "nextHopType": "VirtualAppliance",
        "nextHopIpAddress": "[parameters('firewallInternalIp')]"
      }
    },
    {
      "type": "Microsoft.Network/networkSecurityGroups",
      "apiVersion": "2015-06-15",
      "name": "[parameters('workloadIpSubnetNsgName')]",
      "location": "[resourceGroup().location]",
      "tags": "[parameters('tags')]",
      "properties": {
        "securityRules": [
        ],
        "defaultSecurityRules": [
          {
            "name": "AllowVnetInBound",
            "properties": {
              "description": "Allow inbound traffic from all VMs in VNET",
              "protocol": "*",
              "sourcePortRange": "*",
              "destinationPortRange": "*",
              "sourceAddressPrefix": "VirtualNetwork",
              "destinationAddressPrefix": "VirtualNetwork",
              "access": "Allow",
              "priority": 65000,
              "direction": "Inbound",
              "sourcePortRanges": [
              ],
              "destinationPortRanges": [
              ],
              "sourceAddressPrefixes": [
              ],
              "destinationAddressPrefixes": [
              ]
            }
          },
          {
            "name": "AllowAzureLoadBalancerInBound",
            "properties": {
              "description": "Allow inbound traffic from azure load balancer",
              "protocol": "*",
              "sourcePortRange": "*",
              "destinationPortRange": "*",
              "sourceAddressPrefix": "AzureLoadBalancer",
              "destinationAddressPrefix": "*",
              "access": "Allow",
              "priority": 65001,
              "direction": "Inbound",
              "sourcePortRanges": [
              ],
              "destinationPortRanges": [
              ],
              "sourceAddressPrefixes": [
              ],
              "destinationAddressPrefixes": [
              ]
            }
          },
          {
            "name": "DenyAllInBound",
            "properties": {
              "description": "Deny all inbound traffic",
              "protocol": "*",
              "sourcePortRange": "*",
              "destinationPortRange": "*",
              "sourceAddressPrefix": "*",
              "destinationAddressPrefix": "*",
              "access": "Deny",
              "priority": 65500,
              "direction": "Inbound",
              "sourcePortRanges": [
              ],
              "destinationPortRanges": [
              ],
              "sourceAddressPrefixes": [
              ],
              "destinationAddressPrefixes": [
              ]
            }
          },
          {
            "name": "AllowVnetOutBound",
            "properties": {
              "description": "Allow outbound traffic from all VMs to all VMs in VNET",
              "protocol": "*",
              "sourcePortRange": "*",
              "destinationPortRange": "*",
              "sourceAddressPrefix": "VirtualNetwork",
              "destinationAddressPrefix": "VirtualNetwork",
              "access": "Allow",
              "priority": 65000,
              "direction": "Outbound",
              "sourcePortRanges": [
              ],
              "destinationPortRanges": [
              ],
              "sourceAddressPrefixes": [
              ],
              "destinationAddressPrefixes": [
              ]
            }
          },
          {
            "name": "AllowInternetOutBound",
            "properties": {
              "description": "Allow outbound traffic from all VMs to Internet",
              "protocol": "*",
              "sourcePortRange": "*",
              "destinationPortRange": "*",
              "sourceAddressPrefix": "*",
              "destinationAddressPrefix": "Internet",
              "access": "Allow",
              "priority": 65001,
              "direction": "Outbound",
              "sourcePortRanges": [
              ],
              "destinationPortRanges": [
              ],
              "sourceAddressPrefixes": [
              ],
              "destinationAddressPrefixes": [
              ]
            }
          },
          {
            "name": "DenyAllOutBound",
            "properties": {
              "description": "Deny all outbound traffic",
              "protocol": "*",
              "sourcePortRange": "*",
              "destinationPortRange": "*",
              "sourceAddressPrefix": "*",
              "destinationAddressPrefix": "*",
              "access": "Deny",
              "priority": 65500,
              "direction": "Outbound",
              "sourcePortRanges": [
              ],
              "destinationPortRanges": [
              ],
              "sourceAddressPrefixes": [
              ],
              "destinationAddressPrefixes": [
              ]
            }
          }
        ]
      }
    },
    {
      "apiVersion": "2017-06-01",
      "type": "Microsoft.Network/networkSecurityGroups",
      "name": "[parameters('bastionNsgName')]",
      "location": "[resourceGroup().location]",
      "properties": {
        "securityRules": [
          {
            "name": "bastion-in-allow",
            "properties": {
              "protocol": "Tcp",
              "sourcePortRange": "*",
              "sourceAddressPrefix": "*",
              "destinationPortRange": "443",
              "destinationAddressPrefix": "*",
              "access": "Allow",
              "priority": 100,
              "direction": "Inbound"
            }
          },
          {
            "name": "bastion-control-in-allow",
            "properties": {
              "protocol": "Tcp",
              "sourcePortRange": "*",
              "sourceAddressPrefix": "GatewayManager",
              "destinationPortRanges": [
                "443",
                "4443"
              ],
              "destinationAddressPrefix": "*",
              "access": "Allow",
              "priority": 120,
              "direction": "Inbound"
            }
          },
          {
            "name": "bastion-in-deny",
            "properties": {
              "protocol": "*",
              "sourcePortRange": "*",
              "destinationPortRange": "*",
              "sourceAddressPrefix": "*",
              "destinationAddressPrefix": "*",
              "access": "Deny",
              "priority": 900,
              "direction": "Inbound"
            }
          },
          {
            "name": "bastion-vnet-out-allow",
            "properties": {
              "protocol": "Tcp",
              "sourcePortRange": "*",
              "sourceAddressPrefix": "*",
              "destinationPortRanges": [
                "22",
                "3389"
              ],
              "destinationAddressPrefix": "VirtualNetwork",
              "access": "Allow",
              "priority": 100,
              "direction": "Outbound"
            }
          },
          {
            "name": "bastion-azure-out-allow",
            "properties": {
              "protocol": "Tcp",
              "sourcePortRange": "*",
              "sourceAddressPrefix": "*",
              "destinationPortRange": "443",
              "destinationAddressPrefix": "AzureCloud",
              "access": "Allow",
              "priority": 120,
              "direction": "Outbound"
            }
          }
        ],
        "defaultSecurityRules": [
          {
            "name": "AllowVnetInBound",
            "properties": {
              "description": "Allow inbound traffic from all VMs in VNET",
              "protocol": "*",
              "sourcePortRange": "*",
              "destinationPortRange": "*",
              "sourceAddressPrefix": "VirtualNetwork",
              "destinationAddressPrefix": "VirtualNetwork",
              "access": "Allow",
              "priority": 65000,
              "direction": "Inbound",
              "sourcePortRanges": [
              ],
              "destinationPortRanges": [
              ],
              "sourceAddressPrefixes": [
              ],
              "destinationAddressPrefixes": [
              ]
            }
          },
          {
            "name": "AllowAzureLoadBalancerInBound",
            "properties": {
              "description": "Allow inbound traffic from azure load balancer",
              "protocol": "*",
              "sourcePortRange": "*",
              "destinationPortRange": "*",
              "sourceAddressPrefix": "AzureLoadBalancer",
              "destinationAddressPrefix": "*",
              "access": "Allow",
              "priority": 65001,
              "direction": "Inbound",
              "sourcePortRanges": [
              ],
              "destinationPortRanges": [
              ],
              "sourceAddressPrefixes": [
              ],
              "destinationAddressPrefixes": [
              ]
            }
          },
          {
            "name": "DenyAllInBound",
            "properties": {
              "description": "Deny all inbound traffic",
              "protocol": "*",
              "sourcePortRange": "*",
              "destinationPortRange": "*",
              "sourceAddressPrefix": "*",
              "destinationAddressPrefix": "*",
              "access": "Deny",
              "priority": 65500,
              "direction": "Inbound",
              "sourcePortRanges": [
              ],
              "destinationPortRanges": [
              ],
              "sourceAddressPrefixes": [
              ],
              "destinationAddressPrefixes": [
              ]
            }
          },
          {
            "name": "AllowVnetOutBound",
            "properties": {
              "description": "Allow outbound traffic from all VMs to all VMs in VNET",
              "protocol": "*",
              "sourcePortRange": "*",
              "destinationPortRange": "*",
              "sourceAddressPrefix": "VirtualNetwork",
              "destinationAddressPrefix": "VirtualNetwork",
              "access": "Allow",
              "priority": 65000,
              "direction": "Outbound",
              "sourcePortRanges": [
              ],
              "destinationPortRanges": [
              ],
              "sourceAddressPrefixes": [
              ],
              "destinationAddressPrefixes": [
              ]
            }
          },
          {
            "name": "AllowInternetOutBound",
            "properties": {
              "description": "Allow outbound traffic from all VMs to Internet",
              "protocol": "*",
              "sourcePortRange": "*",
              "destinationPortRange": "*",
              "sourceAddressPrefix": "*",
              "destinationAddressPrefix": "Internet",
              "access": "Allow",
              "priority": 65001,
              "direction": "Outbound",
              "sourcePortRanges": [
              ],
              "destinationPortRanges": [
              ],
              "sourceAddressPrefixes": [
              ],
              "destinationAddressPrefixes": [
              ]
            }
          },
          {
            "name": "DenyAllOutBound",
            "properties": {
              "description": "Deny all outbound traffic",
              "protocol": "*",
              "sourcePortRange": "*",
              "destinationPortRange": "*",
              "sourceAddressPrefix": "*",
              "destinationAddressPrefix": "*",
              "access": "Deny",
              "priority": 65500,
              "direction": "Outbound",
              "sourcePortRanges": [
              ],
              "destinationPortRanges": [
              ],
              "sourceAddressPrefixes": [
              ],
              "destinationAddressPrefixes": [
              ]
            }
          }
        ]
      }
    },
    {
      "type": "Microsoft.Network/publicIPAddresses",
      "apiVersion": "2019-04-01",
      "name": "[parameters('bastionIpName')]",
      "location": "[resourceGroup().location]",
      "tags": "[parameters('tags')]",
      "sku": {
        "name": "Standard"
      },
      "properties": {
        "publicIPAllocationMethod": "Static",
        "publicIPAddressVersion": "IPv4"
      }
    },
    {
      "type": "Microsoft.Network/bastionHosts",
      "apiVersion": "2019-04-01",
      "name": "[parameters('bastionName')]",
      "location": "[resourceGroup().location]",
      "tags": "[parameters('tags')]",
      "dependsOn": [
        "[resourceId('Microsoft.Network/publicIpAddresses', parameters('bastionIpName'))]",
        "[resourceId('Microsoft.Network/virtualNetworks', parameters('vnetName'))]"
      ],
      "properties": {
        "ipConfigurations": [
          {
            "name": "AzureBastion",
            "properties": {
              "subnet": {
                "id": "[resourceId('Microsoft.Network/virtualNetworks/subnets', parameters('vnetName'), 'AzureBastionSubnet')]"
              },
              "publicIPAddress": {
                "id": "[resourceId('Microsoft.Network/publicIpAddresses', parameters('bastionIpName'))]"
              }
            }
          }
        ]
      }
    },
    {
      "type": "Microsoft.Resources/deployments",
      "apiVersion": "2019-10-01",
      "name": "vnet-peering-to-hub",
      "condition": "[not(empty(parameters('hubVnetSubscriptionId')))]",
      "dependsOn": [
        "[resourceId('Microsoft.Network/virtualNetworks', parameters('vnetName'))]"
      ],
      "properties": {
        "mode": "Incremental",
        "templateLink": {
          "uri": "[concat(uri(deployment().properties.templateLink.uri,'vnet-peerings.json'), variables('SAStoken'))]"
        },
        "parameters": {
          "VNetPeeringTemplateURI": {
            "value": "[concat(uri(deployment().properties.templateLink.uri,'vnet-peering.json'), variables('SAStoken'))]"
          },
          "SpokeResourceGroupName": {
            "value": "[resourceGroup().name]"
          },
          "SpokeVNetName": {
            "value": "[parameters('vnetName')]"
          },
          "HubVNetSubscription": {
            "value": "[parameters('hubVnetSubscriptionId')]"
          },
          "HubVNetResourceGroupName": {
            "value": "[parameters('hubVnetRgName')]"
          },
          "HubVNetName": {
            "value": "[parameters('hubVnetName')]"
          }
        }
      }
    }
  ],
  "outputs": {
  }
}
