{
  "$schema": "https://schema.management.azure.com/schemas/2015-01-01/deploymentTemplate.json#",
  "contentVersion": "1.0.0.0",
  "parameters": {
    "localVirtualNetworkName": {
      "type": "string",
      "metadata": {
        "description": "Set the local VNet name"
      }
    },
    "remoteVirtualNetworkSubscription": {
      "type": "string",
      "metadata": {
        "description": "The Subscription Id of the remote VNet."
      },
      "defaultValue": "[subscription().subscriptionId]"
    },
    "remoteVirtualNetworkResourceGroupName": {
      "type": "string",
      "metadata": {
        "description": "The Resource Group of the remote VNet."
      }
    },
    "remoteVirtualNetworkName": {
      "type": "string",
      "metadata": {
        "description": "The Name of the remote VNet."
      }
    },
    "allowVirtualNetworkAccess": {
      "type": "bool",
      "metadata": {
        "description": "Whether the VMs in the local virtual network space would be able to access the VMs in remote virtual network space."
      }
    },
    "allowForwardedTraffic": {
      "type": "bool",
      "metadata": {
        "description": "Whether the forwarded traffic from the VMs in the local virtual network will be allowed/disallowed in remote virtual network."
      }
    },
    "allowGatewayTransit": {
      "type": "bool",
      "metadata": {
        "description": "If gateway links can be used in remote virtual networking to link to this virtual network."
      }
    },
    "useRemoteGateways": {
      "type": "bool",
      "metadata": {
        "description": "If remote gateways can be used on this virtual network. If the flag is set to true, and allowGatewayTransit on remote peering is also true, virtual network will use gateways of remote virtual network for transit. Only one peering can have this flag set to true. This flag cannot be set if virtual network already has a gateway."
      }
    }
  },
  "variables": { },
  "resources": [
    {
      "apiVersion": "2019-04-01",
      "type": "Microsoft.Network/virtualNetworks/virtualNetworkPeerings",
      "name": "[concat(parameters('localVirtualNetworkName'), '/cn-peering-to-', parameters('remoteVirtualNetworkName'))]",
      "location": "[resourceGroup().location]",
      "properties": {
        "allowVirtualNetworkAccess": "[parameters('allowVirtualNetworkAccess')]",
        "allowForwardedTraffic": "[parameters('allowForwardedTraffic')]",
        "allowGatewayTransit": "[parameters('allowGatewayTransit')]",
        "useRemoteGateways": "[parameters('useRemoteGateways')]",
        "remoteVirtualNetwork": {
          "id": "[resourceId(parameters('remoteVirtualNetworkSubscription'), parameters('remoteVirtualNetworkResourceGroupName'), 'Microsoft.Network/virtualNetworks', parameters('remoteVirtualNetworkName'))]"
        }
      }
    }
  ]
}