{
  "$schema": "https://schema.management.azure.com/schemas/2019-04-01/deploymentTemplate.json#",
  "contentVersion": "1.0.0.0",
  "parameters": {
    "VNetPeeringTemplateURI": {
      "type": "string",
      "metadata": {
        "description": "The URI of this template. This is required due to the linked, cross-subscription nature of this template."
      }
    },
    "SpokeResourceGroupName": {
      "type": "string",
      "metadata": {
        "description": "The name of the resource group that contains the spoke network."
      }
    },
    "SpokeVNetName": {
      "type": "string",
      "metadata": {
        "description": "Set the local VNet name"
      }
    },
    "HubVNetSubscription": {
      "type": "string",
      "metadata": {
        "description": "The Subscription Id of the remote VNet."
      }
    },
    "HubVNetResourceGroupName": {
      "type": "string",
      "metadata": {
        "description": "The Resource Group of the remote VNet."
      }
    },
    "HubVNetName": {
      "type": "string",
      "metadata": {
        "description": "The Name of the remote VNet."
      }
    }
  },
  "variables": {
    "subscriptionId": "[subscription().subscriptionId]"
  },
  "resources": [
    {
      "name": "SpokeToHub",
      "type": "Microsoft.Resources/deployments",
      "apiVersion": "2018-05-01",
      "resourceGroup": "[parameters('SpokeResourceGroupName')]",
      "properties": {
        "templateLink": {
          "uri": "[parameters('VNetPeeringTemplateURI')]"
        },
        "parameters": {
          "localVirtualNetworkName": {
            "value": "[parameters('SpokeVNetName')]"
          },
          "remoteVirtualNetworkSubscription": {
            "value": "[parameters('HubVNetSubscription')]"
          },
          "remoteVirtualNetworkResourceGroupName": {
            "value": "[parameters('HubVNetResourceGroupName')]"
          },
          "remoteVirtualNetworkName": {
            "value": "[parameters('HubVNetName')]"
          },
          "allowVirtualNetworkAccess": {
            "value": true
          },
          "allowForwardedTraffic": {
            "value": true
          },
          "allowGatewayTransit": {
            "value": false
          },
          "useRemoteGateways": {
            "value": true
          }
        },
        "mode": "Incremental",
        "debugSetting": {
          "detailLevel": "none"
        }
      }
    },
    {
      "name": "[concat('Peering-',uniqueString(subscription().id),uniqueString(parameters('HubVNetResourceGroupName')))]",
      "type": "Microsoft.Resources/deployments",
      "apiVersion": "2018-05-01",
      "subscriptionId": "[parameters('HubVNetSubscription')]",
      "resourceGroup": "[parameters('HubVNetResourceGroupName')]",
      "properties": {
        "templateLink": {
          "uri": "[parameters('VNetPeeringTemplateURI')]"
        },
        "parameters": {
          "localVirtualNetworkName": {
            "value": "[parameters('HubVNetName')]"
          },
          "remoteVirtualNetworkSubscription": {
            "value": "[variables('subscriptionId')]"
          },
          "remoteVirtualNetworkResourceGroupName": {
            "value": "[resourceGroup().name]"
          },
          "remoteVirtualNetworkName": {
            "value": "[parameters('SpokeVNetName')]"
          },
          "allowVirtualNetworkAccess": {
            "value": true
          },
          "allowForwardedTraffic": {
            "value": true
          },
          "allowGatewayTransit": {
            "value": true
          },
          "useRemoteGateways": {
            "value": false
          }
        },
        "mode": "Incremental",
        "debugSetting": {
          "detailLevel": "none"
        }
      }
    }
  ]
}
