{
    "$schema": "https://schema.management.azure.com/schemas/2018-05-01/subscriptionDeploymentTemplate.json#",
    "contentVersion": "1.0.0.0",
    "variables": {
        "policyName": "deny-deployment-SQLDB-without-tag",
        "policyDisplayName": "Deny deployment of SQL databases without Azure tagging",
        "policyDescription": "This policy denies the deployment of a SQL DB which does not mentions a specific tag."
    },
    "resources": [
        {
            "type": "Microsoft.Authorization/policyDefinitions",
            "name": "[variables('policyName')]",
            "apiVersion": "2019-09-01",
            "properties": {
                "displayName": "[variables('policyDisplayName')]",
                "policyType": "Custom",
                "description": "[variables('policyDescription')]",
                "metadata": {
                    "category": "SQL"
							},
                "mode": "All",
                "policyRule": {
                    "if": {
						"allOf": [{
							"not": {
								"field": "tags",
								"containskey": "[[parameters('allowedTagForSQL')]"
							}
						  },
							{
								"field":"type",
								"equals":"Microsoft.Sql/servers/databases"
							}
						]
					},
                    "then": {
                        "effect": "Deny"
                    }
                },
				"parameters": {
						"allowedTagForSQL": {
							"type": "String",
							"metadata": {
								"description": "The allowed tag for SQL Databases",
								"displayName": "AllowedTag"
							}
						}
				}
			}
		}
    ]
}