﻿{
        "if": {
          "anyOf": [
            {
              "field": "type",
              "equals": "Microsoft.Sql/managedInstances/databases"
            },
			{
              "field": "type",
              "equals": "Microsoft.Sql/servers/databases"
            }
          ]
        },
        "then": {
          "effect": "deployIfNotExists",
          "details": {
            "type": "Microsoft.Sql/managedInstances/databases/backupShortTermRetentionPolicies",
            "name": "default",
            "existenceCondition": {
              "field": "Microsoft.Sql/managedInstances/databases/backupShortTermRetentionPolicies/retentionDays",
              "equals": 35
            },
            "deployment": {
              "properties": {
                "mode": "incremental",
                "template": {
                  "$schema": "https://schema.management.azure.com/schemas/2019-04-01/deploymentTemplate.json#",
                  "contentVersion": "1.0.0.0",
                  "parameters": {
                    "fullDbName": {
                      "type": "string"
                    }
                  },
                  "resources": [
                    {
                      "type": "Microsoft.Sql/managedInstances/databases/backupShortTermRetentionPolicies",
                      "apiVersion": "2020-11-01-preview",
                      "name": "[concat(parameters('fullDbName'), '/default')]",
                      "properties": {
                        "retentionDays": 35
                      }
                    }
                  ]
                },
                "parameters": {
                  "fullDbName": {
                    "value": "[field('fullName')]"
                  }
                }
              }
            },
            "roleDefinitionIds": [
              "/providers/Microsoft.Authorization/roleDefinitions/b24988ac-6180-42a0-ab88-20f7382dd24c"
            ]
          }
        }
      }