{
  "Name": "DriveTrain Monitoring",
  "Id": "8c949ba6-8b57-491c-894f-4fdb579559a3",
  "IsCustom": true,
  "Description": "Allows for deployment of the DriveTrain Monitoring resources",
  "Actions": [
    "*/read",
    "Microsoft.Authorization/policyassignments/delete",
    "Microsoft.Authorization/policyassignments/write",
    "Microsoft.Authorization/policyDefinitions/delete",
    "Microsoft.Authorization/policyDefinitions/write",
    "Microsoft.Authorization/policySetDefinitions/delete",
    "Microsoft.Authorization/policySetDefinitions/write",
    "Microsoft.Authorization/roleAssignments/delete",
    "Microsoft.Authorization/roleAssignments/write",
    "Microsoft.Automation/automationAccounts/jobSchedules/write",
    "Microsoft.Automation/automationAccounts/runbooks/write",
    "Microsoft.Automation/automationAccounts/schedules/write",
    "Microsoft.Automation/automationAccounts/variables/write",
    "Microsoft.Automation/automationAccounts/webhooks/action",
    "Microsoft.Automation/automationAccounts/webhooks/delete",
    "Microsoft.Automation/automationAccounts/webhooks/write",
    "Microsoft.Automation/automationAccounts/write",
    "Microsoft.Automation/register/action",
    "Microsoft.Blueprint/blueprintAssignments/*",
    "Microsoft.Blueprint/blueprints/*",
    "Microsoft.EventGrid/eventSubscriptions/delete",
    "Microsoft.EventGrid/eventSubscriptions/write",
    "Microsoft.EventGrid/register/action",
    "Microsoft.Insights/actionGroups/read",
    "Microsoft.Insights/actionGroups/write",
    "Microsoft.Insights/activityLogAlerts/read",
    "Microsoft.Insights/activityLogAlerts/write",
    "Microsoft.Insights/components/write",
    "Microsoft.Insights/diagnosticSettings/write",
    "Microsoft.Insights/metricAlerts/write",
    "microsoft.insights/register/action",
    "Microsoft.Insights/scheduledQueryRules/read",
    "Microsoft.Insights/scheduledQueryRules/write",
    "Microsoft.Insights/scheduledQueryRules/write",
    "Microsoft.KeyVault/register/action",
    "Microsoft.KeyVault/vaults/secrets/write",
    "Microsoft.KeyVault/vaults/write",
    "Microsoft.ManagedIdentity/register/action",
    "Microsoft.ManagedIdentity/userAssignedIdentities/write",
    "Microsoft.Management/managementGroups/read",
    "Microsoft.OperationalInsights/*",
    "Microsoft.OperationsManagement/*",
    "Microsoft.PolicyInsights/remediations/write",
    "Microsoft.Resources/deployments/read",
    "Microsoft.Resources/deployments/validate/action",
    "Microsoft.Resources/deployments/write",
    "Microsoft.Resources/subscriptions/resourcegroups/delete",
    "Microsoft.Resources/subscriptions/resourcegroups/read",
    "Microsoft.Resources/subscriptions/resourcegroups/write",
    "Microsoft.Security/*/write",
    "Microsoft.Security/workspaceSettings/write",
    "Microsoft.Storage/register/action",
    "Microsoft.Storage/storageAccounts/blobServices/containers/write",
    "Microsoft.Storage/storageAccounts/blobServices/write",
    "Microsoft.Storage/storageAccounts/listKeys/action",
    "Microsoft.Storage/storageAccounts/listServiceSas/action",
    "Microsoft.Storage/storageAccounts/read",
    "Microsoft.Storage/storageAccounts/write",
    "Microsoft.Subscription/*/read"
  ],
  "NotActions": [],
  "AssignableScopes": [
    "/subscriptions/e9baadae-bd2f-4f57-a28a-02603511bca5"
  ]
}