{
  "$schema": "https://schema.management.azure.com/schemas/2019-04-01/deploymentTemplate.json#",
  "contentVersion": "1.0.0.0",
  "parameters": {
    "ApimServiceName": {
      "type": "string",
      "defaultValue": "apim-dti-qa-uks",
      "metadata": {
        "description": "resource name of the APIM service instance"
      }
    },
    "IntuneFunctionId": {
      "type": "string",
      "defaultValue": "fa-dti-intunedataapi-qa",
      "metadata": {
        "description": "resource id of the app service name running the intune data function"
      }
    },
    "LogAnalyticsFunctionId": {
      "type": "string",
      "defaultValue": "fa-dti-loganalyticsapi-qa",
      "metadata": {
        "description": "resource id of the app service name running the log analytics function"
      }
    },
    "SccmDataSchedulerFunctionId": {
      "type": "string",
      "defaultValue": "fa-dti-sccmdatascheduler-qa",
      "metadata": {
        "description": "resource id of the app service name managing the sccm scheduler function"
      }
    },
    "SccmQueryFunctionId": {
      "type": "string",
      "defaultValue": "fa-dti-sccmdataqueryresult-qa",
      "metadata": {
        "description": "resource id of the app service name managing the sccm scheduler function"
      }
    },
    "InTuneGraphFunctionId": {
      "type": "string",
      "defaultValue": "fa-dti-intuneexapi-qa",
      "metadata": {
        "description": "resource id of the app service name managing the InTune Graph Reports Data API function"
      }
    },
    "SccmDataSchedulerFunctionKey": {
      "type": "string",
      "defaultValue": "XXXXXXXXXXXXXXXXXXXXXXXXXXXXXXXXXXXX",
      "metadata": {
        "description": "sccm scheduler default function key"
      }
    },
    "DTIAppsResourceGroup": {
      "type": "string",
      "defaultValue": "RG-DTI-QA-Apps",
      "metadata": {
        "description": "resource group name for the resource group hosting the ESB functions"
      }
    },
    "AppInsightsName": {
      "type": "string",
      "defaultValue": "ai-dti-qa-core",
      "metadata": {
        "description": "resource name for the application insights resource used as a sink for function and apim telemetry"
      }
    }
  },
  "resources": [
    {
      "name": "[concat(parameters('ApimServiceName'), '/business-data-mart')]",
      "type": "Microsoft.ApiManagement/service/products",
      "apiVersion": "2019-01-01",
      "properties": {
        "description": "Data API's and Feeds for Power BI integration, for example.",
        "subscriptionRequired": true,
        "approvalRequired": false,
        "state": "published",
        "displayName": "Business Data Mart"
      }
    },
    {
      "name": "[concat(parameters('ApimServiceName'), '/sccm-management')]",
      "type": "Microsoft.ApiManagement/service/products",
      "apiVersion": "2019-01-01",
      "properties": {
        "description": "SCCM Schedule Management API's for Customer Service Integration",
        "subscriptionRequired": true,
        "approvalRequired": false,
        "state": "published",
        "displayName": "SCCM Query Client"
      }
    },
    {
      "name": "[concat(parameters('ApimServiceName'), '/business-data-mart')]",
      "type": "Microsoft.ApiManagement/service/subscriptions",
      "apiVersion": "2019-12-01",
      "properties": {
        "scope": "/products/business-data-mart",
        "displayName": "Reporting Data Mart",
        "state": "active",
        "allowTracing": false
      },
      "dependsOn": [
        "[resourceId('Microsoft.ApiManagement/service/products', parameters('ApimServiceName'), 'business-data-mart')]"
      ]
    },
    {
      "name": "[concat(parameters('ApimServiceName'), '/sccm-management')]",
      "type": "Microsoft.ApiManagement/service/subscriptions",
      "apiVersion": "2019-12-01",
      "properties": {
        "scope": "/products/sccm-management",
        "displayName": "SCCM Management APIs",
        "state": "active",
        "allowTracing": false
      },
      "dependsOn": [
        "[resourceId('Microsoft.ApiManagement/service/products', parameters('ApimServiceName'), 'sccm-management')]"
      ]
    },
    {
      "name": "[concat(parameters('ApimServiceName'), '/sccm-management-bco')]",
      "type": "Microsoft.ApiManagement/service/subscriptions",
      "apiVersion": "2019-12-01",
      "properties": {
        "scope": "/products/sccm-management",
        "displayName": "SCCM Schedule - Brookfield",
        "state": "active",
        "allowTracing": false
      },
      "dependsOn": [
        "[resourceId('Microsoft.ApiManagement/service/products', parameters('ApimServiceName'), 'sccm-management')]"
      ]
    },
    {
      "name": "[concat(parameters('ApimServiceName'), '/sccm-management-igcm')]",
      "type": "Microsoft.ApiManagement/service/subscriptions",
      "apiVersion": "2019-12-01",
      "properties": {
        "scope": "/products/sccm-management",
        "displayName": "SCCM Schedule - NS IGCM",
        "state": "active",
        "allowTracing": false
      },
      "dependsOn": [
        "[resourceId('Microsoft.ApiManagement/service/products', parameters('ApimServiceName'), 'sccm-management')]"
      ]
    },
    {
      "name": "[concat(parameters('ApimServiceName'), '/new-signature-ea')]",
      "type": "Microsoft.ApiManagement/service/subscriptions",
      "apiVersion": "2019-12-01",
      "properties": {
        "scope": "/products/sccm-management",
        "displayName": "SCCM Schedule - New Signature EA 2017",
        "state": "active",
        "allowTracing": false
      },
      "dependsOn": [
        "[resourceId('Microsoft.ApiManagement/service/products', parameters('ApimServiceName'), 'sccm-management')]"
      ]
    },
    {
      "name": "[concat(parameters('ApimServiceName'), '/floyd-medical-ctr')]",
      "type": "Microsoft.ApiManagement/service/subscriptions",
      "apiVersion": "2019-12-01",
      "properties": {
        "scope": "/products/sccm-management",
        "displayName": "SCCM Schedule - Floyd Medical Center",
        "state": "active",
        "allowTracing": false
      },
      "dependsOn": [
        "[resourceId('Microsoft.ApiManagement/service/products', parameters('ApimServiceName'), 'sccm-management')]"
      ]
    },
    {
      "name": "[concat(parameters('ApimServiceName'), '/benefitresource')]",
      "type": "Microsoft.ApiManagement/service/subscriptions",
      "apiVersion": "2019-12-01",
      "properties": {
        "scope": "/products/sccm-management",
        "displayName": "SCCM Schedule - benefitresource dot com",
        "state": "active",
        "allowTracing": false
      },
      "dependsOn": [
        "[resourceId('Microsoft.ApiManagement/service/products', parameters('ApimServiceName'), 'sccm-management')]"
      ]
    },
    {
      "name": "[concat(parameters('ApimServiceName'), '/brookfield-tsgazu')]",
      "type": "Microsoft.ApiManagement/service/subscriptions",
      "apiVersion": "2019-12-01",
      "properties": {
        "scope": "/products/sccm-management",
        "displayName": "SCCM Schedule - Brookfield TSGAZUSSCDAP01P",
        "state": "active",
        "allowTracing": false
      },
      "dependsOn": [
        "[resourceId('Microsoft.ApiManagement/service/products', parameters('ApimServiceName'), 'sccm-management')]"
      ]
    },
    {
      "name": "[concat(parameters('ApimServiceName'), '/brookfield-tsgsgc')]",
      "type": "Microsoft.ApiManagement/service/subscriptions",
      "apiVersion": "2019-12-01",
      "properties": {
        "scope": "/products/sccm-management",
        "displayName": "SCCM Schedule - Brookfield TSGSGCASCMAP01P",
        "state": "active",
        "allowTracing": false
      },
      "dependsOn": [
        "[resourceId('Microsoft.ApiManagement/service/products', parameters('ApimServiceName'), 'sccm-management')]"
      ]
    },
    {
      "name": "[concat(parameters('ApimServiceName'), '/willmott-dixon')]",
      "type": "Microsoft.ApiManagement/service/subscriptions",
      "apiVersion": "2019-12-01",
      "properties": {
        "scope": "/products/sccm-management",
        "displayName": "SCCM Schedule - Willmott Dixon",
        "state": "active",
        "allowTracing": false
      },
      "dependsOn": [
        "[resourceId('Microsoft.ApiManagement/service/products', parameters('ApimServiceName'), 'sccm-management')]"
      ]
    },
    {
      "name": "[concat(parameters('ApimServiceName'), '/farmer-mac')]",
      "type": "Microsoft.ApiManagement/service/subscriptions",
      "apiVersion": "2019-12-01",
      "properties": {
        "scope": "/products/sccm-management",
        "displayName": "SCCM Schedule - Farmer Mac",
        "state": "active",
        "allowTracing": false
      },
      "dependsOn": [
        "[resourceId('Microsoft.ApiManagement/service/products', parameters('ApimServiceName'), 'sccm-management')]"
      ]
    },
    {
      "name": "[concat(parameters('ApimServiceName'), '/cfc-underwriting')]",
      "type": "Microsoft.ApiManagement/service/subscriptions",
      "apiVersion": "2019-12-01",
      "properties": {
        "scope": "/products/sccm-management",
        "displayName": "SCCM Schedule - CFC Underwriting",
        "state": "active",
        "allowTracing": false
      },
      "dependsOn": [
        "[resourceId('Microsoft.ApiManagement/service/products', parameters('ApimServiceName'), 'sccm-management')]"
      ]
    },
    {
      "name": "[concat(parameters('ApimServiceName'), '/redmayne-bentley')]",
      "type": "Microsoft.ApiManagement/service/subscriptions",
      "apiVersion": "2019-12-01",
      "properties": {
        "scope": "/products/sccm-management",
        "displayName": "SCCM Schedule - Redmayne Bentley",
        "state": "active",
        "allowTracing": false
      },
      "dependsOn": [
        "[resourceId('Microsoft.ApiManagement/service/products', parameters('ApimServiceName'), 'sccm-management')]"
      ]
    },
    {
      "name": "[concat(parameters('ApimServiceName'), '/rwdi')]",
      "type": "Microsoft.ApiManagement/service/subscriptions",
      "apiVersion": "2019-12-01",
      "properties": {
        "scope": "/products/sccm-management",
        "displayName": "SCCM Schedule - RWDI",
        "state": "active",
        "allowTracing": false
      },
      "dependsOn": [
        "[resourceId('Microsoft.ApiManagement/service/products', parameters('ApimServiceName'), 'sccm-management')]"
      ]
    },
    {
      "name": "[concat(parameters('ApimServiceName'), '/svitzer')]",
      "type": "Microsoft.ApiManagement/service/subscriptions",
      "apiVersion": "2019-12-01",
      "properties": {
        "scope": "/products/sccm-management",
        "displayName": "SCCM Schedule - Svitzer",
        "state": "active",
        "allowTracing": false
      },
      "dependsOn": [
        "[resourceId('Microsoft.ApiManagement/service/products', parameters('ApimServiceName'), 'sccm-management')]"
      ]
    },
    {
      "name": "[concat(parameters('ApimServiceName'), '/dhac')]",
      "type": "Microsoft.ApiManagement/service/subscriptions",
      "apiVersion": "2019-12-01",
      "properties": {
        "scope": "/products/sccm-management",
        "displayName": "SCCM Schedule - De Havilland Aircraft of Canada",
        "state": "active",
        "allowTracing": false
      },
      "dependsOn": [
        "[resourceId('Microsoft.ApiManagement/service/products', parameters('ApimServiceName'), 'sccm-management')]"
      ]
    },
    {
      "properties": {
        "description": "Administrators is a built-in group. Its membership is managed by the system. Microsoft Azure subscription administrators fall into this group.",
        "displayName": "Administrators",
        "type": "system",
        "builtIn": true
      },
      "name": "[concat(parameters('ApimServiceName'), '/business-data-mart/administrators')]",
      "type": "Microsoft.ApiManagement/service/products/groups",
      "apiVersion": "2019-01-01",
      "dependsOn": [
        "[resourceId('Microsoft.ApiManagement/service/products', parameters('ApimServiceName'), 'business-data-mart')]"
      ]
    },
    {
      "properties": {
        "description": "Subscribers have completely unlimited access to the API. Administrator approval is required.",
        "subscriptionRequired": true,
        "approvalRequired": true,
        "subscriptionsLimit": 1,
        "state": "published",
        "displayName": "Unlimited"
      },
      "name": "[concat(parameters('ApimServiceName'), '/unlimited')]",
      "type": "Microsoft.ApiManagement/service/products",
      "apiVersion": "2019-01-01"
    },
    {
      "properties": {
        "description": "Administrators is a built-in group. Its membership is managed by the system. Microsoft Azure subscription administrators fall into this group.",
        "displayName": "Administrators",
        "type": "system",
        "builtIn": true
      },
      "name": "[concat(parameters('ApimServiceName'), '/unlimited/administrators')]",
      "type": "Microsoft.ApiManagement/service/products/groups",
      "apiVersion": "2019-01-01",
      "dependsOn": [
        "[resourceId('Microsoft.ApiManagement/service/products', parameters('ApimServiceName'), 'unlimited')]"
      ]
    },
    {
      "properties": {
        "description": "Developers is a built-in group. Its membership is managed by the system. Signed-in users fall into this group.",
        "displayName": "Developers",
        "type": "system",
        "builtIn": true
      },
      "name": "[concat(parameters('ApimServiceName'), '/unlimited/developers')]",
      "type": "Microsoft.ApiManagement/service/products/groups",
      "apiVersion": "2019-01-01",
      "dependsOn": [
        "[resourceId('Microsoft.ApiManagement/service/products', parameters('ApimServiceName'), 'unlimited')]"
      ]
    },
    {
      "properties": {
        "description": "Guests is a built-in group. Its membership is managed by the system. Unauthenticated users visiting the developer portal fall into this group.",
        "displayName": "Guests",
        "type": "system",
        "builtIn": true
      },
      "name": "[concat(parameters('ApimServiceName'), '/unlimited/guests')]",
      "type": "Microsoft.ApiManagement/service/products/groups",
      "apiVersion": "2019-01-01",
      "dependsOn": [
        "[resourceId('Microsoft.ApiManagement/service/products', parameters('ApimServiceName'), 'unlimited')]"
      ]
    },
    {
      "properties": {
        "description": "[concat('Import from \"', parameters('IntuneFunctionId'), '\" Function App')]",
        "authenticationSettings": {
          "subscriptionKeyRequired": true
        },
        "subscriptionKeyParameterNames": {
          "header": "Ocp-Apim-Subscription-Key",
          "query": "subscription-key"
        },
        "apiRevision": "1",
        "isCurrent": true,
        "subscriptionRequired": true,
        "displayName": "[parameters('IntuneFunctionId')]",
        "path": "intune",
        "protocols": [
          "https"
        ]
      },
      "name": "[concat(parameters('ApimServiceName'), '/', parameters('IntuneFunctionId'))]",
      "type": "Microsoft.ApiManagement/service/apis",
      "apiVersion": "2019-01-01",
      "dependsOn": []
    },
    {
      "properties": {
        "description": "[concat('Import from \"', parameters('LogAnalyticsFunctionId'), '\" Function App')]",
        "authenticationSettings": {
          "subscriptionKeyRequired": true
        },
        "subscriptionKeyParameterNames": {
          "header": "Ocp-Apim-Subscription-Key",
          "query": "subscription-key"
        },
        "apiRevision": "1",
        "isCurrent": true,
        "subscriptionRequired": true,
        "displayName": "[parameters('LogAnalyticsFunctionId')]",
        "path": "[parameters('LogAnalyticsFunctionId')]",
        "protocols": [
          "https"
        ]
      },
      "name": "[concat(parameters('ApimServiceName'), '/', parameters('LogAnalyticsFunctionId'))]",
      "type": "Microsoft.ApiManagement/service/apis",
      "apiVersion": "2019-01-01",
      "dependsOn": []
    },
    {
      "properties": {
        "templateParameters": [],
        "description": "",
        "request": {
          "queryParameters": [],
          "headers": [],
          "representations": []
        },
        "responses": [],
        "displayName": "IntuneData",
        "method": "GET",
        "urlTemplate": "/*"
      },
      "name": "[concat(parameters('ApimServiceName'), '/', parameters('IntuneFunctionId'), '/get-intunedata')]",
      "type": "Microsoft.ApiManagement/service/apis/operations",
      "apiVersion": "2019-01-01",
      "dependsOn": [
        "[resourceId('Microsoft.ApiManagement/service/apis', parameters('ApimServiceName'), parameters('IntuneFunctionId'))]"
      ]
    },
    {
      "properties": {
        "templateParameters": [],
        "description": "",
        "request": {
          "queryParameters": [],
          "headers": [],
          "representations": []
        },
        "responses": [],
        "displayName": "LogAnalytics",
        "method": "POST",
        "urlTemplate": "/LogAnalytics"
      },
      "name": "[concat(parameters('ApimServiceName'), '/', parameters('LogAnalyticsFunctionId'), '/post-loganalytics')]",
      "type": "Microsoft.ApiManagement/service/apis/operations",
      "apiVersion": "2019-01-01",
      "dependsOn": [
        "[resourceId('Microsoft.ApiManagement/service/apis', parameters('ApimServiceName'), parameters('LogAnalyticsFunctionId'))]"
      ]
    },
    {
      "properties": {
        "value": "[concat('<policies>\r\n\t<inbound>\r\n\t\t<set-backend-service id=\"apim-generated-policy\" backend-id=\"', parameters('IntuneFunctionId') ,'\" />\r\n\t</inbound>\r\n\t<backend>\r\n\t\t<base />\r\n\t</backend>\r\n\t<outbound>\r\n\t\t<find-and-replace from=\"{{', parameters('IntuneFunctionId'), '-backend}}\" to=\"{{', parameters('IntuneFunctionId'), '-apim}}\" />\r\n\t</outbound>\r\n\t<on-error>\r\n\t\t<base />\r\n\t</on-error>\r\n</policies>')]",
        "format": "rawxml"
      },
      "name": "[concat(parameters('ApimServiceName'), '/', parameters('IntuneFunctionId') ,'/get-intunedata/policy')]",
      "type": "Microsoft.ApiManagement/service/apis/operations/policies",
      "apiVersion": "2019-01-01",
      "dependsOn": [
        "[resourceId('Microsoft.ApiManagement/service/apis/operations', parameters('ApimServiceName'), parameters('IntuneFunctionId'), 'get-intunedata')]"
      ]
    },
    {
      "properties": {
        "value": "[concat('<policies>\r\n\t<inbound>\r\n\t\t<set-backend-service id=\"apim-generated-policy\" backend-id=\"', parameters('LogAnalyticsFunctionId') ,'\" />\r\n\t</inbound>\r\n\t<backend>\r\n\t\t<base />\r\n\t</backend>\r\n\t<outbound>\r\n\t\t<base />\r\n\t</outbound>\r\n\t<on-error>\r\n\t\t<base />\r\n\t</on-error>\r\n</policies>')]",
        "format": "rawxml"
      },
      "name": "[concat(parameters('ApimServiceName'), '/', parameters('LogAnalyticsFunctionId'),'/post-loganalytics/policy')]",
      "type": "Microsoft.ApiManagement/service/apis/operations/policies",
      "apiVersion": "2019-01-01",
      "dependsOn": [
        "[resourceId('Microsoft.ApiManagement/service/apis/operations', parameters('ApimServiceName'), parameters('LogAnalyticsFunctionId'), 'post-loganalytics')]"
      ]
    },
    {
      "properties": {},
      "name": "[concat(parameters('ApimServiceName'), '/business-data-mart/', parameters('IntuneFunctionId'))]",
      "type": "Microsoft.ApiManagement/service/products/apis",
      "apiVersion": "2019-01-01",
      "dependsOn": [
        "[resourceId('Microsoft.ApiManagement/service/apis', parameters('ApimServiceName'), parameters('IntuneFunctionId'))]"
      ]
    },
    {
      "properties": {},
      "name": "[concat(parameters('ApimServiceName'), '/business-data-mart/', parameters('LogAnalyticsFunctionId'))]",
      "type": "Microsoft.ApiManagement/service/products/apis",
      "apiVersion": "2019-01-01",
      "dependsOn": [
        "[resourceId('Microsoft.ApiManagement/service/apis', parameters('ApimServiceName'), parameters('LogAnalyticsFunctionId'))]"
      ]
    },
    {
      "properties": {},
      "name": "[concat(parameters('ApimServiceName'), '/unlimited/', parameters('IntuneFunctionId'))]",
      "type": "Microsoft.ApiManagement/service/products/apis",
      "apiVersion": "2019-01-01",
      "dependsOn": [
        "[resourceId('Microsoft.ApiManagement/service/apis', parameters('ApimServiceName'), parameters('IntuneFunctionId'))]"
      ]
    },
    {
      "properties": {},
      "name": "[concat(parameters('ApimServiceName'), '/unlimited/', parameters('LogAnalyticsFunctionId'))]",
      "type": "Microsoft.ApiManagement/service/products/apis",
      "apiVersion": "2019-01-01",
      "dependsOn": [
        "[resourceId('Microsoft.ApiManagement/service/apis', parameters('ApimServiceName'), parameters('LogAnalyticsFunctionId'))]"
      ]
    },
    {
      "properties": {
        "alwaysLog": "allErrors",
        "loggerId": "[concat(resourceGroup().id, '/providers/Microsoft.ApiManagement/service/', parameters('ApimServiceName'), '/loggers/', parameters('AppInsightsName'))]",
        "sampling": {
          "samplingType": "fixed",
          "percentage": 100.0
        },
        "frontend": {
          "request": {
            "headers": [],
            "body": {
              "bytes": 0
            }
          },
          "response": {
            "headers": [],
            "body": {
              "bytes": 0
            }
          }
        },
        "backend": {
          "request": {
            "headers": [],
            "body": {
              "bytes": 0
            }
          },
          "response": {
            "headers": [],
            "body": {
              "bytes": 0
            }
          }
        }
      },
      "name": "[concat(parameters('ApimServiceName'), '/', parameters('IntuneFunctionId'), '/applicationinsights')]",
      "type": "Microsoft.ApiManagement/service/apis/diagnostics",
      "apiVersion": "2019-01-01",
      "dependsOn": [
        "[resourceId('Microsoft.ApiManagement/service/apis', parameters('ApimServiceName'), parameters('IntuneFunctionId'))]"
      ]
    },
    {
      "properties": {
        "alwaysLog": "allErrors",
        "loggerId": "[concat(resourceGroup().id, '/providers/Microsoft.ApiManagement/service/', parameters('ApimServiceName'), '/loggers/', parameters('AppInsightsName'))]",
        "sampling": {
          "samplingType": "fixed",
          "percentage": 100.0
        },
        "frontend": {
          "request": {
            "headers": [],
            "body": {
              "bytes": 0
            }
          },
          "response": {
            "headers": [],
            "body": {
              "bytes": 0
            }
          }
        },
        "backend": {
          "request": {
            "headers": [],
            "body": {
              "bytes": 0
            }
          },
          "response": {
            "headers": [],
            "body": {
              "bytes": 0
            }
          }
        }
      },
      "name": "[concat(parameters('ApimServiceName'), '/', parameters('LogAnalyticsFunctionId'), '/applicationinsights')]",
      "type": "Microsoft.ApiManagement/service/apis/diagnostics",
      "apiVersion": "2019-01-01",
      "dependsOn": [
        "[resourceId('Microsoft.ApiManagement/service/apis', parameters('ApimServiceName'), parameters('LogAnalyticsFunctionId'))]"
      ]
    },
    {
      "properties": {
        "description": "[parameters('IntuneFunctionId')]",
        "resourceId": "[concat('https://management.azure.com/subscriptions/', subscription().subscriptionId, '/resourceGroups/', parameters('DTIAppsResourceGroup'), '/providers/Microsoft.Web/sites/', parameters('IntuneFunctionId'))]",
        "credentials": {
          "header": {
            "x-functions-key": [
              "[concat('{{', parameters('IntuneFunctionId'), '-key}}')]"
            ]
          }
        },
        "url": "[concat('https://', parameters('IntuneFunctionId'),'.azurewebsites.net/api')]",
        "protocol": "http"
      },
      "name": "[concat(parameters('ApimServiceName'), '/', parameters('IntuneFunctionId'))]",
      "type": "Microsoft.ApiManagement/service/backends",
      "apiVersion": "2019-01-01"
    },
    {
      "properties": {
        "description": "[parameters('LogAnalyticsFunctionId')]",
        "resourceId": "[concat('https://management.azure.com/subscriptions/', subscription().subscriptionId, '/resourceGroups/', parameters('DTIAppsResourceGroup'), '/providers/Microsoft.Web/sites/', parameters('LogAnalyticsFunctionId'))]",
        "credentials": {
          "header": {
            "x-functions-key": [
              "[concat('{{', parameters('LogAnalyticsFunctionId'), '-key}}')]"
            ]
          }
        },
        "url": "[concat('https://', parameters('LogAnalyticsFunctionId'),'.azurewebsites.net/api')]",
        "protocol": "http"
      },
      "name": "[concat(parameters('ApimServiceName'), '/', parameters('LogAnalyticsFunctionId'))]",
      "type": "Microsoft.ApiManagement/service/backends",
      "apiVersion": "2019-01-01"
    },
    {
      "properties": {
        "description": "[parameters('SccmDataSchedulerFunctionId')]",
        "resourceId": "[concat('https://management.azure.com/subscriptions/', subscription().subscriptionId, '/resourceGroups/', parameters('DTIAppsResourceGroup'), '/providers/Microsoft.Web/sites/', parameters('SccmDataSchedulerFunctionId'))]",
        "credentials": {
          "header": {
            "x-functions-key": [
              "[concat('{{', parameters('SccmDataSchedulerFunctionId'), '-key}}')]"
            ]
          }
        },
        "url": "[concat('https://', parameters('SccmDataSchedulerFunctionId'),'.azurewebsites.net/api')]",
        "protocol": "http"
      },
      "name": "[concat(parameters('ApimServiceName'), '/', parameters('SccmDataSchedulerFunctionId'))]",
      "type": "Microsoft.ApiManagement/service/backends",
      "apiVersion": "2019-01-01",
      "dependsOn": [
        "[resourceId('Microsoft.ApiManagement/service/properties', parameters('ApimServiceName'), concat(parameters('SccmDataSchedulerFunctionId'), '-key'))]"
      ]
    },
    {
      "properties": {
        "value": "<!--\n    IMPORTANT:\n    - Policy elements can appear only within the <inbound>, <outbound>, <backend> section elements.\n    - Only the <forward-request> policy element can appear within the <backend> section element.\n    - To apply a policy to the incoming request (before it is forwarded to the backend service), place a corresponding policy element within the <inbound> section element.\n    - To apply a policy to the outgoing response (before it is sent back to the caller), place a corresponding policy element within the <outbound> section element.\n    - To add a policy position the cursor at the desired insertion point and click on the round button associated with the policy.\n    - To remove a policy, delete the corresponding policy statement from the policy document.\n    - Policies are applied in the order of their appearance, from the top down.\n-->\r\n<policies>\r\n\t<inbound />\r\n\t<backend>\r\n\t\t<forward-request />\r\n\t</backend>\r\n\t<outbound />\r\n</policies>",
        "format": "rawxml"
      },
      "name": "[concat(parameters('ApimServiceName'), '/policy')]",
      "type": "Microsoft.ApiManagement/service/policies",
      "apiVersion": "2019-01-01"
    },

    {
      "properties": {
        "description": "[concat('Import from \"', parameters('SccmDataSchedulerFunctionId'), '\" Function App')]",
        "authenticationSettings": {
          "subscriptionKeyRequired": true
        },
        "subscriptionKeyParameterNames": {
          "header": "Ocp-Apim-Subscription-Key",
          "query": "subscription-key"
        },
        "apiRevision": "1",
        "isCurrent": true,
        "subscriptionRequired": true,
        "displayName": "[parameters('SccmDataSchedulerFunctionId')]",
        "path": "sccm",
        "protocols": [
          "https"
        ]
      },
      "name": "[concat(parameters('ApimServiceName'), '/', parameters('SccmDataSchedulerFunctionId'))]",
      "type": "Microsoft.ApiManagement/service/apis",
      "apiVersion": "2019-01-01",
      "dependsOn": []
    },
    {
      "properties": {
        "templateParameters": [
          {
            "name": "clientCode",
            "type": "",
            "required": true,
            "values": []
          },
          {
            "name": "sccmserver",
            "type": "",
            "required": true,
            "values": []
          }
        ],
        "description": "",
        "request": {
          "queryParameters": [],
          "headers": [],
          "representations": []
        },
        "responses": [],
        "displayName": "SccmDataRequestSas",
        "method": "GET",
        "urlTemplate": "/schedule/{clientCode}/{sccmserver}/requestsas"
      },
      "name": "[concat(parameters('ApimServiceName'), '/', parameters('SccmDataSchedulerFunctionId'), '/get-sccmdatarequestsas')]",
      "type": "Microsoft.ApiManagement/service/apis/operations",
      "apiVersion": "2019-01-01",
      "dependsOn": [
        "[resourceId('Microsoft.ApiManagement/service/apis', parameters('ApimServiceName'), parameters('SccmDataSchedulerFunctionId'))]"
      ]
    },
    {
      "properties": {
        "templateParameters": [
          {
            "name": "clientCode",
            "type": "",
            "required": true,
            "values": []
          },
          {
            "name": "sccmserver",
            "type": "",
            "required": true,
            "values": []
          },
          {
            "name": "queryName",
            "type": "",
            "required": true,
            "values": []
          }
        ],
        "description": "",
        "request": {
          "queryParameters": [],
          "headers": [],
          "representations": []
        },
        "responses": [],
        "displayName": "SccmDataSchedulerUpdateQueryStatus",
        "method": "POST",
        "urlTemplate": "/schedule/{clientCode}/{sccmserver}/{queryName}/updatestatus"
      },
      "name": "[concat(parameters('ApimServiceName'), '/', parameters('SccmDataSchedulerFunctionId'), '/post-sccmdataschedulerupdatequerystatus')]",
      "type": "Microsoft.ApiManagement/service/apis/operations",
      "apiVersion": "2019-01-01",
      "dependsOn": [
        "[resourceId('Microsoft.ApiManagement/service/apis', parameters('ApimServiceName'), parameters('SccmDataSchedulerFunctionId'))]"
      ]
    },
    {
      "properties": {
        "templateParameters": [
          {
            "name": "clientCode",
            "type": "",
            "required": true,
            "values": []
          },
          {
            "name": "sccmServer",
            "type": "",
            "required": true,
            "values": []
          }
        ],
        "description": "",
        "request": {
          "queryParameters": [],
          "headers": [],
          "representations": []
        },
        "responses": [],
        "displayName": "SccmDataSchedulerListRunnable",
        "method": "GET",
        "urlTemplate": "/schedule/query/runnable/{clientCode}/{sccmServer}"
      },
      "name": "[concat(parameters('ApimServiceName'), '/', parameters('SccmDataSchedulerFunctionId'), '/get-sccmdataschedulerlistrunnable')]",
      "type": "Microsoft.ApiManagement/service/apis/operations",
      "apiVersion": "2019-01-01",
      "dependsOn": [
        "[resourceId('Microsoft.ApiManagement/service/apis', parameters('ApimServiceName'), parameters('SccmDataSchedulerFunctionId'))]"
      ]
    },
    {
      "properties": {
        "value": "[concat('<policies>\r\n\t<inbound>\r\n\t\t<base />\r\n\t\t<set-backend-service id=\"apim-generated-policy\" backend-id=\"', parameters('SccmDataSchedulerFunctionId'), '\" />\r\n\t</inbound>\r\n\t<backend>\r\n\t\t<base />\r\n\t</backend>\r\n\t<outbound>\r\n\t\t<base />\r\n\t</outbound>\r\n\t<on-error>\r\n\t\t<base />\r\n\t</on-error>\r\n</policies>')]",
        "format": "rawxml"
      },
      "name": "[concat(parameters('ApimServiceName'), '/', parameters('SccmDataSchedulerFunctionId'), '/get-sccmdatarequestsas/policy')]",
      "type": "Microsoft.ApiManagement/service/apis/operations/policies",
      "apiVersion": "2019-01-01",
      "dependsOn": [
        "[resourceId('Microsoft.ApiManagement/service/apis/operations', parameters('ApimServiceName'), parameters('SccmDataSchedulerFunctionId'), 'get-sccmdatarequestsas')]"
      ]
    },
    {
      "properties": {
        "value": "[concat('<policies>\r\n\t<inbound>\r\n\t\t<base />\r\n\t\t<set-backend-service id=\"apim-generated-policy\" backend-id=\"', parameters('SccmDataSchedulerFunctionId'), '\" />\r\n\t</inbound>\r\n\t<backend>\r\n\t\t<base />\r\n\t</backend>\r\n\t<outbound>\r\n\t\t<base />\r\n\t</outbound>\r\n\t<on-error>\r\n\t\t<base />\r\n\t</on-error>\r\n</policies>')]",
        "format": "rawxml"
      },
      "name": "[concat(parameters('ApimServiceName'), '/', parameters('SccmDataSchedulerFunctionId'),  '/get-sccmdataschedulerlistrunnable/policy')]",
      "type": "Microsoft.ApiManagement/service/apis/operations/policies",
      "apiVersion": "2019-01-01",
      "dependsOn": [
        "[resourceId('Microsoft.ApiManagement/service/apis/operations', parameters('ApimServiceName'), parameters('SccmDataSchedulerFunctionId'), 'get-sccmdataschedulerlistrunnable')]"
      ]
    },
    {
      "properties": {
        "value": "[concat('<policies>\r\n\t<inbound>\r\n\t\t<base />\r\n\t\t<set-backend-service id=\"apim-generated-policy\" backend-id=\"', parameters('SccmDataSchedulerFunctionId'), '\" />\r\n\t</inbound>\r\n\t<backend>\r\n\t\t<base />\r\n\t</backend>\r\n\t<outbound>\r\n\t\t<base />\r\n\t</outbound>\r\n\t<on-error>\r\n\t\t<base />\r\n\t</on-error>\r\n</policies>')]",
        "format": "rawxml"
      },
      "name": "[concat(parameters('ApimServiceName'), '/', parameters('SccmDataSchedulerFunctionId'), '/post-sccmdataschedulerupdatequerystatus/policy')]",
      "type": "Microsoft.ApiManagement/service/apis/operations/policies",
      "apiVersion": "2019-01-01",
      "dependsOn": [
        "[resourceId('Microsoft.ApiManagement/service/apis/operations', parameters('ApimServiceName'), parameters('SccmDataSchedulerFunctionId'), 'post-sccmdataschedulerupdatequerystatus')]"
      ]
    },
    {
      "properties": {},
      "name": "[concat(parameters('ApimServiceName'), '/sccm-management/', parameters('SccmDataSchedulerFunctionId'))]",
      "type": "Microsoft.ApiManagement/service/products/apis",
      "apiVersion": "2019-01-01",
      "dependsOn": [
        "[resourceId('Microsoft.ApiManagement/service/apis', parameters('ApimServiceName'), parameters('SccmDataSchedulerFunctionId'))]"
      ]
    },
    {
      "properties": {},
      "name": "[concat(parameters('ApimServiceName'), '/unlimited/', parameters('SccmDataSchedulerFunctionId'))]",
      "type": "Microsoft.ApiManagement/service/products/apis",
      "apiVersion": "2019-01-01",
      "dependsOn": [
        "[resourceId('Microsoft.ApiManagement/service/apis', parameters('ApimServiceName'), parameters('SccmDataSchedulerFunctionId'))]"
      ]
    },
    {
      "name": "[concat(parameters('ApimServiceName'), '/azuremonitor')]",
      "type": "Microsoft.ApiManagement/service/loggers",
      "apiVersion": "2019-01-01",
      "properties": {
        "loggerType": "azureMonitor",
        "isBuffered": true
      }
    },
    {
      "properties": {
        "loggerType": "applicationInsights",
        "credentials": {
          "instrumentationKey": "{{Logger-Credentials-AppInsights}}"
        },
        "isBuffered": true,
        "resourceId": "[resourceId(resourceGroup().name, 'microsoft.insights/components', parameters('AppInsightsName'))]"
      },
      "name": "[concat(parameters('ApimServiceName'), '/', parameters('AppInsightsName'))]",
      "type": "Microsoft.ApiManagement/service/loggers",
      "apiVersion": "2019-01-01"
    },
    {
      "name": "[concat(parameters('ApimServiceName'), '/', parameters('IntuneFunctionId'), '-apim')]",
      "type": "Microsoft.ApiManagement/service/properties",
      "apiVersion": "2019-01-01",
      "properties": {
        "tags": [],
        "secret": false,
        "displayName": "[concat(parameters('IntuneFunctionId'), '-apim')]",
        "value": "[concat('https://', parameters('ApimServiceName'), '.azure-api.net/intune/IntuneData')]"
      }
    },
    {
      "properties": {
        "tags": [],
        "secret": false,
        "displayName": "[concat(parameters('IntuneFunctionId'), '-backend')]",
        "value": "[concat('https://', parameters('IntuneFunctionId'),'.azurewebsites.net/ReportingService/DataWarehouseFEService')]"
      },
      "name": "[concat(parameters('ApimServiceName'), '/', parameters('IntuneFunctionId'), '-backend')]",
      "type": "Microsoft.ApiManagement/service/properties",
      "apiVersion": "2019-01-01"
    },
    {
      "properties": {
        "tags": [
          "key",
          "function",
          "auto"
        ],
        "secret": true,
        "displayName": "[concat(parameters('IntuneFunctionId'), '-key')]",
        "value": "[listkeys(resourceId(parameters('DTIAppsResourceGroup') ,'Microsoft.Web/sites/functions', parameters('IntuneFunctionId'), 'IntuneData'),'2018-02-01').default]"
      },
      "name": "[concat(parameters('ApimServiceName'), '/', parameters('IntuneFunctionId'), '-key')]",
      "type": "Microsoft.ApiManagement/service/properties",
      "apiVersion": "2019-01-01"
    },
    {
      "properties": {
        "tags": [
          "key",
          "function",
          "auto"
        ],
        "secret": true,
        "displayName": "[concat(parameters('LogAnalyticsFunctionId'), '-key')]",
        "value": "[listkeys(resourceId(parameters('DTIAppsResourceGroup') ,'Microsoft.Web/sites/functions', parameters('LogAnalyticsFunctionId'), 'LogAnalytics'),'2018-02-01').default]"
      },
      "name": "[concat(parameters('ApimServiceName'), '/', parameters('LogAnalyticsFunctionId'), '-key')]",
      "type": "Microsoft.ApiManagement/service/properties",
      "apiVersion": "2019-01-01"
    },
    {
      "properties": {
        "tags": [
          "key",
          "function",
          "auto"
        ],
        "secret": true,
        "displayName": "[concat(parameters('SccmDataSchedulerFunctionId'), '-key')]",
        "value": "[parameters('SccmDataSchedulerFunctionKey')]"
      },
      "name": "[concat(parameters('ApimServiceName'), '/', parameters('SccmDataSchedulerFunctionId'), '-key')]",
      "type": "Microsoft.ApiManagement/service/properties",
      "apiVersion": "2019-01-01"
    },
    {
      "properties": {
        "secret": true,
        "displayName": "Logger-Credentials-AppInsights",
        "value": "[reference(resourceId('Microsoft.Insights/components', parameters('AppInsightsName')), '2014-04-01').InstrumentationKey]"
      },
      "name": "[concat(parameters('ApimServiceName'), '/', 'ai-credential')]",
      "type": "Microsoft.ApiManagement/service/properties",
      "apiVersion": "2019-01-01"
    },
    {
      "properties": {
        "description": "[concat('Import from \"', parameters('SccmQueryFunctionId'), '\" Function App')]",
        "authenticationSettings": {
          "subscriptionKeyRequired": true
        },
        "subscriptionKeyParameterNames": {
          "header": "Ocp-Apim-Subscription-Key",
          "query": "subscription-key"
        },
        "apiRevision": "1",
        "isCurrent": true,
        "subscriptionRequired": true,
        "displayName": "[parameters('SccmQueryFunctionId')]",
        "path": "sccmdata",
        "protocols": [
          "https"
        ]
      },
      "name": "[concat(parameters('ApimServiceName'), '/', parameters('SccmQueryFunctionId'))]",
      "type": "Microsoft.ApiManagement/service/apis",
      "apiVersion": "2019-01-01",
      "dependsOn": []
    },
    {
      "properties": {
        "templateParameters": [
          {
            "name": "queryName",
            "description": "SCCM Query Name",
            "type": "",
            "required": true,
            "values": []
          }
        ],
        "description": "",
        "request": {
          "queryParameters": [],
          "headers": [],
          "representations": []
        },
        "responses": [],
        "displayName": "SccmDataQueryResultGet",
        "method": "GET",
        "urlTemplate": "/queryresult/data/{queryName}"
      },
      "name": "[concat(parameters('ApimServiceName'), '/', parameters('SccmQueryFunctionId'), '/get-sccmdataqueryresultget')]",
      "type": "Microsoft.ApiManagement/service/apis/operations",
      "apiVersion": "2019-01-01",
      "dependsOn": [
        "[resourceId('Microsoft.ApiManagement/service/apis', parameters('ApimServiceName'), parameters('SccmQueryFunctionId'))]"
      ]
    },
    {
      "properties": {
        "value": "[concat('<!--\n    IMPORTANT:\n    - Policy elements can appear only within the <inbound>, <outbound>, <backend> section elements.\n    - To apply a policy to the incoming request (before it is forwarded to the backend service), place a corresponding policy element within the <inbound> section element.\n    - To apply a policy to the outgoing response (before it is sent back to the caller), place a corresponding policy element within the <outbound> section element.\n    - To add a policy, place the cursor at the desired insertion point and select a policy from the sidebar.\n    - To remove a policy, delete the corresponding policy statement from the policy document.\n    - Position the <base> element within a section element to inherit all policies from the corresponding section element in the enclosing scope.\n    - Remove the <base> element to prevent inheriting policies from the corresponding section element in the enclosing scope.\n    - Policies are applied in the order of their appearance, from the top down.\n    - Comments within policy elements are not supported and may disappear. Place your comments between policy elements or at a higher level scope.\n-->\r\n<policies>\r\n\t<inbound>\r\n\t\t<base />\r\n\t</inbound>\r\n\t<backend>\r\n\t\t<base />\r\n\t</backend>\r\n\t<outbound>\r\n\t\t<find-and-replace from=\"{{', parameters('SccmQueryFunctionId'), '-backend}}\" to=\"{{', parameters('SccmQueryFunctionId'), '-apim}}\" />\r\n\t</outbound>\r\n\t<on-error>\r\n\t\t<base />\r\n\t</on-error>\r\n</policies>')]",
        "format": "rawxml"
      },
      "name": "[concat(parameters('ApimServiceName'), '/', parameters('SccmQueryFunctionId'), '/get-sccmdataqueryresultget/policy')]",
      "type": "Microsoft.ApiManagement/service/apis/operations/policies",
      "apiVersion": "2019-01-01",
      "dependsOn": [
        "[resourceId('Microsoft.ApiManagement/service/apis/operations', parameters('ApimServiceName'), parameters('SccmQueryFunctionId'), 'get-sccmdataqueryresultget')]"
      ]
    },
    {
      "properties": {
        "value": "[concat('<!--\n    IMPORTANT:\n    - Policy elements can appear only within the <inbound>, <outbound>, <backend> section elements.\n    - To apply a policy to the incoming request (before it is forwarded to the backend service), place a corresponding policy element within the <inbound> section element.\n    - To apply a policy to the outgoing response (before it is sent back to the caller), place a corresponding policy element within the <outbound> section element.\n    - To add a policy, place the cursor at the desired insertion point and select a policy from the sidebar.\n    - To remove a policy, delete the corresponding policy statement from the policy document.\n    - Position the <base> element within a section element to inherit all policies from the corresponding section element in the enclosing scope.\n    - Remove the <base> element to prevent inheriting policies from the corresponding section element in the enclosing scope.\n    - Policies are applied in the order of their appearance, from the top down.\n    - Comments within policy elements are not supported and may disappear. Place your comments between policy elements or at a higher level scope.\n-->\r\n<policies>\r\n\t<inbound>\r\n\t\t<base />\r\n\t\t<set-backend-service id=\"apim-generated-policy\" backend-id=\"', parameters('SccmQueryFunctionId'), '\" />\r\n\t</inbound>\r\n\t<backend>\r\n\t\t<base />\r\n\t</backend>\r\n\t<outbound>\r\n\t\t<base />\r\n\t</outbound>\r\n\t<on-error>\r\n\t\t<base />\r\n\t</on-error>\r\n</policies>')]",
        "format": "rawxml"
      },
      "name": "[concat(parameters('ApimServiceName'), '/', parameters('SccmQueryFunctionId'), '/policy')]",
      "type": "Microsoft.ApiManagement/service/apis/policies",
      "apiVersion": "2019-01-01",
      "dependsOn": [
        "[resourceId('Microsoft.ApiManagement/service/apis', parameters('ApimServiceName'), parameters('SccmQueryFunctionId'))]"
      ]
    },
    {
      "properties": {
        "description": "[parameters('SccmQueryFunctionId')]",
        "resourceId": "[concat('https://management.azure.com/subscriptions/', subscription().subscriptionId, '/resourceGroups/', parameters('DTIAppsResourceGroup'), '/providers/Microsoft.Web/sites/', parameters('SccmQueryFunctionId'))]",
        "credentials": {
          "header": {
            "x-functions-key": [
              "[concat('{{', parameters('SccmQueryFunctionId'), '-key}}')]"
            ]
          }
        },
        "url": "[concat('https://', parameters('SccmQueryFunctionId'), '.azurewebsites.net/api')]",
        "protocol": "http"
      },
      "name": "[concat(parameters('ApimServiceName'), '/', parameters('SccmQueryFunctionId'))]",
      "type": "Microsoft.ApiManagement/service/backends",
      "apiVersion": "2019-01-01"
    },
    {
      "properties": {
        "tags": [],
        "secret": false,
        "displayName": "[concat(parameters('SccmQueryFunctionId'), '-apim')]",
        "value": "[concat('https://', parameters('ApimServiceName'), '.azure-api.net/sccmdata/queryresult/data/')]"
      },
      "name": "[concat(parameters('ApimServiceName'), '/', parameters('SccmQueryFunctionId'), '-apim')]",
      "type": "Microsoft.ApiManagement/service/properties",
      "apiVersion": "2019-01-01"
    },
    {
      "properties": {
        "tags": [],
        "secret": false,
        "displayName": "[concat(parameters('SccmQueryFunctionId'), '-backend')]",
        "value": "[concat('https://', parameters('SccmQueryFunctionId'), '.azurewebsites.net/api/queryresult/data/')]"
      },
      "name": "[concat(parameters('ApimServiceName'), '/', parameters('SccmQueryFunctionId'), '-backend')]",
      "type": "Microsoft.ApiManagement/service/properties",
      "apiVersion": "2019-01-01"
    },
    {
      "properties": {},
      "name": "[concat(parameters('ApimServiceName'), '/business-data-mart/', parameters('SccmQueryFunctionId'))]",
      "type": "Microsoft.ApiManagement/service/products/apis",
      "apiVersion": "2019-01-01",
      "dependsOn": [
        "[resourceId('Microsoft.ApiManagement/service/apis', parameters('ApimServiceName'), parameters('SccmQueryFunctionId'))]"
      ]
    },
    {
      "properties": {
        "tags": [],
        "secret": false,
        "displayName": "[concat(parameters('InTuneGraphFunctionId'), '-apim')]",
        "value": "[concat('https://', parameters('ApimServiceName'), '.azure-api.net/intunereportdata/queryresult/data/')]"
      },
      "name": "[concat(parameters('ApimServiceName'), '/', parameters('InTuneGraphFunctionId'), '-apim')]",
      "type": "Microsoft.ApiManagement/service/properties",
      "apiVersion": "2019-01-01"
    },
    {
      "properties": {
        "tags": [],
        "secret": false,
        "displayName": "[concat(parameters('InTuneGraphFunctionId'), '-backend')]",
        "value": "[concat('https://', parameters('InTuneGraphFunctionId'), '.azurewebsites.net/api/queryresult/data/')]"
      },
      "name": "[concat(parameters('ApimServiceName'), '/', parameters('InTuneGraphFunctionId'), '-backend')]",
      "type": "Microsoft.ApiManagement/service/properties",
      "apiVersion": "2019-01-01"
    },
    {
      "properties": {
        "tags": [
          "key",
          "function",
          "auto"
        ],
        "secret": true,
        "displayName": "[concat(parameters('InTuneGraphFunctionId'), '-key')]",
        "value": "[listkeys(resourceId(parameters('DTIAppsResourceGroup') ,'Microsoft.Web/sites/functions', parameters('InTuneGraphFunctionId'), 'InTuneExtractAPI'),'2018-02-01').default]"
      },
      "name": "[concat(parameters('ApimServiceName'), '/', parameters('InTuneGraphFunctionId'), '-key')]",
      "type": "Microsoft.ApiManagement/service/properties",
      "apiVersion": "2019-01-01"
    },
    {
      "properties": {
        "description": "InTune Report Data Export Endpoint",
        "authenticationSettings": {
          "subscriptionKeyRequired": true
        },
        "subscriptionKeyParameterNames": {
          "header": "Ocp-Apim-Subscription-Key",
          "query": "subscription-key"
        },
        "apiRevision": "1",
        "isCurrent": true,
        "subscriptionRequired": true,
        "displayName": "[parameters('InTuneGraphFunctionId')]",
        "path": "intunereportdata",
        "protocols": [
          "https"
        ]
      },
      "name": "[concat(parameters('ApimServiceName'), '/', parameters('InTuneGraphFunctionId'))]",
      "type": "Microsoft.ApiManagement/service/apis",
      "apiVersion": "2019-01-01",
      "dependsOn": []
    },
    {
      "properties": {
        "templateParameters": [
          {
            "name": "reportName",
            "description": "Name of required InTune Report",
            "type": "string",
            "required": true,
            "values": []
          }
        ],
        "description": "",
        "request": {
          "queryParameters": [],
          "headers": [],
          "representations": []
        },
        "responses": [],
        "displayName": "InTuneExtractAPI",
        "method": "GET",
        "urlTemplate": "/queryresult/data/{reportName}"
      },
      "name": "[concat(parameters('ApimServiceName'), '/', parameters('InTuneGraphFunctionId'), '/get-intuneextractapi')]",
      "type": "Microsoft.ApiManagement/service/apis/operations",
      "apiVersion": "2019-01-01",
      "dependsOn": [
        "[resourceId('Microsoft.ApiManagement/service/apis', parameters('ApimServiceName'), parameters('InTuneGraphFunctionId'))]"
      ]
    },
    {
      "properties": {
        "value": "[concat('<policies>\r\n\t<inbound>\r\n\t\t<base />\r\n\t\t<set-backend-service id=\"apim-generated-policy\" backend-id=\"', parameters('InTuneGraphFunctionId'), '\" />\r\n\t</inbound>\r\n\t<backend>\r\n\t\t<base />\r\n\t</backend>\r\n\t<outbound>\r\n\t\t<find-and-replace from=\"{{', parameters('InTuneGraphFunctionId'), '-backend}}\" to=\"{{', parameters('InTuneGraphFunctionId'), '-apim}}\" />\r\n\t</outbound>\r\n\t<on-error>\r\n\t\t<base />\r\n\t</on-error>\r\n</policies>')]",
        "format": "rawxml"
      },
      "name": "[concat(parameters('ApimServiceName'), '/', parameters('InTuneGraphFunctionId'), '/get-intuneextractapi/policy')]",
      "type": "Microsoft.ApiManagement/service/apis/operations/policies",
      "apiVersion": "2019-01-01",
      "dependsOn": [
        "[resourceId('Microsoft.ApiManagement/service/apis/operations', parameters('ApimServiceName'), parameters('InTuneGraphFunctionId'), 'get-intuneextractapi')]",
        "[resourceId('Microsoft.ApiManagement/service/properties', parameters('ApimServiceName'), concat(parameters('InTuneGraphFunctionId'), '-key'))]",
        "[resourceId('Microsoft.ApiManagement/service/properties', parameters('ApimServiceName'), concat(parameters('InTuneGraphFunctionId'), '-apim'))]"
      ]
    },
    {
      "properties": {
        "alwaysLog": "allErrors",
        "loggerId": "[concat(resourceGroup().id, '/providers/Microsoft.ApiManagement/service/', parameters('ApimServiceName'), '/loggers/', parameters('AppInsightsName'))]",
        "sampling": {
          "samplingType": "fixed",
          "percentage": 100.0
        },
        "frontend": {
          "request": {
            "headers": [],
            "body": {
              "bytes": 0
            }
          },
          "response": {
            "headers": [],
            "body": {
              "bytes": 0
            }
          }
        },
        "backend": {
          "request": {
            "headers": [],
            "body": {
              "bytes": 0
            }
          },
          "response": {
            "headers": [],
            "body": {
              "bytes": 0
            }
          }
        }
      },
      "name": "[concat(parameters('ApimServiceName'), '/', parameters('InTuneGraphFunctionId'), '/applicationinsights')]",
      "type": "Microsoft.ApiManagement/service/apis/diagnostics",
      "apiVersion": "2019-01-01",
      "dependsOn": [
        "[resourceId('Microsoft.ApiManagement/service/apis', parameters('ApimServiceName'), parameters('InTuneGraphFunctionId'))]"
      ]
    },
    {
      "properties": {
        "description": "[parameters('InTuneGraphFunctionId')]",
        "resourceId": "[concat('https://management.azure.com/subscriptions/', subscription().subscriptionId, '/resourceGroups/', parameters('DTIAppsResourceGroup'), '/providers/Microsoft.Web/sites/', parameters('InTuneGraphFunctionId'))]",
        "credentials": {
          "header": {
            "x-functions-key": [
              "[concat('{{', parameters('InTuneGraphFunctionId'),'-key}}')]"
            ]
          }
        },
        "url": "[concat('https://', parameters('InTuneGraphFunctionId'), '.azurewebsites.net/api')]",
        "protocol": "http"
      },
      "name": "[concat(parameters('ApimServiceName'), '/', parameters('InTuneGraphFunctionId'))]",
      "type": "Microsoft.ApiManagement/service/backends",
      "apiVersion": "2019-01-01",
      "dependsOn": [
        "[resourceId('Microsoft.ApiManagement/service/properties', parameters('ApimServiceName'), concat(parameters('IntuneFunctionId'), '-backend'))]"
      ]
    },
    {
      "properties": {},
      "name": "[concat(parameters('ApimServiceName'), '/business-data-mart/', parameters('InTuneGraphFunctionId'))]",
      "type": "Microsoft.ApiManagement/service/products/apis",
      "apiVersion": "2019-01-01",
      "dependsOn": [
        "[resourceId('Microsoft.ApiManagement/service/products', parameters('ApimServiceName'), 'business-data-mart')]",
        "[resourceId('Microsoft.ApiManagement/service/apis', parameters('ApimServiceName'), parameters('InTuneGraphFunctionId'))]"
      ]
    },
    {
      "name": "[concat(parameters('ApimServiceName'), '/security-events-webhook')]",
      "type": "Microsoft.ApiManagement/service/products",
      "apiVersion": "2019-01-01",
      "properties": {
        "description": "Graph Security Events WebHook",
        "subscriptionRequired": true,
        "approvalRequired": false,
        "state": "published",
        "displayName": "Graph Security Events WebHook"
      }
    },
    {
      "name": "[concat(parameters('ApimServiceName'), '/security-events-client')]",
      "type": "Microsoft.ApiManagement/service/subscriptions",
      "apiVersion": "2019-12-01",
      "properties": {
        "scope": "/products/security-events-webhook",
        "displayName": "Security Events Client",
        "state": "active",
        "allowTracing": false
      },
      "dependsOn": [
        "[resourceId('Microsoft.ApiManagement/service/products', parameters('ApimServiceName'), 'security-events-webhook')]"
      ]
    }
  ],
  "outputs": {
  }
}