{
    "type": "object",
    "properties": {
        "ReportName": {
            "type": [
                "string",
                "null"
            ]
        },
        "Content": {
            "type": "object",
            "properties": {
                "SubscriptionName": {
                    "type": [
                        "string",
                        "null"
                    ]
                },
                "SubscriptionId": {
                    "type": [
                        "string",
                        "null"
                    ]
                },
                "DateCollected": {
                    "type": [
                        "string",
                        "null"
                    ]
                },
                "ResourceGroups": {
                    "type": "array",
                    "items": {
                        "type": "object",
                        "properties": {
                            "ResourceGroupName": {
                                "type": [
                                    "string",
                                    "null"
                                ]
                            },
                            "Location": {
                                "type": [
                                    "string",
                                    "null"
                                ]
                            },
                            "ProvisioningState": {
                                "type": [
                                    "string",
                                    "null"
                                ]
                            },
                            "Tags": {
                                "type": "object",
                                "properties": {
                                    "Cost Code": {
                                        "type": [
                                            "string",
                                            "null"
                                        ]
                                    }
                                }
                            },
                            "ResourceId": {
                                "type": [
                                    "string",
                                    "null"
                                ]
                            },
                            "ManagedBy": {}
                        },
                        "required": [
                            "ResourceGroupName",
                            "Location",
                            "ProvisioningState",
                            "Tags",
                            "ResourceId",
                            "ManagedBy"
                        ]
                    }
                },
                "VirtualNetworks": {
                    "type": "array",
                    "items": {
                        "type": "object",
                        "properties": {
                            "VNET Name": {
                                "type": [
                                    "string",
                                    "null"
                                ]
                            },
                            "Resource Group": {
                                "type": [
                                    "string",
                                    "null"
                                ]
                            },
                            "VNET Location": {
                                "type": [
                                    "string",
                                    "null"
                                ]
                            },
                            "Address Space": {
                                "type": [
                                    "string",
                                    "null"
                                ]
                            },
                            "DNS Servers": {},
                            "Subnet Names": {
                                "type": [
                                    "string",
                                    "null"
                                ]
                            },
                            "Subnet Addresses": {
                                "type": [
                                    "string",
                                    "null"
                                ]
                            },
                            "VNET Peering Name": {},
                            "Remote VNET Name": {},
                            "Peering State": {},
                            "Allow Virtual Network Access": {},
                            "Allow Forwarded Traffic": {},
                            "Allow Gateway Transit": {},
                            "Use Remote Gateways": {},
                            "Tags": {}
                        },
                        "required": [
                            "VNET Name",
                            "Resource Group",
                            "VNET Location",
                            "Address Space",
                            "DNS Servers",
                            "Subnet Names",
                            "Subnet Addresses",
                            "VNET Peering Name",
                            "Remote VNET Name",
                            "Peering State",
                            "Allow Virtual Network Access",
                            "Allow Forwarded Traffic",
                            "Allow Gateway Transit",
                            "Use Remote Gateways",
                            "Tags"
                        ]
                    }
                },
                "vNetGateways": {},
                "ExpressRouteGateways": {},
                "ExpressRouteConnections": {},
                "NetworkSecurityGroups": {
                    "type": "array",
                    "items": {
                        "type": "object",
                        "properties": {
                            "NSG Name": {
                                "type": [
                                    "string",
                                    "null"
                                ]
                            },
                            "Resource Group": {
                                "type": [
                                    "string",
                                    "null"
                                ]
                            },
                            "Security Rules": {
                                "type": [
                                    "string",
                                    "null"
                                ]
                            },
                            "Network Interfaces": {
                                "type": [
                                    "string",
                                    "null"
                                ]
                            },
                            "Subnets": {},
                            "Location": {
                                "type": [
                                    "string",
                                    "null"
                                ]
                            },
                            "Tags": {}
                        },
                        "required": [
                            "NSG Name",
                            "Resource Group",
                            "Security Rules",
                            "Network Interfaces",
                            "Subnets",
                            "Location",
                            "Tags"
                        ]
                    }
                },
                "UserDefinedRoutes": {},
                "StorageAccounts": {
                    "type": "array",
                    "items": {
                        "type": "object",
                        "properties": {
                            "Resource Group": {
                                "type": [
                                    "string",
                                    "null"
                                ]
                            },
                            "Storage Account Name": {
                                "type": [
                                    "string",
                                    "null"
                                ]
                            },
                            "Account Type": {
                                "type": [
                                    "string",
                                    "null"
                                ]
                            },
                            "Creation Time": {
                                "type": "object",
                                "properties": {
                                    "value": {
                                        "type": [
                                            "string",
                                            "null"
                                        ]
                                    },
                                    "DateTime": {
                                        "type": [
                                            "string",
                                            "null"
                                        ]
                                    }
                                }
                            },
                            "End Points": {
                                "type": [
                                    "string",
                                    "null"
                                ]
                            },
                            "Force Https": {
                                "type": [
                                    "string",
                                    "null",
                                    "boolean"
                                ]
                            },
                            "Location": {
                                "type": [
                                    "string",
                                    "null"
                                ]
                            },
                            "Tags": {
                                "type": [
                                    "string",
                                    "null"
                                ]
                            }
                        },
                        "required": [
                            "Resource Group",
                            "Storage Account Name",
                            "Account Type",
                            "Creation Time",
                            "End Points",
                            "Force Https",
                            "Location",
                            "Tags"
                        ]
                    }
                },
                "AllVMs": {
                    "type": "array",
                    "items": {
                        "type": "object",
                        "properties": {
                            "Virtual Machine Name": {
                                "type": [
                                    "string",
                                    "null"
                                ]
                            },
                            "Resource Group": {
                                "type": [
                                    "string",
                                    "null"
                                ]
                            },
                            "Location": {
                                "type": [
                                    "string",
                                    "null"
                                ]
                            },
                            "Network Card": {
                                "type": [
                                    "string",
                                    "null"
                                ]
                            },
                            "IP Address": {
                                "type": [
                                    "string",
                                    "null"
                                ]
                            },
                            "Availability Set": {},
                            "Load Balancer": {},
                            "Diagnostics Enabled": {
                                "type": [
                                    "string",
                                    "null",
                                    "boolean"
                                ]
                            },
                            "Diagnostics Storage Account": {
                                "type": [
                                    "string",
                                    "null"
                                ]
                            },
                            "Instance Size": {
                                "type": [
                                    "string",
                                    "null"
                                ]
                            },
                            "Computer Name": {},
                            "Administrator Name": {},
                            "VM Agent Installed": {
                                "type": [
                                    "string",
                                    "null",
                                    "boolean"
                                ]
                            },
                            "Automatic Updates enabled": {
                                "type": [
                                    "string",
                                    "null",
                                    "boolean"
                                ]
                            },
                            "Publisher": {},
                            "Operating System": {},
                            "OS Disk Name": {
                                "type": [
                                    "string",
                                    "null"
                                ]
                            },
                            "OS Disk Size": {
                                "type": "integer"
                            },
                            "OS Disk URI": {
                                "type": [
                                    "string",
                                    "null"
                                ]
                            },
                            "OS Disk Type": {
                                "type": [
                                    "string",
                                    "null"
                                ]
                            },
                            "Data Disks Name": {},
                            "Data Disks Size": {},
                            "Data Disks URI": {},
                            "Data Disks Type": {},
                            "Extensions": {
                                "type": [
                                    "string",
                                    "null"
                                ]
                            },
                            "Tags": {
                                "type": [
                                    "string",
                                    "null"
                                ]
                            }
                        },
                        "required": [
                            "Virtual Machine Name",
                            "Resource Group",
                            "Location",
                            "Network Card",
                            "IP Address",
                            "Availability Set",
                            "Load Balancer",
                            "Diagnostics Enabled",
                            "Diagnostics Storage Account",
                            "Instance Size",
                            "Computer Name",
                            "Administrator Name",
                            "VM Agent Installed",
                            "Automatic Updates enabled",
                            "Publisher",
                            "Operating System",
                            "OS Disk Name",
                            "OS Disk Size",
                            "OS Disk URI",
                            "OS Disk Type",
                            "Data Disks Name",
                            "Data Disks Size",
                            "Data Disks URI",
                            "Data Disks Type",
                            "Extensions",
                            "Tags"
                        ]
                    }
                },
                "VMNICs": {
                    "type": "array",
                    "items": {
                        "type": "object",
                        "properties": {
                            "Virtual Machine Name": {
                                "type": [
                                    "string",
                                    "null"
                                ]
                            },
                            "Interface Name": {
                                "type": [
                                    "string",
                                    "null"
                                ]
                            },
                            "Internal IP Address": {
                                "type": [
                                    "string",
                                    "null"
                                ]
                            },
                            "DNS Server": {
                                "type": [
                                    "string",
                                    "null"
                                ]
                            },
                            "Subnet": {
                                "type": [
                                    "string",
                                    "null"
                                ]
                            },
                            "IP Allocation": {
                                "type": [
                                    "string",
                                    "null"
                                ]
                            },
                            "Primary Interface": {
                                "type": [
                                    "string",
                                    "null",
                                    "boolean"
                                ]
                            },
                            "IP Forwarding Enabled": {
                                "type": [
                                    "string",
                                    "null",
                                    "boolean"
                                ]
                            },
                            "Public IP Address": {},
                            "Network Security Group": {
                                "type": [
                                    "string",
                                    "null"
                                ]
                            },
                            "LB Backend Address Pool": {},
                            "LB Inbound Nat Rules": {
                                "type": [
                                    "string",
                                    "null"
                                ]
                            },
                            "Tags": {}
                        },
                        "required": [
                            "Virtual Machine Name",
                            "Interface Name",
                            "Internal IP Address",
                            "DNS Server",
                            "Subnet",
                            "IP Allocation",
                            "Primary Interface",
                            "IP Forwarding Enabled",
                            "Public IP Address",
                            "Network Security Group",
                            "LB Backend Address Pool",
                            "LB Inbound Nat Rules",
                            "Tags"
                        ]
                    }
                },
                "VMDisks": {
                    "type": "array",
                    "items": {
                        "type": "object",
                        "properties": {
                            "Disk Name": {
                                "type": [
                                    "string",
                                    "null"
                                ]
                            },
                            "Resource Group": {
                                "type": [
                                    "string",
                                    "null"
                                ]
                            },
                            "VM Owner": {
                                "type": [
                                    "string",
                                    "null"
                                ]
                            },
                            "Created": {
                                "type": [
                                    "string",
                                    "null"
                                ]
                            },
                            "OS Type": {
                                "type": "integer"
                            },
                            "Size GB": {
                                "type": "integer"
                            },
                            "Encryption Settings": {},
                            "Location": {
                                "type": [
                                    "string",
                                    "null"
                                ]
                            },
                            "Tags": {
                                "type": [
                                    "string",
                                    "null"
                                ]
                            }
                        },
                        "required": [
                            "Disk Name",
                            "Resource Group",
                            "VM Owner",
                            "Created",
                            "OS Type",
                            "Size GB",
                            "Encryption Settings",
                            "Location",
                            "Tags"
                        ]
                    }
                },
                "AvailabilitySets": {
                    "type": "array",
                    "items": {
                        "type": "object",
                        "properties": {
                            "Availability Set Name": {
                                "type": [
                                    "string",
                                    "null"
                                ]
                            },
                            "Resource Group": {
                                "type": [
                                    "string",
                                    "null"
                                ]
                            },
                            "Location": {
                                "type": [
                                    "string",
                                    "null"
                                ]
                            },
                            "Type": {
                                "type": [
                                    "string",
                                    "null"
                                ]
                            },
                            "Fault Domain Count": {
                                "type": "integer"
                            },
                            "Update Domain Count": {
                                "type": "integer"
                            },
                            "Associated VMs": {
                                "type": [
                                    "string",
                                    "null"
                                ]
                            },
                            "Tags": {
                                "type": [
                                    "string",
                                    "null"
                                ]
                            }
                        },
                        "required": [
                            "Availability Set Name",
                            "Resource Group",
                            "Location",
                            "Type",
                            "Fault Domain Count",
                            "Update Domain Count",
                            "Associated VMs",
                            "Tags"
                        ]
                    }
                },
                "LoadBalancers": {
                    "type": "array",
                    "items": {
                        "type": "object",
                        "properties": {
                            "Name": {
                                "type": [
                                    "string",
                                    "null"
                                ]
                            },
                            "Resource Group": {
                                "type": [
                                    "string",
                                    "null"
                                ]
                            },
                            "Frontend Config": {
                                "type": [
                                    "string",
                                    "null"
                                ]
                            },
                            "Public IP Address": {
                                "type": [
                                    "string",
                                    "null"
                                ]
                            },
                            "Backend Pool Name": {},
                            "Backend Pool VM Nic's": {},
                            "Health Probes": {},
                            "Health Probes Port": {},
                            "Health Probes Protocol": {},
                            "LB Rules": {},
                            "LB Rules Frontend Ports": {},
                            "LB Rules Backend Ports": {},
                            "LB Rules Protocole": {},
                            "Nat Rules": {},
                            "Nat Rules Frontend Ports": {
                                "type": [
                                    "string",
                                    "null"
                                ]
                            },
                            "Nat Rules Backend Ports": {
                                "type": [
                                    "string",
                                    "null"
                                ]
                            },
                            "Nat Rules Protocole": {
                                "type": [
                                    "string",
                                    "null"
                                ]
                            },
                            "Location": {
                                "type": [
                                    "string",
                                    "null"
                                ]
                            },
                            "Tags": {}
                        },
                        "required": [
                            "Name",
                            "Resource Group",
                            "Frontend Config",
                            "Public IP Address",
                            "Backend Pool Name",
                            "Backend Pool VM Nic's",
                            "Health Probes",
                            "Health Probes Port",
                            "Health Probes Protocol",
                            "LB Rules",
                            "LB Rules Frontend Ports",
                            "LB Rules Backend Ports",
                            "LB Rules Protocole",
                            "Nat Rules",
                            "Nat Rules Frontend Ports",
                            "Nat Rules Backend Ports",
                            "Nat Rules Protocole",
                            "Location",
                            "Tags"
                        ]
                    }
                },
                "PublicIPs": {
                    "type": "array",
                    "items": {
                        "type": "object",
                        "properties": {
                            "Name": {
                                "type": [
                                    "string",
                                    "null"
                                ]
                            },
                            "Resource Group": {
                                "type": [
                                    "string",
                                    "null"
                                ]
                            },
                            "Public IP Address": {
                                "type": [
                                    "string",
                                    "null"
                                ]
                            },
                            "DNS Address": {
                                "type": [
                                    "string",
                                    "null"
                                ]
                            },
                            "Allocation Method": {
                                "type": [
                                    "string",
                                    "null"
                                ]
                            },
                            "NIC Owner": {
                                "type": [
                                    "string",
                                    "null"
                                ]
                            },
                            "Location": {
                                "type": [
                                    "string",
                                    "null"
                                ]
                            },
                            "Tags": {}
                        },
                        "required": [
                            "Name",
                            "Resource Group",
                            "Public IP Address",
                            "DNS Address",
                            "Allocation Method",
                            "NIC Owner",
                            "Location",
                            "Tags"
                        ]
                    }
                }
            }
        }
    }
}